league,season,player_name,team,team_id,minutes,games,goals,xg,npg,npxg,assists,xa,xg_chain,xg_buildup
F1,2425,Mason Greenwood,Marseille,,2851,34,22,19.282766986638308,15,12.4419105052948,5,6.826588124036789,26.145459055900574,10.892803529277444
F1,2425,Ousmane Dembélé,Paris Saint Germain,,1747,29,21,18.535317128524184,20,17.77522194944322,7,8.801493115723133,32.06679894030094,9.613210080191493
F1,2425,Arnaud Kalimuendo Muinga,Rennes,,2630,33,17,17.98014777339995,12,11.899386631324887,3,2.8822443578392267,17.82872635126114,4.438042722642422
F1,2425,Jonathan Christian David,Lille,,2535,32,16,19.4547688215971,10,14.134102882817388,5,4.703816022723913,22.463136840611696,6.009819163009524
F1,2425,Alexandre Lacazette,Lyon,,2092,30,15,18.005544029176235,10,13.444973222911358,2,3.7847248455509543,20.648087617009878,5.844014432281256
F1,2425,Bradley Barcola,Paris Saint Germain,,2223,34,14,15.342696774750948,14,15.342696774750948,10,9.934232400730252,34.758061334490776,14.240355039946735
F1,2425,Emanuel Emegha,Strasbourg,,2331,27,14,17.624735414981842,14,17.624735414981842,3,1.9993709102272987,21.057025346904993,3.164751287549734
F1,2425,Amine Gouiri,"Marseille,Rennes",,2122,33,13,10.690865226089954,13,10.690865226089954,5,4.560859004035592,17.551965171471238,3.9587272256612778
F1,2425,Ludovic Ajorque,Brest,,2533,31,13,12.592709366232157,13,11.832614213228226,2,3.065709619782865,12.956114443950355,3.216817481443286
F1,2425,Mika Biereth,Monaco,,1255,16,13,12.205246433615685,12,10.685056135058403,2,4.793574631214142,17.8470024690032,3.38298643194139
F1,2425,Evann Guessand,Nice,,2609,33,12,9.78530315682292,12,9.78530315682292,8,6.217509228736162,19.578173577785492,5.419926440343261
F1,2425,Lucas Stassin,Saint-Etienne,,1916,28,12,8.409047394990921,12,8.409047394990921,4,3.849006508477032,12.509913020767272,3.6659772768616676
F1,2425,Gaetan Laborde,Nice,,1845,28,11,12.51884263381362,7,9.478462118655443,4,5.10445948690176,14.99045941233635,4.06263080611825
F1,2425,Georges Mikautadze,Lyon,,1397,34,11,11.461006090044975,8,8.420625507831573,6,5.320525930263102,16.573118494823575,4.818621167913079
F1,2425,Keito Nakamura,Reims,,2702,32,11,9.232945438474417,11,9.232945438474417,2,3.226258029229939,16.374792762100697,5.082613691687584
F1,2425,Gaetan Perrin,Auxerre,,2750,34,10,6.17701430618763,10,6.17701430618763,11,8.516953714191914,14.082521572709084,5.70773258805275
F1,2425,Abdoulaye Touré,Le Havre,,2347,28,10,9.38324426021427,2,2.5423879669979215,1,0.5837586019188166,7.795632460154593,6.679130156524479
F1,2425,Hamed Junior Traore,Auxerre,,2154,26,10,7.649552743881941,10,7.649552743881941,2,2.9120337422937155,13.96112221851945,4.6782301757484674
F1,2425,Gonçalo Ramos,Paris Saint Germain,,1047,22,10,16.26604363322258,8,13.985758140683174,3,3.341807436197996,18.393224000930786,3.9893672205507755
F1,2425,Andrey Santos,Strasbourg,,2861,32,10,6.474336503073573,10,6.474336503073573,3,3.321616545319557,16.746761897578835,11.464045824483037
F1,2425,Adrien Rabiot,Marseille,,2476,29,9,7.286307154223323,9,7.286307154223323,5,3.954880988225341,19.92361005023122,10.759618811309338
F1,2425,Zuriko Davitashvili,Saint-Etienne,,2815,33,9,8.030895091593266,7,6.510704822838306,8,5.66711307130754,12.587375964969397,3.5722605669870973
F1,2425,Matthis Abline,Nantes,,2823,34,9,9.465332236140966,8,8.705237116664648,2,4.202982425689697,15.989959574304521,4.608626442961395
F1,2425,Esteban Lepaul,Angers,,1638,28,9,7.325011699460447,9,7.325011699460447,0,1.1495548896491528,8.115739746019244,0.8236304074525833
F1,2425,Moses Simon,Nantes,,2661,32,8,6.904908551834524,4,3.86452807020396,10,8.729872837662697,15.342755746096373,5.271313047967851
F1,2425,Mathis Cherki,Lyon,,2050,30,8,5.321216896176338,8,5.321216896176338,11,11.826800273731351,20.805470407009125,10.926877833902836
F1,2425,Neil El Aynaoui,Lens,,1596,24,8,4.720273691229522,5,2.4399882974103093,1,2.0569294104352593,7.76118179038167,5.66588681191206
F1,2425,Corentin Tolisso,Lyon,,2343,32,7,5.665476999245584,7,5.665476999245584,4,4.006495236419141,24.05178974941373,16.688746716827154
F1,2425,Luis Henrique,Marseille,,2646,33,7,5.411938928067684,7,5.411938928067684,7,5.415997413918376,20.102429423481226,11.444075493142009
F1,2425,Zakaria Aboukhlal,Toulouse,,1935,26,7,11.9655422270298,6,10.445351928472519,2,1.6949092485010624,12.835005357861519,2.04263012483716
F1,2425,Joshua King,Toulouse,,1685,28,6,7.754562114365399,6,7.754562114365399,3,1.7325707683339715,9.276868721470237,1.9913337361067533
F1,2425,Ludovic Blas,Rennes,,2332,29,6,5.580307476222515,6,5.580307476222515,8,5.637214491143823,14.136033760383725,6.142310883849859
F1,2425,Romain Del Castillo,Brest,,1246,26,6,4.3107698280364275,3,1.2703893315047026,4,4.434545466676354,5.5885985866189,2.804948030039668
F1,2425,Breel Embolo,Monaco,,1853,29,6,12.377913488075137,6,12.377913488075137,4,5.882575495168567,21.313080810010433,5.423037210479379
F1,2425,Denis Zakaria,Monaco,,2156,26,6,4.443915609270334,4,2.9237253703176975,4,1.5885952413082123,16.903711192309856,14.341544050723314
F1,2425,Sofiane Diop,Nice,,1018,28,6,5.546077464707196,6,5.546077464707196,4,3.113060377538204,12.031490011140704,5.0469088442623615
F1,2425,Lee Kang-In,Paris Saint Germain,,1670,30,6,4.310670820996165,6,4.310670820996165,6,6.810500537976623,19.64458440616727,12.531404040753841
F1,2425,Takumi Minamino,Monaco,,2269,31,6,9.756513360887766,6,9.756513360887766,3,6.754444919526577,22.925799012184143,7.210842279717326
F1,2425,Dilane Bakwa,Strasbourg,,2544,30,6,4.851562971249223,6,4.851562971249223,8,7.727343019098043,16.848572304472327,8.867653537541628
F1,2425,M&#039;Bala Nzola,Lens,,1470,21,6,9.921724498271942,6,9.921724498271942,1,1.2153856558725238,11.829063314944506,1.8323428463190794
F1,2425,Désiré Doué,Paris Saint Germain,,1725,31,6,6.107718924060464,6,6.107718924060464,6,9.995779056102037,23.308736577630043,10.87196858227253
F1,2425,Ben Seghir,Monaco,,1759,33,6,6.456658259965479,4,4.9364679688587785,3,4.817799216136336,16.728613977320492,8.442925727926195
F1,2425,Jubal,Auxerre,,2647,30,6,5.397075108252466,3,2.356694615446031,0,0.9246590109542012,4.817107713781297,4.7347114980220795
F1,2425,Himad Abdelli,Angers,,2866,32,6,6.729426014237106,3,3.689045458100736,1,3.905929923057556,10.431471198797226,5.458412878215313
F1,2425,Abdallah Sima,Brest,,1229,27,6,7.695733284577727,6,7.695733284577727,2,1.6998696038499475,8.282265949063003,1.3187157418578863
F1,2425,Sebastian Nanasi,Strasbourg,,2166,31,6,6.08905141800642,6,6.08905141800642,4,6.048237957060337,16.798728935420513,9.526111859828234
F1,2425,Vincent Sierro,Toulouse,,2433,29,5,4.2572588147595525,3,2.7370685283094645,1,4.276940012350678,10.605566969141364,7.885466464795172
F1,2425,Irvin Cardona,Saint-Etienne,,1102,15,5,5.026312346570194,5,4.266217227093875,3,2.1268459521234035,7.547399457544088,1.9437703993171453
F1,2425,Mahdi Camara,Brest,,2691,34,5,4.843414501287043,5,4.843414501287043,3,2.750586649402976,9.767708462662995,5.494086302816868
F1,2425,Yann Gboho,Toulouse,,2363,31,5,5.3993131052702665,5,5.3993131052702665,4,4.4776387847959995,15.485309845767915,7.489163148216903
F1,2425,Vitinha,Paris Saint Germain,,2020,29,5,3.7106160493567586,3,2.190425810404122,1,2.7980539528653026,28.018506303429604,26.460083283483982
F1,2425,Maghnes Akliouche,Monaco,,2419,32,5,8.28227810189128,4,7.522182982414961,10,8.49950610846281,25.271970311179757,11.500962702557445
F1,2425,Frank Magri,Toulouse,,1512,31,5,6.165865981951356,5,6.165865981951356,1,1.720636025071144,9.539364542812109,2.6790799871087074
F1,2425,Lassine Sinayoko,Auxerre,,2305,34,5,7.12538929656148,4,6.365294177085161,8,5.429220663383603,14.517525039613247,5.7702576871961355
F1,2425,Mostafa Mohamed,Nantes,,1216,30,5,6.601109892129898,5,6.601109892129898,0,0.4573865532875061,7.209609759971499,1.3760491469874978
F1,2425,Hákon Haraldsson,Lille,,1791,25,5,4.371255045756698,5,4.371255045756698,3,3.7843236569315195,11.861708404496312,5.51986491959542
F1,2425,Issa Soumaré,Le Havre,,1908,29,5,4.202352497726679,5,4.202352497726679,4,2.711702112108469,6.44101844727993,1.3212981130927801
F1,2425,Malick Fofana,Lyon,,1574,29,5,4.388201240450144,5,4.388201240450144,4,2.955590769648552,11.517354555428028,5.349942370317876
F1,2425,Ali Abdi,Nice,,1410,25,5,4.895776592195034,5,4.895776592195034,2,2.366318485699594,10.524317480623722,4.1067142598330975
F1,2425,André Ayew,Le Havre,,1452,27,4,4.768508719280362,4,4.768508719280362,1,0.18401378765702248,5.055441688746214,1.2997811660170555
F1,2425,Fabián,Paris Saint Germain,,1911,30,4,4.621170435100794,4,4.621170435100794,5,4.917103078216314,27.309957422316074,20.667619924992323
F1,2425,Thilo Kehrer,Monaco,,2386,27,4,1.2951666712760925,4,1.2951666712760925,0,0.19844231754541397,14.72375838458538,14.556545751169324
F1,2425,Neal Maupay,Marseille,,1054,22,4,4.690030436962843,4,4.690030436962843,4,2.285853123292327,7.628276482224464,1.5746088549494743
F1,2425,Achraf Hakimi,Paris Saint Germain,,2078,25,4,4.160572702996433,4,4.160572702996433,6,7.463568218052387,26.46471108496189,20.622446397319436
F1,2425,Arnaud Nordin,Montpellier,,1187,16,4,4.346443243324757,3,2.826252944767475,1,1.2036361088976264,4.445713925175369,1.0466626100242138
F1,2425,Bafode Diakite,Lille,,2770,31,4,2.7722266539931297,4,2.7722266539931297,1,0.12409396469593048,12.609161705709994,12.580653757788241
F1,2425,Khvicha Kvaratskhelia,Paris Saint Germain,,926,14,4,3.9686633944511414,4,3.9686633944511414,3,4.7618644423782825,13.687047217041254,7.0778207667171955
F1,2425,Marshall Munetsi,Reims,,1697,19,4,5.793545410037041,4,5.793545410037041,2,1.5820682309567928,8.30055246502161,1.9687500894069672
F1,2425,Przemyslaw Frankowski,Lens,,1399,18,4,2.4587892051786184,2,0.9385989662259817,2,3.12122618034482,6.842583583667874,4.291286118328571
F1,2425,Folarin Balogun,Monaco,,622,13,4,5.158384792506695,4,5.158384792506695,0,1.1299745421856642,6.409590244293213,1.4577118530869484
F1,2425,Habib Diarra,Strasbourg,,2366,30,4,3.5871366877108812,2,2.0669464487582445,5,5.707039427012205,12.043475123122334,6.721917923539877
F1,2425,Felix Lemarechal,Strasbourg,,1803,27,4,4.074193011969328,4,4.074193011969328,3,2.756311032921076,13.147777907550335,7.2502566277980804
F1,2425,Edon Zhegrova,Lille,,1007,12,4,2.136358229443431,4,2.136358229443431,1,2.4372936272993684,8.535940773785114,4.275948166847229
F1,2425,Ado Onaiwu,Auxerre,,894,31,4,4.120357080362737,4,4.120357080362737,1,1.239742711186409,6.513121107593179,2.6442289650440216
F1,2425,Junya Ito,Reims,,2721,33,4,6.0532150492072105,4,6.0532150492072105,3,8.402560830116272,15.611406788229942,4.903444267809391
F1,2425,Oumar Diakité,Reims,,1696,26,4,6.127487167716026,4,5.367392040789127,1,1.737616403028369,10.243458840996027,4.357268048450351
F1,2425,Douglas Augusto,Nantes,,2336,28,4,4.262156402692199,4,4.262156402692199,2,1.7073585921898484,10.406336123123765,6.2770048305392265
F1,2425,Josué Casimir,Le Havre,,2024,27,4,3.7103644404560328,4,3.7103644404560328,4,3.4613285548985004,9.783084187656641,3.814726060256362
F1,2425,Shavy Babicka,Toulouse,,1147,30,4,3.4805359933525324,4,3.4805359933525324,2,2.3861435540020466,7.4058120884001255,2.0557235796004534
F1,2425,Matias Fernandez-Pardo,Lille,,1060,22,4,3.14273495413363,4,3.14273495413363,2,2.6074153184890747,8.360099844634533,3.0169248208403587
F1,2425,Goduine Koyalipou,Lens,,909,15,4,6.52647197060287,4,6.52647197060287,0,0.9416590295732021,7.506039686501026,0.9795812405645847
F1,2425,Chuba Akpom,Lille,,633,14,3,4.438022810965776,2,2.9178325720131397,1,0.8961769826710224,4.833104282617569,1.1764868646860123
F1,2425,Aleksandr Golovin,Monaco,,1158,19,3,2.203651662915945,3,2.203651662915945,0,2.4195409286767244,8.623710298910737,4.631655044853687
F1,2425,Adrien Thomasson,Lens,,2640,33,3,6.380997622385621,3,6.380997622385621,7,6.008343517780304,20.11201234906912,11.505189450457692
F1,2425,Valentin Rongier,Marseille,,1565,25,3,0.9653551829978824,3,0.9653551829978824,1,1.6787051931023598,12.050548866391182,9.992974391207099
F1,2425,Morgan Sanson,Nice,,241,6,3,1.5765414908528328,3,1.5765414908528328,0,0.03384215012192726,1.860817238688469,0.34747131913900375
F1,2425,Wesley Said,Lens,,910,24,3,2.9539465494453907,3,2.9539465494453907,0,0.9452822618186474,4.038416780531406,1.190990498289466
F1,2425,Kenny Lala,Brest,,2686,30,3,2.9341260250657797,0,0.6538406144827604,2,3.9025520822033286,6.880217383615673,4.071437026374042
F1,2425,Ibrahima Niane,Angers,,907,24,3,7.7335671335458755,2,6.973472014069557,1,1.095839424058795,8.963155139237642,2.083538823761046
F1,2425,Romain Faivre,Brest,,901,20,3,2.7113099172711372,2,1.9512147977948189,2,2.217785481363535,5.5982051165774465,2.80601451639086
F1,2425,Mitchel Bakker,Lille,,1144,24,3,3.167341787368059,3,3.167341787368059,2,2.6740984795615077,8.2346952855587,4.637073568999767
F1,2425,Mohamed Ali-Cho,Nice,,1667,27,3,4.292237624526024,3,4.292237624526024,4,4.445762487128377,12.545402778312564,4.757628224790096
F1,2425,Jonathan Clauss,Nice,,2337,28,3,2.750055531039834,3,2.750055531039834,8,8.35056571289897,14.613921992480755,10.207197416573763
F1,2425,Sinaly Diomande,Auxerre,,1945,23,3,1.3533278461545706,3,1.3533278461545706,2,0.39682730473577976,3.921265795826912,3.761818313971162
F1,2425,Tanguy Coulibaly,Montpellier,,1502,25,3,4.956881604157388,3,4.956881604157388,0,1.4983827639371157,6.335359319113195,1.3342339172959328
F1,2425,Lorenz Assignon,Rennes,,2378,32,3,2.9051220044493675,3,2.9051220044493675,4,3.9293824322521687,11.943673314526677,7.465679798275232
F1,2425,Sepe Elye Wahi,Marseille,,585,13,3,5.409041985869408,2,4.648946866393089,1,0.4004607703536749,6.25740360096097,1.535645354539156
F1,2425,Charlie Cresswell,Toulouse,,2601,31,3,4.136854922398925,3,4.136854922398925,1,1.314726579003036,8.029886454343796,7.764670715667307
F1,2425,Ahmadou Bamba Dieng,Angers,,495,18,3,2.8145199362188578,2,2.0544248167425394,0,0.0264367014169693,1.9612412322312593,0.4006627630442381
F1,2425,Pablo Rosario,Nice,,1775,29,3,4.398393981158733,2,3.638298861682415,1,0.5776765737682581,7.9162760358303785,5.931460211053491
F1,2425,Kamory Doumbia,Brest,,1317,30,3,3.7505653630942106,3,3.7505653630942106,2,2.2519246162846684,6.980424685403705,2.206164136528969
F1,2425,Jonathan Rowe,Marseille,,745,28,3,4.040985098108649,3,4.040985098108649,3,4.249518811702728,9.702231803908944,3.405180824920535
F1,2425,Nicolás Tagliafico,Lyon,,1918,24,3,2.963885312899947,3,2.963885312899947,1,0.6734582297503948,8.982477774843574,7.761780431494117
F1,2425,Badredine Bouanani,Nice,,1083,26,3,2.8304600082337856,2,2.0703648291528225,3,2.791287649422884,7.888569585978985,4.111181752756238
F1,2425,Youssouf Ndayishimiye,Nice,,1937,23,3,1.6072323191910982,3,1.6072323191910982,0,0.16669385880231857,9.904364317655563,9.751041492447257
F1,2425,Mousa Al Tamari,"Montpellier,Rennes",,1696,26,3,5.287073201499879,3,5.287073201499879,1,3.966085731983185,11.848987626843154,3.8243143148720264
F1,2425,Akor Adams,Montpellier,,1079,15,3,5.0283699333667755,3,5.0283699333667755,1,0.778080235235393,5.89375014603138,0.8495047716423869
F1,2425,Arouna Sangante,Le Havre,,1268,16,3,0.975503034889698,3,0.975503034889698,0,0.06276840344071388,2.4631762746721506,2.439951444044709
F1,2425,Aron Dønnum,Toulouse,,2714,32,3,2.5579674001783133,3,2.5579674001783133,2,4.964441500604153,12.924586217850447,9.184961272403598
F1,2425,Ernest Nuamah,Lyon,,1038,23,3,2.1159475408494473,3,2.1159475408494473,1,1.9597924686968327,8.678813071921468,6.032109923660755
F1,2425,João Neves,Paris Saint Germain,,1875,29,3,3.8538658414036036,3,3.8538658414036036,8,5.1189155131578445,22.41386966779828,16.048299852758646
F1,2425,Osame Sahraoui,Lille,,1251,30,3,2.7958415150642395,3,2.7958415150642395,3,3.471310729160905,10.217228714376688,5.46987983211875
F1,2425,George Ilenikhena,Monaco,,672,23,3,4.81297224201262,3,4.81297224201262,2,1.3560339473187923,6.015256393700838,0.45570486783981323
F1,2425,Ibrahim Sissoko,Saint-Etienne,,808,20,3,4.034132689237595,2,3.274037554860115,1,0.8489692844450474,4.863001003861427,1.6858460363000631
F1,2425,Augustine Boakye,Saint-Etienne,,741,17,3,2.264409612864256,3,2.264409612864256,0,1.1281934641301632,3.782478144392371,1.0123123545199633
F1,2425,Andrés Gómez,Rennes,,318,17,3,1.5068846549838781,3,1.5068846549838781,0,0.19309774041175842,2.411046765744686,0.781275874003768
F1,2425,Koka,Le Havre,,863,16,3,4.940051291137934,2,4.179956119507551,1,0.9838768728077412,4.267227206379175,1.1048902533948421
F1,2425,Pierre-Emile Højbjerg,Marseille,,2670,30,2,3.1078693233430386,2,3.1078693233430386,4,3.488658906891942,22.778791517019272,20.14543617516756
F1,2425,Ulisses García,Marseille,,918,20,2,1.1953979153186083,2,1.1953979153186083,2,1.2202106416225433,6.103504400700331,3.916262574493885
F1,2425,Jordan Veretout,Lyon,,1581,27,2,2.7985544838011265,2,2.7985544838011265,0,1.353621557354927,9.783903039991856,7.303794119507074
F1,2425,Marco Asensio,Paris Saint Germain,,634,12,2,6.554200384765863,2,6.554200384765863,4,3.00973679497838,13.550443682819605,4.816763836890459
F1,2425,Sergio Akieme,Reims,,2548,30,2,1.1946085672825575,2,1.1946085672825575,3,2.8037130404263735,7.406773233786225,4.78354007191956
F1,2425,Marquinhos,Paris Saint Germain,,1718,22,2,1.4838171489536762,2,1.4838171489536762,0,0.9586863908916712,14.349374160170555,13.869366928935051
F1,2425,Gautier Lloris,Le Havre,,2771,31,2,1.6825310997664928,2,1.6825310997664928,1,0.9088068166747689,5.0875729862600565,5.0553868263959885
F1,2425,Jean Eudes Aholou,Angers,,2024,26,2,2.1293888445943594,2,2.1293888445943594,0,0.9289217963814735,4.615285698324442,3.1129951030015945
F1,2425,Pierre Lees-Melou,Brest,,1516,20,2,1.3349120300263166,2,1.3349120300263166,2,2.2275387002155185,7.036306224763393,5.228005010634661
F1,2425,Thomas Meunier,Lille,,1897,30,2,2.5050358651205897,2,2.5050358651205897,0,0.6476623211055994,9.612586544826627,7.646223718300462
F1,2425,Amine Harit,Marseille,,529,13,2,1.009933341294527,2,1.009933341294527,4,2.8608168959617615,4.73229656368494,1.7264100834727287
F1,2425,Randal Kolo Muani,Paris Saint Germain,,338,10,2,4.3605151660740376,1,3.6004199869930744,1,1.03192538022995,5.772653795778751,1.4992613270878792
F1,2425,Téji Savanier,Montpellier,,2382,31,2,4.179523415863514,0,2.6593331219628453,5,8.051546461880207,9.311374999582767,4.115337830036879
F1,2425,Farid El Melali,Angers,,1935,32,2,3.5028546089306474,2,3.5028546089306474,3,3.686480900272727,8.904582250863314,4.511517435312271
F1,2425,Pereira Lage,Brest,,1576,29,2,3.184171587228775,2,3.184171587228775,7,4.771148173138499,8.298807248473167,3.5714245811104774
F1,2425,Mama Baldé,"Brest,Lyon",,1177,29,2,3.3917689491063356,2,3.3917689491063356,3,2.3615922890603542,6.579505069181323,1.2198738688603044
F1,2425,Zinedine Ferhat,Angers,,799,24,2,0.7289273981004953,2,0.7289273981004953,0,3.0978698804974556,3.4839240349829197,0.5386501476168633
F1,2425,Florian Aye,Auxerre,,547,26,2,2.193225121125579,2,2.193225121125579,0,0.08002048823982477,2.875464507378638,0.8115452844649553
F1,2425,Hichem Boudaoui,Nice,,2450,29,2,3.869574027135968,2,3.869574027135968,3,2.752190748229623,15.767488967627287,10.564869833178818
F1,2425,Modibo Sagnan,Montpellier,,2155,27,2,0.5571697456762195,2,0.5571697456762195,0,1.43458819296211,3.093769507482648,2.2998172249644995
F1,2425,Melvin Bard,Nice,,1953,24,2,2.5517928758636117,2,2.5517928758636117,1,2.4570867978036404,12.506262205541134,8.377566136419773
F1,2425,Adrien Truffert,Rennes,,2764,33,2,1.991267278790474,2,1.991267278790474,2,3.4053147826343775,12.53561694547534,8.545055355876684
F1,2425,Youssoufa Moukoko,Nice,,194,11,2,1.954333445057273,2,1.954333445057273,1,0.5433806255459785,3.0557323321700096,0.6447144765406847
F1,2425,Florian Tardieu,Saint-Etienne,,1245,24,2,0.8061909656971693,2,0.8061909656971693,4,1.1583695001900196,6.92399025708437,5.788582857698202
F1,2425,Mohamed Bayo,Lille,,334,12,2,1.999580267816782,2,1.999580267816782,1,0.6271795630455017,3.087683528661728,0.4609237089753151
F1,2425,Gabriel Gudmundsson,Lille,,1796,30,2,1.0835263142362237,2,1.0835263142362237,0,2.2078034691512585,8.720418067649007,5.858234241604805
F1,2425,Nuno Mendes,Paris Saint Germain,,1681,24,2,1.7505824957042933,2,1.7505824957042933,3,6.532824855297804,21.817054469138384,17.035902190953493
F1,2425,Johann Lepenant,Nantes,,2064,29,2,1.9494086122140288,2,1.9494086122140288,1,1.3845457695424557,6.8065758012235165,3.7388557083904743
F1,2425,Remy Labeau Lascary,Lens,,626,14,2,3.0061515402048826,2,3.0061515402048826,1,1.1527073979377747,4.764800416305661,0.8229968063533306
F1,2425,Mamadou Diakhon,Reims,,782,28,2,1.4058566391468048,2,1.4058566391468048,1,0.870643574744463,3.4722296241670847,1.5195153458043933
F1,2425,Samuel Amo-Ameyaw,Strasbourg,,306,9,2,1.016411256045103,2,1.016411256045103,0,0.3969626873731613,2.539946537464857,1.126572597771883
F1,2425,Anass Zaroury,Lens,,1411,28,2,1.8902752604335546,2,1.8902752604335546,2,3.554999358020723,8.196472126990557,4.761631801724434
F1,2425,Yassine Kechta,Le Havre,,2163,31,2,2.274918595328927,2,2.274918595328927,0,1.1719021573662758,8.392575566656888,5.958666974678636
F1,2425,Lamine Camara,Monaco,,2104,29,2,2.2444400172680616,2,2.2444400172680616,7,4.86440384760499,12.08375416137278,8.655269239097834
F1,2425,Diego Moreira,Strasbourg,,2586,32,2,2.415392654016614,2,2.415392654016614,7,7.743981936946511,16.037069555372,8.564426464959979
F1,2425,Mahamadou Nagida,Rennes,,413,13,2,1.9573543146252632,2,1.9573543146252632,0,0.22918427735567093,3.0680843889713287,0.9836465753614902
F1,2425,Noah Edjouma,Toulouse,,133,10,2,1.8039352148771286,2,1.8039352148771286,0,0.04008902236819267,1.7529216669499874,0.4100388400256634
F1,2425,Senny Mayulu,Paris Saint Germain,,787,20,2,3.166915876790881,2,3.166915876790881,2,2.5530254524201155,11.970732416957617,7.211665321141481
F1,2425,Gift Orban,Lyon,,180,3,2,1.460423082113266,2,1.460423082113266,0,0.023500602692365646,1.9595175981521606,0.5854786038398743
F1,2425,Theo Bair,Auxerre,,912,29,2,3.1768346736207604,2,3.1768346736207604,1,1.072944289073348,4.001608844846487,0.5136823775246739
F1,2425,Bahereba Guirassy,Nantes,,303,19,2,0.8016492705792189,2,0.8016492705792189,0,0.06894177384674549,1.0242509078234434,0.3083529584109783
F1,2425,Louis Leroux,Nantes,,802,16,2,1.9075275473296642,2,1.9075275473296642,1,1.3230022946372628,5.996318428777158,3.4117516949772835
F1,2425,Albert Grønbæk,Rennes,,816,16,2,2.0532097667455673,2,2.0532097667455673,1,0.9602012299001217,3.6885263100266457,1.1899636648595333
F1,2425,Ismaël Koné,"Marseille,Rennes",,803,21,2,0.4398796819150448,2,0.4398796819150448,1,1.8331198319792747,5.638191221281886,3.934271886944771
F1,2425,Mohamed Meïté,Rennes,,525,12,2,2.7108773663640022,2,2.7108773663640022,0,0.4174068830907345,3.1747679263353348,0.7875825464725494
F1,2425,Francis Coquelin,Nantes,,227,6,1,1.0525463744997978,1,1.0525463744997978,1,0.8749106666073203,2.456264089792967,0.6605504099279642
F1,2425,Wahbi Khazri,Montpellier,,1084,30,1,1.660724493674934,1,1.660724493674934,1,2.020382081158459,5.352683451026678,2.310867856256664
F1,2425,Nabil Bentaleb,Lille,,306,10,1,0.7089393362402916,1,0.7089393362402916,0,0.012204637750983238,0.7046999428421259,0.6658585257828236
F1,2425,Seko Fofana,Rennes,,845,16,1,2.3158197924494743,1,2.3158197924494743,1,1.0728321075439453,6.450916960835457,4.461110092699528
F1,2425,Pol Lirola,Marseille,,670,19,1,0.8374907542020082,1,0.8374907542020082,2,0.7345619294792414,4.918239023536444,3.939922284334898
F1,2425,Ainsley Maitland-Niles,Lyon,,1943,32,1,2.4820930119603872,1,2.4820930119603872,4,4.4778512585908175,14.177222918719053,8.579877279698849
F1,2425,Daler Kuzyaev,Le Havre,,553,12,1,0.22785117849707603,1,0.22785117849707603,0,0.3984394297003746,1.0864557195454836,0.598971975967288
F1,2425,Jonas Martin,Brest,,480,17,1,0.8571979701519012,1,0.8571979701519012,0,0.37288299575448036,1.4928190223872662,0.9142091553658247
F1,2425,Florian Sotoca,Lens,,1805,31,1,4.691040273755789,1,4.691040273755789,1,1.3942081313580275,11.264188419096172,6.532251167111099
F1,2425,Issiaga Sylla,Montpellier,,1165,19,1,1.791319727897644,1,1.791319727897644,0,0.5011922158300877,2.9964171331375837,1.7821234781295061
F1,2425,Rémy Cabella,Lille,,1006,23,1,3.4190036728978157,1,3.4190036728978157,2,2.4597458988428116,8.211300000548363,4.773183576762676
F1,2425,Jeremie Boga,Nice,,1059,21,1,3.5320779252797365,1,3.5320779252797365,1,2.303302962332964,7.304548567160964,2.7435285076498985
F1,2425,Said Benrahma,Lyon,,757,13,1,2.0665961261838675,1,2.0665961261838675,3,2.290657388046384,5.183834571391344,2.086453676223755
F1,2425,Jordan Siebatcheu,Reims,,403,7,1,1.0648598745465279,1,1.0648598745465279,0,0.20436156541109085,0.8399857599288225,0.11813988722860813
F1,2425,Kelvin Adou,Nantes,,2159,30,1,0.6282411310821772,1,0.6282411310821772,0,0.8918903972953558,5.043278072029352,3.7471103742718697
F1,2425,Mathieu Cafaro,Saint-Etienne,,729,15,1,2.2977329678833485,1,2.2977329678833485,0,1.2675816640257835,5.122394302859902,2.056864432990551
F1,2425,Benjamin Bourigeaud,Rennes,,85,1,1,0.18843674659729004,1,0.18843674659729004,0,0.0,0.38748717308044434,0.34531038999557495
F1,2425,Angel Gomes,Lille,,750,14,1,1.7255177665501833,1,0.9654226321727037,1,1.7085226699709892,6.562127886340022,4.505643667653203
F1,2425,Hugo Magnetti,Brest,,2352,32,1,0.8659364832565188,1,0.8659364832565188,0,0.5326036140322685,7.780316152609885,6.655176809057593
F1,2425,Mickael Nade,Saint-Etienne,,2306,26,1,0.9256893433630466,1,0.9256893433630466,2,0.9868236556649208,5.96421711333096,5.874025585129857
F1,2425,Tanguy NDombele Alvaro,Nice,,1153,18,1,2.262565119192004,1,2.262565119192004,2,2.2090650498867035,8.218117773532867,4.595833238214254
F1,2425,Ruben Aguilar,Lens,,1143,16,1,1.641246322542429,1,1.641246322542429,2,2.3584927320480347,6.623840983957052,4.363031256943941
F1,2425,Nicolas Cozza,Nantes,,2045,27,1,1.7512174881994724,1,1.7512174881994724,0,0.810757813975215,5.886363852769136,3.7000493817031384
F1,2425,Angelo Fulgini,Lens,,1034,23,1,2.386262509971857,1,2.386262509971857,1,2.656230289489031,8.558728955686092,4.523270800709724
F1,2425,Elisha Owusu,Auxerre,,2384,28,1,0.45610593259334564,1,0.45610593259334564,3,0.9210456134751439,5.172322070226073,3.9322417844086885
F1,2425,Mohammed Salisu,Monaco,,1016,15,1,1.11205929890275,1,1.11205929890275,0,0.08099240437150002,4.465874668210745,4.384882252663374
F1,2425,Duje Caleta-Car,Lyon,,1589,19,1,1.3592560952529311,1,1.3592560952529311,0,0.17118769884109497,5.276258319616318,5.243632644414902
F1,2425,Wilfried Stephane Singo,Monaco,,2081,27,1,1.4934265222400427,1,1.4934265222400427,2,1.6436891136690974,7.051111828535795,5.828755911439657
F1,2425,Theo Sainte Luce,Montpellier,,1030,16,1,1.7788169458508492,1,1.7788169458508492,0,1.1755174966529012,3.814213840290904,1.8640987165272236
F1,2425,Brendan Chardonnet,Brest,,2422,27,1,1.3819349082186818,1,1.3819349082186818,0,1.3776168059557676,4.98070739582181,4.717374134808779
F1,2425,Joris Chotard,Montpellier,,1908,26,1,1.5116395968943834,1,1.5116395968943834,0,0.38351965323090553,6.168501976877451,4.466396525502205
F1,2425,Ki-Jana Hoever,Auxerre,,2170,30,1,0.6008255472406745,1,0.6008255472406745,2,2.9231875790283084,9.15106891747564,6.473006791435182
F1,2425,Lilian Brassier,"Marseille,Rennes",,2016,26,1,1.5283676870167255,1,1.5283676870167255,1,0.48958621360361576,8.983873721212149,8.693853724747896
F1,2425,Saidou Sow,"Nantes,Strasbourg",,1823,21,1,1.4113862235099077,1,1.4113862235099077,1,0.7702929861843586,5.119145207107067,5.101365050300956
F1,2425,Timothee Pembele,Le Havre,,1099,20,1,1.1886742673814297,1,1.1886742673814297,0,0.09720167145133018,3.378208953887224,2.296531153842807
F1,2425,Tinotenda Kadewere,Nantes,,514,12,1,1.838837556540966,1,1.838837556540966,2,1.0249904915690422,3.3045683801174164,0.44074030593037605
F1,2425,Sékou Mara,Strasbourg,,727,25,1,2.136869912967086,1,2.136869912967086,1,1.112138183787465,2.5807198677212,0.6569947190582752
F1,2425,Terem Igobor Moffi,Nice,,45,5,1,2.7728511318564415,1,2.7728511318564415,0,0.0,2.8187214359641075,0.04587017372250557
F1,2425,Jota,Rennes,,308,9,1,1.2280189469456673,1,1.2280189469456673,0,0.3610864132642746,1.672831304371357,0.1662587933242321
F1,2425,Quentin Merlin,Marseille,,1627,27,1,2.501936599612236,1,2.501936599612236,3,3.1564177684485912,11.251935010775924,6.407331058755517
F1,2425,Niakhate Ndiaye,Brest,,1703,22,1,0.6757700787857175,1,0.6757700787857175,0,0.013181757181882858,2.672741312533617,2.659559555351734
F1,2425,Andy Diouf,Lens,,2262,34,1,3.282163294032216,1,3.282163294032216,2,3.276158655062318,10.56933762691915,5.297075832262635
F1,2425,Deiver Machado,Lens,,1793,27,1,2.1914128474891186,1,2.1914128474891186,4,2.924070416018367,7.867527216672897,4.957184759899974
F1,2425,Jim Allevinah,Angers,,1814,28,1,4.051122585311532,1,4.051122585311532,3,3.102520967833698,8.188466813415289,1.6582793649286032
F1,2425,Bilal Nadir,Marseille,,370,15,1,0.47686512768268585,1,0.47686512768268585,0,0.4125685840845108,2.9346980527043343,2.5960681308060884
F1,2425,Tanner Tessmann,Lyon,,1218,25,1,1.1945595405995846,1,1.1945595405995846,0,0.7345803249627352,6.685452917590737,5.700867963954806
F1,2425,Azor Matusiwa,Rennes,,2079,29,1,1.3974318969994783,1,1.3974318969994783,3,2.478503677994013,10.55186140537262,6.802701540291309
F1,2425,Leo Østigard,Rennes,,1231,16,1,0.8909851722419262,1,0.8909851722419262,0,0.14183762669563293,2.0769863575696945,1.9541650116443634
F1,2425,Vanderson,Monaco,,2086,29,1,2.6086766524240375,1,2.6086766524240375,3,2.909545663744211,13.712618730030954,9.14323053508997
F1,2425,Pierre Ekwah,Saint-Etienne,,2592,29,1,0.7389063034206629,1,0.7389063034206629,0,1.1754910983145237,8.572140404954553,7.610767203383148
F1,2425,Ismaël Doukouré,Strasbourg,,2658,31,1,0.661684188991785,1,0.661684188991785,1,1.2588393911719322,12.319075230509043,11.352039460092783
F1,2425,Guemissongui Ouattara,Strasbourg,,442,17,1,0.5629908759146929,1,0.5629908759146929,1,0.40619282238185406,1.942835858091712,1.1236585192382336
F1,2425,Yassin Belkhdim,Angers,,1529,29,1,0.8150536147877574,1,0.8150536147877574,1,0.5170952901244164,3.8693475667387247,3.167851301841438
F1,2425,Junior Mwanga,"Le Havre,Strasbourg",,1249,19,1,1.369440147653222,1,1.369440147653222,2,1.6665557697415352,4.944672940298915,2.9164337776601315
F1,2425,Warren Zaïre-Emery,Paris Saint Germain,,2055,29,1,2.1581704784184694,1,2.1581704784184694,2,2.0573411509394646,21.90424995869398,18.82626821100712
F1,2425,Alexsandro Ribeiro,Lille,,2700,30,1,1.2038547564297915,1,1.2038547564297915,1,0.6979309292510152,11.815566362813115,11.478279726579785
F1,2425,Guela Doué,Strasbourg,,2713,32,1,0.9880996765568852,1,0.9880996765568852,2,0.9500086214393377,8.96327892690897,8.567401656880975
F1,2425,Rayan Raveloson,Auxerre,,705,13,1,0.9947644015774131,1,0.9947644015774131,0,0.11919451132416725,2.366488345898688,1.5417372323572636
F1,2425,Yaya Fofana,Reims,,646,12,1,0.8412158470600843,1,0.8412158470600843,1,1.7268041670322418,3.8586469497531652,1.8083036579191685
F1,2425,Warren Kamanzi,Toulouse,,1010,24,1,1.9212410375475883,1,1.9212410375475883,1,0.9968325672671199,7.381741670891643,4.69021961838007
F1,2425,Abner,Lyon,,1094,19,1,1.0062667084857821,1,1.0062667084857821,1,1.0946258716285229,6.134369784034789,4.851725470274687
F1,2425,Ibrahim Salah,Brest,,349,12,1,0.8132437504827976,1,0.8132437504827976,1,0.8511350452899933,1.3992713205516338,0.5368228144943714
F1,2425,Valentin Atangana Edoa,Reims,,2909,34,1,2.348549478687346,1,2.348549478687346,0,0.7703639874234796,9.190190229564905,6.536836812272668
F1,2425,Tom Louchet,Nice,,734,22,1,0.6091681867837906,1,0.6091681867837906,0,1.5478323921561241,5.570942502468824,4.350269891321659
F1,2425,Joseph Okumu,Reims,,1714,22,1,1.2057130355387926,1,1.2057130355387926,0,0.10322568379342556,5.605544378980994,5.54523628950119
F1,2425,Teddy Teuma,Reims,,753,17,1,1.699114816263318,0,0.9390196893364191,0,1.1837598104029894,2.6815876308828592,1.3654446564614773
F1,2425,Cristian Cásseres Jr.,Toulouse,,2739,32,1,0.9852043334394693,1,0.9852043334394693,3,3.1847235038876534,12.039634557440877,9.933802988380194
F1,2425,Lucas Mincarelli Davin,Montpellier,,716,10,1,0.6074541183188558,1,0.6074541183188558,0,0.7535943388938904,1.089781492948532,0.5777402818202972
F1,2425,Rassoul Ndiaye,Le Havre,,1027,27,1,1.5400639669969678,1,1.5400639669969678,0,0.7300636917352676,3.183530825190246,1.189217709004879
F1,2425,Abakar Sylla,Strasbourg,,944,21,1,0.6310701929032803,1,0.6310701929032803,0,0.05802363529801369,3.4050509985536337,3.4050509985536337
F1,2425,Amir Murillo,Marseille,,2425,30,1,1.7814708780497313,1,1.7814708780497313,3,3.6093756034970284,16.91443207859993,14.530564196407795
F1,2425,Gabriel Osho,Auxerre,,1667,20,1,0.9943069517612457,1,0.9943069517612457,0,0.10132279247045517,5.365631407126784,5.365631407126784
F1,2425,Othmane Maamma,Montpellier,,326,12,1,0.9714251672849059,1,0.9714251672849059,1,0.6859283857047558,1.5663241678848863,0.24218659475445747
F1,2425,Steve Ngoura,Le Havre,,265,8,1,1.470861777663231,1,1.470861777663231,0,0.44373299181461334,1.6963221728801727,0.04712667129933834
F1,2425,Jhoanner Chávez,Lens,,606,10,1,0.47491808235645294,1,0.47491808235645294,0,0.8435395769774914,2.2560995295643806,1.1333056390285492
F1,2425,Beraldo,Paris Saint Germain,,2014,25,1,1.0557555174455047,1,1.0557555174455047,0,0.5836429838091135,18.617858428508043,18.117379531264305
F1,2425,Rabby Nzingoula,Montpellier,,1712,27,1,1.5669959178194404,1,1.5669959178194404,1,1.0147319920361042,4.4832784635946155,2.8973995316773653
F1,2425,Djaoui Cissé,Rennes,,1146,14,1,0.36338745430111885,1,0.36338745430111885,0,0.37574213184416294,7.660221703350544,7.1488517336547375
F1,2425,Ibrahim Mbaye,Paris Saint Germain,,331,9,1,2.5983832478523254,1,2.5983832478523254,1,0.8271698653697968,4.739302329719067,1.3536161556839943
F1,2425,Dylan Batubinsika,Saint-Etienne,,2006,25,1,0.6802393477410078,1,0.6802393477410078,0,0.2829701006412506,4.040669661015272,3.841375146061182
F1,2425,Lasso Coulibaly,Auxerre,,38,3,1,0.2818722389638424,1,0.2818722389638424,0,0.0666709840297699,0.36582858487963676,0.08395633846521378
F1,2425,Pape Diong,Strasbourg,,71,9,1,1.1499771475791931,1,1.1499771475791931,0,0.11470265686511993,0.153251551091671,0.08489812910556793
F1,2425,Mark McKenzie,Toulouse,,2504,30,1,1.791058113798499,1,1.791058113798499,1,0.46686111204326153,8.477668391540647,8.392160452902317
F1,2425,Sorba Thomas,Nantes,,1323,25,1,1.862928626127541,1,1.862928626127541,3,4.295549262315035,5.919012122787535,2.2782368920743465
F1,2425,Florent Hanin,Angers,,2705,33,1,1.010424098931253,1,1.010424098931253,2,2.4046939415857196,6.970525681041181,4.54639595374465
F1,2425,Emmanuel Biumla,Angers,,1334,17,1,0.9640999892726541,1,0.9640999892726541,0,0.03684360533952713,1.810768922790885,1.7957943882793188
F1,2425,Henrik Meister,Rennes,,49,4,1,0.11255787592381239,1,0.11255787592381239,0,0.3763541877269745,0.4799482375383377,0.0
F1,2425,Jordan Teze,Monaco,,574,16,1,1.6035259738564491,1,1.6035259738564491,0,1.6765227168798447,4.522825010120869,2.2302155010402203
F1,2425,Hamzat Ojediran,Lens,,376,17,1,0.9302560910582542,1,0.9302560910582542,0,0.3495721258223057,1.641879379749298,0.36205120384693146
F1,2425,Benjamin Bouchouari,Saint-Etienne,,1794,25,1,0.6214983556419611,1,0.6214983556419611,0,1.004872465506196,7.28993059322238,6.03708615526557
F1,2425,Thiago Almada,Lyon,,934,16,1,1.9897623993456364,1,1.9897623993456364,4,2.4079826176166534,9.874508246779442,7.28525160998106
F1,2425,Justin Bourgault,Brest,,132,2,1,0.05086618475615978,1,0.05086618475615978,0,0.11255715787410736,0.4474046640098095,0.3027353584766388
F1,2425,Jeremy Agbonifo,Lens,,277,8,1,1.2059635091573,1,1.2059635091573,0,0.20679468289017677,3.8567132242023945,2.502289552241564
F1,2425,Al Musrati,Monaco,,373,10,1,0.36042454466223717,1,0.36042454466223717,1,0.6049656048417091,4.599801752716303,3.8045045360922813
F1,2425,Meschack Elia,Nantes,,152,8,1,1.2927594128996134,1,1.2927594128996134,0,0.11172935366630554,1.6960843726992607,0.763175904750824
F1,2425,Dante,Nice,,1958,25,0,0.3553049825131893,0,0.3553049825131893,0,0.2828235775232315,7.6260071862488985,7.554612623527646
F1,2425,Wilfried Zaha,Lyon,,59,4,0,0.09048067778348923,0,0.09048067778348923,0,0.0,0.1431574411690235,0.052676763385534286
F1,2425,Nemanja Matic,Lyon,,2084,29,0,0.06677292101085186,0,0.06677292101085186,1,1.4166410081088543,11.463382076472044,11.054130282253027
F1,2425,Massadio Haidara,Brest,,1707,22,0,0.30473696161061525,0,0.30473696161061525,0,0.39828037191182375,3.7239928925409913,3.3112553283572197
F1,2425,Jordan Amavi,Brest,,780,11,0,0.2962684025987983,0,0.2962684025987983,0,0.17503648065030575,0.9980407729744911,0.6143322475254536
F1,2425,Pedro Chirivella,Nantes,,2404,30,0,0.30783276446163654,0,0.30783276446163654,2,2.257875836454332,9.50188134610653,7.889349973760545
F1,2425,Gianluigi Donnarumma,Paris Saint Germain,,2091,24,0,0.0,0,0.0,0,0.0,9.808233046904206,9.808233046904206
F1,2425,Milan Skriniar,Paris Saint Germain,,380,5,0,0.1080185491591692,0,0.1080185491591692,0,0.14130732417106628,3.6893178522586823,3.6893178522586823
F1,2425,Assane Diousse,Auxerre,,646,17,0,0.049360853619873524,0,0.049360853619873524,0,0.11891803238540888,2.1016948390752077,1.946848575025797
F1,2425,Nikola Maksimovic,Montpellier,,592,7,0,0.045709796249866486,0,0.045709796249866486,0,0.051274703815579414,1.2583848731592298,1.2315903203561902
F1,2425,Geoffrey Kondogbia,Marseille,,2026,25,0,0.6977472566068172,0,0.6977472566068172,0,0.16235067509114742,10.601371120661497,10.390398096293211
F1,2425,Steve Mandanda,Rennes,,1490,18,0,0.0,0,0.0,0,0.14939917996525764,2.2650775238871574,2.1156783439219
F1,2425,Edimilson Fernandes,Brest,,1111,19,0,0.31866276916116476,0,0.31866276916116476,1,0.7368160840123892,2.8878019116818905,2.2477913070470095
F1,2425,Nampalys Mendy,Lens,,592,10,0,0.15218558348715305,0,0.15218558348715305,1,0.16579052805900574,1.817709133028984,1.532732516527176
F1,2425,Gerónimo Rulli,Marseille,,3060,34,0,0.0,0,0.0,0,0.08192777261137962,8.158218570053577,8.076290797442198
F1,2425,Lucas Hernández,Paris Saint Germain,,869,16,0,0.0856911912560463,0,0.0856911912560463,0,0.03986692056059837,7.75650717690587,7.74389760568738
F1,2425,André Gomes,Lille,,1301,20,0,0.47922301571816206,0,0.47922301571816206,0,0.878221869468689,8.499505270272493,7.9929901622235775
F1,2425,Mat Ryan,Lens,,1260,14,0,0.0,0,0.0,0,0.0,2.6335456520318985,2.6335456520318985
F1,2425,Alban Lafont,Nantes,,1080,12,0,0.0,0,0.0,0,0.044013237580657005,1.3937527919188142,1.3692600997164845
F1,2425,Benjamin André,Lille,,2697,30,0,1.371054551564157,0,1.371054551564157,3,2.6273085847496986,13.42137890867889,10.625332277268171
F1,2425,Aissa Mandi,Lille,,1768,24,0,0.33159853518009186,0,0.33159853518009186,0,0.6807948816567659,9.503119693137705,8.91462001297623
F1,2425,Anthony Lopes,Nantes,,1563,18,0,0.0,0,0.0,0,0.0,2.5774409007281065,2.5774409007281065
F1,2425,Jordan Ferri,Montpellier,,1804,25,0,0.3772363653406501,0,0.3772363653406501,2,1.1186382779851556,4.9344646986573935,4.248800406232476
F1,2425,Mathieu Gorgelin,Le Havre,,1440,16,0,0.0,0,0.0,0,0.0,1.2509176190942526,1.2509176190942526
F1,2425,Djibril Sidibe,Toulouse,,2117,28,0,0.3007795549929142,0,0.3007795549929142,3,2.8126244712620974,9.035003576427698,7.015336375683546
F1,2425,Birama Touré,Montpellier,,283,8,0,0.07789245806634426,0,0.07789245806634426,0,0.10696501098573208,1.432715993374586,1.2641729759052396
F1,2425,Alois Confais,Le Havre,,1,1,0,0.0,0,0.0,0,0.0,0.0,0.0
F1,2425,Benjamin Lecomte,Montpellier,,2700,30,0,0.0,0,0.0,0,0.1389471162110567,2.050063928589225,1.949775030836463
F1,2425,Marcus Coco,Nantes,,960,20,0,0.041120925918221474,0,0.041120925918221474,1,1.6138275675475597,4.087841607630253,3.2576057873666286
F1,2425,Pierrick Capelle,Angers,,450,16,0,0.19698656164109707,0,0.19698656164109707,0,1.0418054088950157,3.068952925503254,1.9870713837444782
F1,2425,Dennis Appiah,Saint-Etienne,,2108,29,0,0.2266706135123968,0,0.2266706135123968,1,1.8414166187867522,5.950897566974163,5.068494353443384
F1,2425,Andy Delort,Montpellier,,638,9,0,2.025093151256442,0,2.025093151256442,0,0.9238765966147184,3.6091257072985172,1.0867199301719666
F1,2425,Dimitry Bertaud,Montpellier,,360,4,0,0.0,0,0.0,0,0.0,0.05783398076891899,0.05783398076891899
F1,2425,Presnel Kimpembe,Paris Saint Germain,,17,2,0,0.0,0,0.0,0,0.0,0.0,0.0
F1,2425,Nicolas Pallois,Nantes,,2028,26,0,0.371842572465539,0,0.371842572465539,2,0.494255181401968,6.117804568260908,6.050037901848555
F1,2425,Samuel Grandsir,Le Havre,,67,6,0,0.0,0,0.0,0,0.48228753730654716,0.4629751034080982,0.0
F1,2425,Brice Samba,"Lens,Rennes",,2880,32,0,0.0,0,0.0,0,0.0,4.9049755074083805,4.9049755074083805
F1,2425,Jean-Philippe Gbamin,Nantes,,198,14,0,0.569337859749794,0,0.569337859749794,0,0.0,0.6775380037724972,0.6775380037724972
F1,2425,Cédric Hountondji,Angers,,270,3,0,0.0,0,0.0,0,0.0,0.3801884092390537,0.3801884092390537
F1,2425,Miha Zajc,Toulouse,,198,19,0,0.3662312375381589,0,0.3662312375381589,0,0.10301161929965019,1.1233162842690945,0.7703394070267677
F1,2425,Hans Hateboer,Rennes,,1666,26,0,0.3708617677912116,0,0.3708617677912116,0,1.6091739013791084,5.4651538990437984,4.074558302760124
F1,2425,Caio Henrique,Monaco,,1942,27,0,0.20765878446400166,0,0.20765878446400166,6,5.374105669558048,11.531834749504924,9.6087069734931
F1,2425,Kevin Danso,Lens,,1080,12,0,0.4530385807156563,0,0.4530385807156563,0,0.7431958839297295,5.39307077229023,4.678244903683662
F1,2425,Niklas Schmidt,Toulouse,,180,9,0,0.09384510293602943,0,0.09384510293602943,1,0.7143851704895496,1.9676594212651253,1.9220958948135376
F1,2425,Matvey Safonov,Paris Saint Germain,,879,10,0,0.0,0,0.0,0,0.0,1.9866365529596806,1.9866365529596806
F1,2425,Lois Diony,Angers,,17,1,0,0.0,0,0.0,0,0.0,0.0,0.0
F1,2425,Yunis Abdelhamid,Saint-Etienne,,1033,16,0,0.5630099419504404,0,0.5630099419504404,0,0.15661009773612022,1.9174782205373049,1.7889000941067934
F1,2425,Malang Sarr,Lens,,1378,21,0,0.2300545470789075,0,0.2300545470789075,0,0.3653634153306484,5.869433268904686,5.781389489769936
F1,2425,Baptiste Santamaria,"Nice,Rennes",,1411,23,0,0.8494266346096992,0,0.8494266346096992,1,1.5407738704234362,6.214584792032838,5.513916777446866
F1,2425,Théo Pellenard,Auxerre,,40,2,0,0.0,0,0.0,0,0.0,0.048064567148685455,0.048064567148685455
F1,2425,Florent Mollet,Nantes,,243,9,0,0.26050614193081856,0,0.26050614193081856,0,0.2627162719145417,0.6235980913043022,0.2913534250110388
F1,2425,Karl-Johan Johnsson,Strasbourg,,270,3,0,0.0,0,0.0,0,0.0,1.017284244298935,1.017284244298935
F1,2425,Abdoulaye Bamba,Angers,,1504,19,0,0.055060405284166336,0,0.055060405284166336,0,0.2033483530394733,3.14669807581231,3.0990787222981453
F1,2425,Carlens Arcus,Angers,,2077,28,0,0.050069019198417664,0,0.050069019198417664,1,1.6900672409683466,5.611445492133498,4.199675463140011
F1,2425,Remy Descamps,Lyon,,90,1,0,0.0,0,0.0,0,0.0,0.16707874834537506,0.16707874834537506
F1,2425,Christopher Operi,Le Havre,,1170,13,0,0.2694280641153455,0,0.2694280641153455,2,3.8664896115660667,3.1024710182100534,1.3027827069163322
F1,2425,Fode Toure,Le Havre,,607,10,0,0.0,0,0.0,0,0.08937808871269226,1.8735657222568989,1.7841876335442066
F1,2425,Yoann Salmier,Le Havre,,797,13,0,1.4400821328163147,0,1.4400821328163147,0,0.31467521749436855,1.782364564947784,0.9801783682778478
F1,2425,Moussa Niakhate,Lyon,,2721,31,0,0.06231989711523056,0,0.06231989711523056,0,0.9397388026118279,14.163798050954938,13.801133589819074
F1,2425,Kouakou Herve Koffi,Lens,,450,5,0,0.0,0,0.0,0,0.0,0.03088489919900894,0.03088489919900894
F1,2425,Orel Mangala,Lyon,,72,1,0,0.05109354853630066,0,0.05109354853630066,0,0.0557350255548954,0.23717188835144043,0.18143686652183533
F1,2425,Luiz Felipe,Marseille,,122,4,0,0.0,0,0.0,0,0.0,0.08389747142791748,0.08389747142791748
F1,2425,Ignatius Ganago,Nantes,,209,11,0,0.38069893699139357,0,0.38069893699139357,0,0.2051987610757351,1.140299677848816,0.7025820799171925
F1,2425,Yehvann Diouf,Reims,,3060,34,0,0.05311856418848038,0,0.05311856418848038,0,0.0,3.2106270287185907,3.2106270287185907
F1,2425,Maxime Bernauer,Saint-Etienne,,759,11,0,0.041730464436113834,0,0.041730464436113834,0,0.04007941856980324,2.282454239204526,2.2006443552672863
F1,2425,Anthony Briancon,Saint-Etienne,,1,1,0,0.0,0,0.0,0,0.0,0.0,0.0
F1,2425,Jordan Lefort,Angers,,3060,34,0,0.5102578178048134,0,0.5102578178048134,1,1.3727682437747717,7.271243300288916,6.82377390190959
F1,2425,Ismael Bennacer,Marseille,,655,12,0,0.08046730607748032,0,0.08046730607748032,2,1.7141367830336094,4.970827087759972,4.734022542834282
F1,2425,Jonathan Gradit,Lens,,2129,25,0,0.5578836519271135,0,0.5578836519271135,0,0.7267096601426601,8.751521684229374,8.127125641331077
F1,2425,Álex Domínguez,Toulouse,,17,1,0,0.0,0,0.0,0,0.0,0.41516318917274475,0.41516318917274475
F1,2425,Han-Noah Massengo,Auxerre,,1048,17,0,0.36264331452548504,0,0.36264331452548504,0,0.6310354843735695,3.4386744014918804,3.12791520729661
F1,2425,Maxence Caqueret,Lyon,,566,9,0,0.8002437986433506,0,0.8002437986433506,0,0.7801192887127399,3.880155511200428,2.6901078708469868
F1,2425,Paul Akouokou,Lyon,,24,2,0,0.0,0,0.0,0,0.0,0.0,0.0
F1,2425,Leonardo Balerdi,Marseille,,2278,27,0,1.4392217164859176,0,1.4392217164859176,0,0.4985409192740917,16.083826947957277,15.257941201329231
F1,2425,Leo Petrot,Saint-Etienne,,2649,31,0,0.6627174057066441,0,0.6627174057066441,3,1.8912924034520984,6.048131167888641,4.505434879101813
F1,2425,Gautier Larsonneur,Saint-Etienne,,3060,34,0,0.0,0,0.0,0,0.0267612524330616,3.981030684430152,3.9542694282718003
F1,2425,Jean-Charles Castelletto,Nantes,,2628,30,0,1.7714124927297235,0,1.7714124927297235,0,0.04451837204396725,6.044815128669143,5.600733108818531
F1,2425,Haris Belkebla,Angers,,1792,22,0,0.10323192179203033,0,0.10323192179203033,1,0.27921737264841795,3.4150968957692385,3.0657623186707497
F1,2425,Donovan Léon,Auxerre,,2880,32,0,0.0,0,0.0,2,0.4050854407250881,4.926462523639202,4.5213770512491465
F1,2425,Fabien Centonze,Nantes,,251,7,0,0.0,0,0.0,0,0.14001598954200745,0.6209783405065536,0.5694247186183929
F1,2425,Thomas Delaine,Strasbourg,,6,2,0,0.0,0,0.0,0,0.0,0.0,0.0
F1,2425,Marcin Bulka,Nice,,3060,34,0,0.0,0,0.0,0,0.10042980313301086,6.690204915590584,6.589775112457573
F1,2425,Lamine Fomba,Saint-Etienne,,214,7,0,0.01872967556118965,0,0.01872967556118965,0,0.2911641299724579,0.56601133197546,0.2561175152659416
F1,2425,Jean-Kevin Duverne,Nantes,,549,9,0,0.230261473916471,0,0.230261473916471,0,0.09431801736354828,0.9434160189703107,0.907274080440402
F1,2425,Ismail Jakobs,Monaco,,180,2,0,0.0,0,0.0,0,0.3925643563270569,1.7371062636375427,1.6373940110206604
F1,2425,Hianga&#039;a M&#039;Bock,Brest,,15,1,0,0.009029478766024113,0,0.009029478766024113,0,0.0,0.009029478766024113,0.0
F1,2425,Zinédine Ould Khaled,Angers,,330,10,0,0.056345757097005844,0,0.056345757097005844,0,0.0,0.1092888843268156,0.05294312722980976
F1,2425,Logan Costa,Toulouse,,90,1,0,0.0,0,0.0,0,0.517225444316864,0.6104925870895386,0.09326718747615814
F1,2425,Yvann Maçon,Saint-Etienne,,813,12,0,0.2846177355386317,0,0.2846177355386317,0,0.24376674927771091,1.7467972245067358,1.2373788207769394
F1,2425,Arnau Tenas,Paris Saint Germain,,90,1,0,0.0,0,0.0,1,0.12975940108299255,0.5017589330673218,0.3719995319843292
F1,2425,Lucas Chevalier,Lille,,3060,34,0,0.0,0,0.0,0,0.48597509413957596,5.5303392838686705,5.044364167377353
F1,2425,Radoslaw Majecki,Monaco,,1350,15,0,0.0,0,0.0,0,0.0,3.081538751721382,3.081538751721382
F1,2425,Eliot Matazo,Monaco,,68,3,0,0.0,0,0.0,0,0.07387404888868332,0.23930449783802032,0.1654304414987564
F1,2425,Thibault De Smet,Reims,,181,5,0,0.10913586616516113,0,0.10913586616516113,0,0.0,0.2354586198925972,0.2354586198925972
F1,2425,Jeremy Le Douaron,Brest,,99,2,0,0.41518864408135414,0,0.41518864408135414,0,0.0,0.41518864408135414,0.0
F1,2425,Jordan Lotomba,Nice,,26,2,0,0.0,0,0.0,0,0.0,0.061035726219415665,0.061035726219415665
F1,2425,Facundo Medina,Lens,,2558,29,0,1.9975218065083027,0,1.9975218065083027,1,2.1699847169220448,13.792968783527613,10.98086129128933
F1,2425,Kiki Kouyate,Montpellier,,754,11,0,0.44279979169368744,0,0.44279979169368744,0,0.7085217833518982,0.5840597907081246,0.5301698008552194
F1,2425,Aïmen Moueffek,Saint-Etienne,,1028,22,0,1.0357473585754633,0,1.0357473585754633,1,1.532620931044221,4.927065301686525,3.188139194622636
F1,2425,David Pereira Da Costa,Lens,,337,11,0,0.751729317009449,0,0.751729317009449,0,0.42010978050529957,1.3956514783203602,0.5065601021051407
F1,2425,Cédric Kipré,Reims,,2195,28,0,0.34139320347458124,0,0.34139320347458124,1,0.940518444404006,6.36738414876163,5.450903758406639
F1,2425,Martín Satriano,Lens,,70,7,0,0.46540596429258585,0,0.46540596429258585,0,0.15491831302642822,1.0333231436088681,0.5440714890137315
F1,2425,Marvin Senaya,Strasbourg,,193,10,0,0.02548435516655445,0,0.02548435516655445,0,0.11418762058019638,0.4306453373283148,0.36338116601109505
F1,2425,John Finn,Reims,,525,13,0,0.1517265848815441,0,0.1517265848815441,0,0.008220311254262924,0.3870111797004938,0.3323852811008692
F1,2425,Reda Khadra,Reims,,39,4,0,0.0,0,0.0,0,0.06717409193515778,0.10996738821268082,0.10996738821268082
F1,2425,Naouirou Ahamada,Rennes,,51,3,0,0.021729638800024986,0,0.021729638800024986,0,0.0,0.07539382576942444,0.0536641851067543
F1,2425,Krépin Diatta,Monaco,,452,19,0,0.19043472409248352,0,0.19043472409248352,0,0.7644898518919945,1.934105223044753,1.0433780122548342
F1,2425,Oussama Targhaline,Le Havre,,997,14,0,0.157673180103302,0,0.157673180103302,0,0.6418087482452393,1.9886683002114296,1.4030463602393866
F1,2425,Warmed Omari,Lyon,,3,1,0,0.0,0,0.0,0,0.0,0.0,0.0
F1,2425,Antoine Mendy,Nice,,805,18,0,0.895209914073348,0,0.895209914073348,0,0.07988094724714756,3.4466172512620687,3.302452316507697
F1,2425,Marco Bizot,Brest,,2880,32,0,0.0,0,0.0,0,0.0,2.935953399166465,2.935953399166465
F1,2425,Grégoire Coudert,Brest,,180,2,0,0.0,0,0.0,0,0.0,0.39212503656744957,0.39212503656744957
F1,2425,Gauthier Gallon,Rennes,,41,1,0,0.0,0,0.0,0,0.0,0.0,0.0
F1,2425,Christopher Wooh,Rennes,,1457,20,0,1.0543314702808857,0,1.0543314702808857,0,0.10076342895627022,5.070950597524643,4.8503449112176895
F1,2425,Karol Fila,Strasbourg,,3,1,0,0.0,0,0.0,0,0.0,0.0,0.0
F1,2425,Arthur Desmas,Le Havre,,1620,18,0,0.0,0,0.0,0,0.04079865664243698,2.1496369624510407,2.108838298358023
F1,2425,Alidu Seidu,Rennes,,809,11,0,0.09807885810732841,0,0.09807885810732841,0,0.30643167346715927,1.3150964975357056,1.1322132349014282
F1,2425,Billal Brahimi,Nice,,73,2,0,0.060072608292102814,0,0.060072608292102814,0,0.01269509457051754,0.3009094223380089,0.3009094223380089
F1,2425,Bradley Locko,Brest,,96,2,0,0.032775674015283585,0,0.032775674015283585,0,0.0,0.2675226032733917,0.23474691808223724
F1,2425,Bamo Meïté,"Marseille,Montpellier",,458,10,0,0.0453549399971962,0,0.0453549399971962,0,0.0,1.3403869029134512,1.3403869029134512
F1,2425,Gideon Mensah,Auxerre,,2292,29,0,0.13340526726096869,0,0.13340526726096869,1,1.9292180109769106,8.611782740801573,6.888859694823623
F1,2425,Axel Camblan,Brest,,16,2,0,0.09840155392885208,0,0.09840155392885208,0,0.0,0.09840155392885208,0.0
F1,2425,Andrew Omobamidele,Strasbourg,,526,10,0,0.0,0,0.0,0,0.0,2.7554018162190914,2.7554018162190914
F1,2425,Nordine Kandil,Strasbourg,,8,1,0,0.0,0,0.0,0,0.0,0.0,0.0
F1,2425,Martin Adeline,Reims,,23,1,0,0.0,0,0.0,0,0.0,0.05831962078809738,0.05831962078809738
F1,2425,Jacques Ekomie,Angers,,673,18,0,0.020858215168118477,0,0.020858215168118477,0,0.0,0.5518848989158869,0.5518848989158869
F1,2425,Louis Mouton,Saint-Etienne,,1047,24,0,1.502646909095347,0,1.502646909095347,1,1.4524020813405514,5.196958344429731,3.3170838467776775
F1,2425,Falaye Sacko,Montpellier,,1240,16,0,0.0,0,0.0,1,0.23695062845945358,2.216378351673484,2.145882608368993
F1,2425,Gabriel Barès,Montpellier,,34,6,0,0.0,0,0.0,0,0.0,0.055698662996292114,0.055698662996292114
F1,2425,Enzo Tchato Mbiayi,Montpellier,,1897,27,0,0.1498086592182517,0,0.1498086592182517,0,1.415210192091763,4.054414887912571,2.7722308235242963
F1,2425,Soumaila Coulibaly,Brest,,435,7,0,0.22976822778582573,0,0.22976822778582573,0,0.051124006509780884,0.40041008591651917,0.40041008591651917
F1,2425,Mory Gbane,Reims,,1130,13,0,0.18041925225406885,0,0.18041925225406885,1,0.33913712576031685,3.1097808554768562,2.8690338600426912
F1,2425,Soungoutou Magassa,Monaco,,1008,21,0,0.3228309992700815,0,0.3228309992700815,1,0.7810156438499689,3.9011821411550045,3.0663096513599157
F1,2425,Rasmus Nicolaisen,Toulouse,,626,7,0,0.700584932230413,0,0.700584932230413,1,0.35203199088573456,0.9597414275631309,0.9597414275631309
F1,2425,Anthony Rouault,Rennes,,979,11,0,0.42715857177972794,0,0.42715857177972794,0,0.012088123708963394,2.9067218005657196,2.894633673131466
F1,2425,Denis Genreau,Toulouse,,214,8,0,0.30407807510346174,0,0.30407807510346174,0,0.4024849347770214,0.5083176763728261,0.27432202734053135
F1,2425,Kjetil Haug,Toulouse,,498,6,0,0.0,0,0.0,0,0.0,0.394363378174603,0.394363378174603
F1,2425,Rares Ilie,Nice,,5,2,0,0.06613747775554657,0,0.06613747775554657,0,0.28904230892658234,0.33337779343128204,0.1333826780319214
F1,2425,Ismaily,Lille,,911,16,0,1.3970418814569712,0,1.3970418814569712,1,1.519013799726963,5.690224297344685,3.8401562459766865
F1,2425,Paul Joly,Auxerre,,991,26,0,0.6258648559451103,0,0.6258648559451103,1,1.860155014321208,3.401177999563515,2.425239468924701
F1,2425,Kévin Danois,Auxerre,,1466,22,0,0.9946297388523817,0,0.9946297388523817,0,2.3297908948734403,6.475489607080817,3.929859349504113
F1,2425,Khalil Fayad,Montpellier,,1019,20,0,1.0423028054647148,0,1.0423028054647148,0,0.27454096637666225,2.9539879066869617,1.845834611915052
F1,2425,Amine Salama,Reims,,337,17,0,1.040024921298027,0,1.040024921298027,0,0.41062628477811813,1.5647102408111095,0.24952934309840202
F1,2425,Yahia Fofana,Angers,,2970,33,0,0.0,0,0.0,0,0.09413080662488937,2.507958922535181,2.4138281159102917
F1,2425,Emmanuel Agbadou,Reims,,1260,14,0,0.5038924785330892,0,0.5038924785330892,0,0.5655539585277438,6.213934827595949,5.935578167438507
F1,2425,Naatan Skyttä,Toulouse,,2,1,0,0.0,0,0.0,0,0.0,0.0,0.0
F1,2425,Ousmane Camara,Angers,,255,3,0,0.025353489443659782,0,0.025353489443659782,0,0.023300090804696083,0.340166337788105,0.340166337788105
F1,2425,Valentín Carboni,Marseille,,97,4,0,0.04915215075016022,0,0.04915215075016022,0,0.1342877671122551,0.24102341942489147,0.08515959791839123
F1,2425,Axel Gueguin,Montpellier,,20,1,0,0.0,0,0.0,0,0.0,0.0,0.0
F1,2425,Christian Mawissa Elebi,Monaco,,1510,22,0,0.2273707389831543,0,0.2273707389831543,0,0.030366986989974976,6.441874049603939,6.214503310620785
F1,2425,Sael Kumbedi,Lyon,,971,14,0,0.48964451253414154,0,0.48964451253414154,0,0.3195243291556835,6.196358565241098,5.5056515000760555
F1,2425,Théo De Percin,Auxerre,,180,2,0,0.0,0,0.0,0,0.0,0.336399307474494,0.336399307474494
F1,2425,Mamadou Sarr,Strasbourg,,2376,27,0,1.0967955440282822,0,1.0967955440282822,1,0.6334617212414742,8.953484015539289,8.72878991253674
F1,2425,Ilyes Housni,Le Havre,,222,12,0,0.2678281217813492,0,0.2678281217813492,0,0.48244983423501253,0.3481463463976979,0.14534147828817368
F1,2425,Julien Le Cardinal,Brest,,1375,16,0,0.5752955917268991,0,0.5752955917268991,1,0.2125720363110304,2.933543460443616,2.7910752836614847
F1,2425,Edhy Zuliani,Toulouse,,5,1,0,0.0,0,0.0,0,0.0,0.0,0.0
F1,2425,Nathan Zeze,Nantes,,1522,18,0,0.33420097827911377,0,0.33420097827911377,0,0.010211260057985783,3.897283853031695,3.887072592973709
F1,2425,Lilian Raolisoa,Angers,,1303,29,0,0.7193387225270271,0,0.7193387225270271,3,2.220577195286751,4.16938048787415,2.54784245043993
F1,2425,Aurélio Buta,Reims,,2013,27,0,0.290973786264658,0,0.290973786264658,1,1.5548659227788448,6.656364345923066,5.113347943872213
F1,2425,Eduard Sobol,Strasbourg,,64,10,0,0.0,0,0.0,0,0.0,0.16826744377613068,0.16826744377613068
F1,2425,Gabriel Suazo,Toulouse,,2171,30,0,0.9292145520448685,0,0.9292145520448685,6,4.621762367896736,9.319922336377203,6.149451741017401
F1,2425,Justin-Noel Kalumba,Angers,,21,2,0,0.010736705735325813,0,0.010736705735325813,0,0.0,0.010736705735325813,0.0
F1,2425,Jérémy Jacquet,Rennes,,933,11,0,0.4790785685181618,0,0.4790785685181618,1,0.6175114922225475,4.442345820367336,4.400260426104069
F1,2425,Tiago Santos,Lille,,406,7,0,0.7257370315492153,0,0.7257370315492153,0,0.9083281755447388,3.671825662255287,2.142793569713831
F1,2425,Ousmane Touré,Lille,,3,1,0,0.0,0,0.0,0,0.0,0.0,0.0
F1,2425,Aaron Malouda,Lille,,1,1,0,0.0,0,0.0,0,0.0,0.0,0.0
F1,2425,Abduqodir Khusanov,Lens,,978,13,0,0.21397934388369322,0,0.21397934388369322,0,0.3007875084877014,2.1697800625115633,2.1552239637821913
F1,2425,Ayanda Sishuba,Rennes,,1,1,0,0.0,0,0.0,0,0.0,0.0,0.0
F1,2425,Guillaume Restes,Toulouse,,2545,29,0,0.0,0,0.0,1,0.0531766414642334,1.9823221750557423,1.9823221750557423
F1,2425,Philipp Köhn,Monaco,,1710,19,0,0.0,0,0.0,0,0.0,2.3390723280608654,2.3390723280608654
F1,2425,Becir Omeragic,Montpellier,,1813,22,0,0.5606440333649516,0,0.5606440333649516,0,0.2280519586056471,3.637014091014862,3.4458152391016483
F1,2425,Loïc Négo,Le Havre,,2473,31,0,0.49317517131567,0,0.49317517131567,0,0.6734980046749115,8.307339046150446,7.502250701189041
F1,2425,Andy Logbo,Le Havre,,22,1,0,0.3320036232471466,0,0.3320036232471466,0,0.0,0.3320036232471466,0.0
F1,2425,Antoine Joujou,Le Havre,,923,26,0,0.8187035582959652,0,0.8187035582959652,2,3.482716904953122,5.577205473557115,2.0452142003923655
F1,2425,Étienne Youté,Le Havre,,2315,28,0,2.0393548253923655,0,2.0393548253923655,0,0.13490558043122292,5.2596653224900365,5.181505971588194
F1,2425,Clinton Mata,Lyon,,2366,29,0,0.2285805158317089,0,0.2285805158317089,4,1.6789899617433548,13.282061882317066,11.594574950635433
F1,2425,Emmanuel Sabbi,Le Havre,,649,15,0,2.5403206683695316,0,2.5403206683695316,0,0.31219077482819557,3.1046951226890087,0.8212496228516102
F1,2425,Mohamed Daramy,Reims,,10,2,0,0.05894038453698158,0,0.05894038453698158,0,0.11203844845294952,0.1709788292646408,0.05894038453698158
F1,2425,William Pacho,Paris Saint Germain,,2127,28,0,0.44732397235929966,0,0.44732397235929966,1,0.43799239583313465,19.410272642970085,19.096385285258293
F1,2425,Djordje Petrovic,Strasbourg,,2790,31,0,0.0,0,0.0,0,0.0,6.611872253939509,6.611872253939509
F1,2425,Ethan Mbappé,Lille,,194,10,0,1.1661293618381023,0,1.1661293618381023,0,1.6172430515289307,3.204540476202965,1.5328324940055609
F1,2425,Yanis Issoufou,Montpellier,,67,4,0,0.06856205128133297,0,0.06856205128133297,0,0.0,0.15134716778993607,0.0827851165086031
F1,2425,Mahamadou Diawara,"Le Havre,Lyon",,576,17,0,0.267759189940989,0,0.267759189940989,1,0.2866376228630543,1.3198313117027283,0.8539094002917409
F1,2425,Ayyoub Bouaddi,Lille,,1112,24,0,0.14531910046935081,0,0.14531910046935081,1,0.9552446156740189,4.033296465873718,3.430319271981716
F1,2425,Amadou Koné,Reims,,1317,24,0,0.6375932982191443,0,0.6375932982191443,0,0.4133790861815214,3.436397861689329,2.664161939173937
F1,2425,Jeremy Sebas,Strasbourg,,163,13,0,0.8336555138230324,0,0.8336555138230324,0,0.015626829117536545,1.52097662165761,0.671694278717041
F1,2425,Kandet Diawara,Le Havre,,1,1,0,0.0,0,0.0,0,0.0,0.0,0.0
F1,2425,Kassoum Ouattara,Monaco,,380,12,0,0.12319174222648144,0,0.12319174222648144,1,1.7095962539315224,2.4682640451937914,0.762264434248209
F1,2425,Luc Zogbe,Brest,,616,13,0,0.27816163655370474,0,0.27816163655370474,0,0.0962673956528306,1.4661995507776737,1.2259825393557549
F1,2425,Saïmon Bouabré,Monaco,,92,3,0,0.0,0,0.0,0,0.0,0.0,0.0
F1,2425,Mamadou Coulibaly,Monaco,,5,1,0,0.03560518100857735,0,0.03560518100857735,0,0.0,0.03559992089867592,0.03559992089867592
F1,2425,Nhoa Sangui,Reims,,1080,26,0,0.11002709716558456,0,0.11002709716558456,2,0.5577920638024807,3.8499816497787833,3.2814059844240546
F1,2425,Adryelson,Lyon,,1,1,0,0.0,0,0.0,0,0.0,0.0,0.0
F1,2425,Lucas Perri,Lyon,,2970,33,0,0.0,0,0.0,0,0.014138102531433105,5.618100218474865,5.603962115943432
F1,2425,Lucas Michal,Monaco,,98,8,0,0.3729779087007046,0,0.3729779087007046,0,0.8126267194747925,2.0130007416009903,0.911671144887805
F1,2425,Dehmaine Assoumani,Nantes,,63,12,0,0.04735305067151785,0,0.04735305067151785,0,1.2690088376402855,1.1075081024318933,0.468676446005702
F1,2425,Tom Pouilly,Lens,,252,10,0,0.6400113068521023,0,0.6400113068521023,0,0.5618034703657031,1.6114612743258476,0.933405939489603
F1,2425,Yoram Zague,Paris Saint Germain,,183,4,0,0.04930908977985382,0,0.04930908977985382,0,0.11405080556869507,1.2584923692047596,1.0951324738562107
F1,2425,Junior Ndiaye,Montpellier,,410,15,0,0.8206368610262871,0,0.8206368610262871,0,0.32265341095626354,1.9936029464006424,0.9917767867445946
F1,2425,Faris Moumbagna,Marseille,,8,1,0,0.0,0,0.0,0,0.0,0.0,0.0
F1,2425,Valentín Barco,Strasbourg,,1181,14,0,0.41790768690407276,0,0.41790768690407276,2,0.9902437552809715,6.1421969421207905,4.932882446795702
F1,2425,Mikayil Faye,Rennes,,701,11,0,0.2133091790601611,0,0.2133091790601611,0,0.026152893900871277,1.2416205331683159,1.1460088267922401
F1,2425,Amidou Doumbouya,Nice,,36,2,0,0.0,0,0.0,0,0.0,0.06613747775554657,0.06613747775554657
F1,2425,Ikechukwu Orazi,Reims,,1,1,0,0.0,0,0.0,0,0.0,0.0,0.0
F1,2425,Keyliane Abdallah,Marseille,,1,1,0,0.0,0,0.0,0,0.0,0.0,0.0
F1,2425,Rafik Messali,Toulouse,,449,13,0,0.2653466807678342,0,0.2653466807678342,1,1.3155864290893078,1.991558806039393,1.5136390486732125
F1,2425,Darryl Bakola,Marseille,,8,2,0,0.0,0,0.0,0,0.0,0.0,0.0
F1,2425,Abdoul Koné,Reims,,149,4,0,0.0,0,0.0,0,0.0,0.13262636959552765,0.13262636959552765
F1,2425,Mathéo Bodmer,Le Havre,,4,1,0,0.0,0,0.0,0,0.0,0.0,0.0
F1,2425,Yanis Zouaoui,Le Havre,,964,17,0,0.13060740195214748,0,0.13060740195214748,2,2.822066869586706,3.591550731100142,2.662312519736588
F1,2425,Derek Cornelius,Marseille,,1439,21,0,1.2505614198744297,0,1.2505614198744297,0,0.1212597880512476,8.20582771860063,8.10980142466724
F1,2425,Enzo Sternal,Marseille,,13,2,0,0.0,0,0.0,0,0.021899377927184105,0.021899377927184105,0.0
F1,2425,Alexi Koum,Marseille,,10,1,0,0.0,0,0.0,0,0.0,0.4951261878013611,0.4951261878013611
F1,2425,Ngal&#039;ayel Mukau,Lille,,1224,22,0,0.6315305065363646,0,0.6315305065363646,1,0.6004146225750446,5.425000528804958,4.504856581799686
F1,2425,Beres Owusu,Saint-Etienne,,90,1,0,0.0,0,0.0,0,0.04963471740484238,0.06658663600683212,0.016951916739344597
F1,2425,Marwann N&#039;Zuzi,Saint-Etienne,,130,2,0,0.026887879706919193,0,0.026887879706919193,0,0.25087422132492065,0.2777621131390333,0.25087422132492065
F1,2425,Mathis Amougou,Saint-Etienne,,840,17,0,0.424521129578352,0,0.424521129578352,0,0.3597651943564415,1.942910548299551,1.3850372862070799
F1,2425,Ben Old,Saint-Etienne,,503,13,0,1.067740261554718,0,1.067740261554718,0,0.6837401520460844,2.2481454219669104,0.6089571844786406
F1,2425,Ayman Aiki,Saint-Etienne,,124,5,0,0.13842569291591644,0,0.13842569291591644,0,0.01840578019618988,0.15683147311210632,0.0
F1,2425,Jibril Othman,Saint-Etienne,,2,1,0,0.0,0,0.0,0,0.0,0.0,0.0
F1,2425,Kévin Pedro,Saint-Etienne,,7,1,0,0.0,0,0.0,0,0.0,0.0,0.0
F1,2425,Clément Akpa,Auxerre,,2507,31,0,0.21331475861370564,0,0.21331475861370564,1,0.690540705807507,5.747673346661031,5.519227394834161
F1,2425,Eros Maddy,Auxerre,,6,2,0,0.0,0,0.0,0,0.0700502097606659,0.1998818963766098,0.1298316866159439
F1,2425,Ben Viadère,Auxerre,,2,1,0,0.0,0,0.0,0,0.06343609094619751,0.0,0.0
F1,2425,Issiaga Camara,Nice,,8,4,0,0.0,0,0.0,0,0.0,0.21391375362873077,0.21391375362873077
F1,2425,Victor Orakpo,Nice,,22,4,0,0.19532503560185432,0,0.19532503560185432,0,0.0,0.27074915543198586,0.07542411983013153
F1,2425,Yaël Nandjou,Nice,,162,3,0,0.3046690821647644,0,0.3046690821647644,0,0.7110361605882645,0.9248197376728058,0.8209627494215965
F1,2425,Théo Chennahi,Montpellier,,178,4,0,0.06488200463354588,0,0.06488200463354588,0,0.03980283439159393,0.23980482667684555,0.1351199932396412
F1,2425,Stefan Dzodic,Montpellier,,232,7,0,0.09746178332716227,0,0.09746178332716227,0,0.0,0.3797924555838108,0.2996872328221798
F1,2425,Caleb Wiley,Strasbourg,,266,6,0,0.08712112903594971,0,0.08712112903594971,1,0.41570763662457466,0.6362759806215763,0.170904491096735
F1,2425,Óscar Perea,Strasbourg,,6,2,0,0.010682061314582825,0,0.010682061314582825,0,0.0,0.11070838570594788,0.10002632439136505
F1,2425,Sidiki Chérif,Angers,,316,7,0,0.6688119219616055,0,0.6688119219616055,0,0.19731472432613373,1.313505083322525,0.4473784565925598
F1,2425,Melvin Zinga,Angers,,90,1,0,0.0,0,0.0,0,0.0,0.11707674711942673,0.11707674711942673
F1,2425,Glen Kamara,Rennes,,669,13,0,0.07050030678510666,0,0.07050030678510666,1,0.34287673607468605,2.294796884059906,1.9818764347583055
F1,2425,Jordan James,Rennes,,1195,23,0,0.7698334716260433,0,0.7698334716260433,1,1.593195166438818,6.49567412212491,5.053157513961196
F1,2425,Ibrahima Wadji,Saint-Etienne,,310,10,0,1.4464850015938282,0,1.4464850015938282,0,0.008656246587634087,1.5150682795792818,0.16778712952509522
F1,2425,Moïse Bombito,Nice,,2197,27,0,0.667370643466711,0,0.667370643466711,0,0.09679630119353533,10.300597555935383,10.190820388495922
F1,2425,Gabriel Moscardo,Reims,,74,6,0,0.1503106001764536,0,0.1503106001764536,0,0.0,0.25146632827818394,0.10115572810173035
F1,2425,Serigne Diop,Brest,,2,2,0,0.0,0,0.0,0,0.0,0.0,0.0
F1,2425,Pierre Cornud,Saint-Etienne,,568,11,0,0.0,0,0.0,0,0.3982537277042866,1.8506680876016617,1.752265989780426
F1,2425,Ümit Akdag,Toulouse,,514,9,0,0.07675294484943151,0,0.07675294484943151,0,0.05487157963216305,0.6236050240695477,0.587440725415945
F1,2425,Mohamed Abdelmonem,Nice,,857,12,0,0.0,0,0.0,0,0.0,4.064305446110666,4.064305446110666
F1,2425,Mohamed Bamba,Reims,,3,2,0,0.0,0,0.0,0,0.0,0.0,0.0
F1,2425,Aristide Zossou,Auxerre,,3,3,0,0.0,0,0.0,0,0.0,0.0,0.0
F1,2425,Patrik Carlgren,Nantes,,417,5,0,0.0,0,0.0,0,0.0,0.6648676618933678,0.6648676618933678
F1,2425,Jaydee Canvot,Toulouse,,1102,18,0,0.24174315761774778,0,0.24174315761774778,0,0.4410763494670391,3.721827119588852,3.361432507634163
F1,2425,Juma Bah,Lens,,684,10,0,0.1038192119449377,0,0.1038192119449377,0,0.12314394116401672,2.665540926158428,2.5423969887197018
F1,2425,Simon Cara,Montpellier,,2,2,0,0.0,0,0.0,0,0.0,0.0,0.0
F1,2425,Igor Miladinovic,Saint-Etienne,,19,3,0,0.0,0,0.0,0,0.0,0.013849515467882156,0.013849515467882156
F1,2425,Niama Sissoko,Reims,,33,4,0,0.13851183280348778,0,0.13851183280348778,0,0.0,0.13851183280348778,0.0
F1,2425,Ange-Loïc N’Gatta,Auxerre,,4,2,0,0.0,0,0.0,0,0.0,0.0,0.0
F1,2425,Sékou Doucouré,Nantes,,9,2,0,0.0,0,0.0,0,0.0,0.0,0.0
F1,2425,Kyllian Antonio,Lens,,144,3,0,0.05500348284840584,0,0.05500348284840584,0,0.0,0.07414150983095169,0.019138026982545853
F1,2425,Marius Courcoul,Angers,,296,8,0,0.05983113497495651,0,0.05983113497495651,0,0.0417022667825222,0.43751195073127747,0.39826787263154984
F1,2425,Yael Mouanga,Montpellier,,941,14,0,0.36227816343307495,0,0.36227816343307495,0,0.28253329917788506,2.5086481627076864,2.5086481627076864
F1,2425,Younes Lachaab,Lille,,4,2,0,0.054757554084062576,0,0.054757554084062576,0,0.0,0.1952003538608551,0.14044280350208282
F1,2425,Milos Lukovic,Strasbourg,,10,2,0,0.0,0,0.0,0,0.0,0.0,0.0
F1,2425,Kembo Diliwidi,Lens,,3,1,0,0.0,0,0.0,0,0.0,0.06714406609535217,0.06714406609535217
F1,2425,Axel Tape,Paris Saint Germain,,180,2,0,0.027859536930918694,0,0.027859536930918694,0,0.03156277909874916,1.4665319919586182,1.4386724829673767
F1,2425,Bernard Nguene,Nice,,9,1,0,0.0,0,0.0,0,0.0,0.0,0.0
F1,2425,Djylian N&#039;Guessan,Saint-Etienne,,181,8,0,0.440093819051981,0,0.440093819051981,0,0.3063550814986229,0.8650475963950157,0.35064077377319336
F1,2425,Hafiz Ibrahim,Reims,,360,11,0,0.6023261696100235,0,0.6023261696100235,1,0.4310402050614357,1.41164605692029,0.4249996766448021
F1,2425,Gabin Capuano,Lens,,10,1,0,0.0,0,0.0,0,0.0,0.06714406609535217,0.06714406609535217
F1,2425,Yoann Cisse,Auxerre,,2,2,0,0.0,0,0.0,0,0.0,0.0,0.0
F1,2425,Robinio Vaz,Marseille,,68,2,0,0.6522831320762634,0,0.6522831320762634,0,0.0,0.6837848871946335,0.031501755118370056
F1,2425,Plamedi Nsingi,Nantes,,17,1,0,0.08997058123350143,0,0.08997058123350143,0,0.0,0.08997058123350143,0.0
F1,2425,Hiroki Sekine,Reims,,866,15,0,0.14922047778964043,0,0.14922047778964043,0,0.23717233538627625,2.7312467731535435,2.6097510252147913
F1,2425,Zabi Gueu,Reims,,14,2,0,0.0,0,0.0,0,0.0,0.0,0.0
F1,2425,Nicolas Pays,Montpellier,,433,9,0,0.995170084759593,0,0.995170084759593,0,0.3132614018395543,1.9735821234062314,0.7846841122955084
F1,2425,Fredrik Oppegård,Auxerre,,261,9,0,0.10228330828249454,0,0.10228330828249454,0,0.12351071462035179,1.3455706015229225,1.1197765693068504
F1,2425,Malcolm Jeng,Reims,,114,3,0,0.0,0,0.0,0,0.0,0.113040991127491,0.113040991127491
F1,2425,Kyogo Furuhashi,Rennes,,110,6,0,0.03729337081313133,0,0.03729337081313133,0,0.0,0.10536205023527145,0.06806868314743042
F1,2425,Kazeem Olaigbe,Rennes,,288,10,0,0.23235133104026318,0,0.23235133104026318,2,2.37851420417428,4.121159626170993,1.8357375599443913
F1,2425,Amar Dedic,Marseille,,289,10,0,0.715293537825346,0,0.715293537825346,1,0.8562837615609169,4.042155163362622,3.114167021587491
F1,2425,Rayan Fofana,Lens,,24,2,0,0.0,0,0.0,0,0.0,0.5766252279281616,0.5766252279281616
F1,2425,Téo Barisic,Lyon,,1,1,0,0.0,0,0.0,0,0.0,0.0,0.0
F1,2425,Wilfried Ndollo Bille,Montpellier,,390,8,0,0.0,0,0.0,0,0.029228508472442627,0.7870136648416519,0.7577851563692093
F1,2425,Ange Tia,Reims,,166,6,0,0.5016257017850876,0,0.5016257017850876,0,0.02264158334583044,0.6419016038998961,0.15846408437937498
F1,2425,Hamidou Makalou,Brest,,20,4,0,0.0,0,0.0,0,0.0,0.1229897066950798,0.1229897066950798
F1,2425,Rudy Matondo,Auxerre,,53,5,0,0.0,0,0.0,0,0.0,0.23175066709518433,0.23175066709518433
F1,2425,Alejandro Rodríguez,Lyon,,17,1,0,0.0,0,0.0,0,0.0,0.0,0.0
F1,2425,Noham Kamara,Paris Saint Germain,,68,2,0,0.0,0,0.0,0,0.0,0.6267772912979126,0.6267772912979126
F1,2425,Prosper Peter,Angers,,21,2,0,0.0,0,0.0,0,0.0,0.0,0.0
F1,2425,Enzo Caumont,Angers,,29,2,0,0.0,0,0.0,0,0.0,0.08603915572166443,0.08603915572166443
F1,2425,Lanroy Machine,Angers,,6,2,0,0.053750958293676376,0,0.053750958293676376,0,0.0,0.053750958293676376,0.0
