ID,Player,Team,GW,Pos,DEFCON per90 (period),Opponent FDR,Home,Opponent,Minutes
4,Gabriel,ARS,3,DEF,7.0,4,True,CHE,90
7,Lewis-Skelly,ARS,3,MID,2.727,4,True,CHE,66
8,Calafiori,ARS,3,DEF,1.364,4,True,CHE,66
10,White,ARS,3,DEF,6.0,4,True,CHE,90
12,Saka,ARS,3,MID,4.045,4,True,CHE,89
13,Rice,ARS,3,MID,6.0,4,True,CHE,90
15,Ødegaard,ARS,3,MID,3.553,4,True,CHE,76
26,Havertz,ARS,3,FWD,1.169,4,True,CHE,77
31,Konsa,ARS,3,DEF,10.0,4,True,CHE,90
32,Cash,AVL,3,DEF,1.071,2,False,HUL,84
33,Mings,AVL,3,DEF,5.0,2,False,HUL,90
36,Maatsen,AVL,3,DEF,3.649,2,False,HUL,74
37,Lindelöf,AVL,3,DEF,4.0,2,False,HUL,90
40,Rogers,CHE,3,MID,5.233,5,False,ARS,86
41,Buendía,AVL,3,MID,2.432,2,False,HUL,74
43,Tielemans,MUN,3,MID,7.0,3,False,EVE,90
45,McGinn,AVL,3,MID,5.0,2,False,HUL,90
46,Barkley,AVL,3,MID,6.0,2,False,HUL,90
47,Kamara,AVL,3,MID,10.0,2,False,HUL,90
51,George Hemmings,AVL,3,MID,8.514,2,False,HUL,74
60,Hill,BOU,3,DEF,6.0,3,False,NEW,90
61,Truffert,BOU,3,DEF,6.0,3,False,NEW,90
64,Smith,BOU,3,DEF,4.0,3,False,NEW,90
67,Rayan,BOU,3,MID,2.045,3,False,NEW,88
68,Tavernier,BOU,3,MID,9.205,3,False,NEW,88
69,Scott,BOU,3,MID,11.0,3,False,NEW,90
70,Kluivert,BOU,3,MID,4.8,3,False,NEW,75
73,Adams,BOU,3,MID,14.4,3,False,NEW,75
79,Evanilson,BOU,3,FWD,7.0,3,False,NEW,90
86,Lewis-Potter,BRE,3,MID,6.0,2,True,SUN,90
87,Ajer,BRE,3,DEF,5.0,2,True,SUN,90
88,Kayode,BRE,3,DEF,10.0,2,True,SUN,45
90,Hickey,BRE,3,DEF,10.0,2,True,SUN,45
91,Pinnock,COV,3,DEF,13.0,5,False,MCI,90
93,Schuster,BRE,3,DEF,12.329,2,True,SUN,73
94,Schade,BRE,3,MID,5.0,2,True,SUN,90
95,O.Dango,BRE,3,MID,22.0,2,True,SUN,45
96,Damsgaard,BRE,3,MID,4.235,2,True,SUN,85
98,Janelt,BRE,3,MID,12.0,2,True,SUN,90
102,Yarmoliuk,BRE,3,MID,10.0,2,True,SUN,45
104,Onyeka,COV,3,MID,4.355,5,False,MCI,62
105,Anthony,BRE,3,MID,8.0,2,True,SUN,45
106,Thiago,BRE,3,FWD,6.0,2,True,SUN,90
112,Van Hecke,TOT,3,DEF,4.0,3,False,NFO,90
113,F.Kadıoğlu,BHA,3,DEF,5.844,2,True,LEE,77
114,Boscagli,BHA,3,DEF,4.0,2,True,LEE,90
115,De Cuyper,BHA,3,DEF,2.368,2,True,LEE,76
116,Dunk,BHA,3,DEF,12.0,2,True,LEE,90
124,Groß,BHA,3,MID,4.0,2,True,LEE,90
127,Gomez,BHA,3,MID,9.0,2,True,LEE,90
129,Ayari,BHA,3,MID,3.0,2,True,LEE,90
138,Kostoulas,BHA,3,FWD,8.0,2,True,LEE,90
142,James,CHE,3,DEF,3.0,5,False,ARS,90
144,Gusto,CHE,3,DEF,6.0,5,False,ARS,30
145,Fofana,CHE,3,DEF,17.0,5,False,ARS,90
148,Hato,CHE,3,DEF,9.153,5,False,ARS,59
151,Acheampong,CHE,3,DEF,1.0,5,False,ARS,90
153,Disasi,CRY,3,DEF,13.0,3,False,FUL,90
154,Palmer,CHE,3,MID,3.0,5,False,ARS,90
155,Enzo,MCI,3,MID,3.6,2,True,COV,75
156,Neto,CHE,3,MID,7.875,5,False,ARS,80
161,Lavia,CHE,3,MID,9.153,5,False,ARS,59
165,João Pedro,CHE,3,FWD,1.0,5,False,ARS,90
166,N.Jackson,AVL,3,FWD,2.143,2,False,HUL,84
167,Delap,NFO,3,FWD,6.164,3,True,TOT,73
173,Thomas,COV,3,DEF,12.0,5,False,MCI,90
175,van Ewijk,COV,3,DEF,11.0,5,False,MCI,90
176,Dasilva,COV,3,DEF,7.5,5,False,MCI,84
182,Amenda,COV,3,DEF,3.0,5,False,MCI,90
183,Rudoni,COV,3,MID,7.258,5,False,MCI,62
184,Grimes,COV,3,MID,8.0,5,False,MCI,90
186,Mason-Clark,COV,3,MID,6.429,5,False,MCI,70
200,Lacroix,CHE,3,DEF,11.0,5,False,ARS,90
201,Muñoz,NFO,3,DEF,2.903,3,True,TOT,31
202,Richards,CRY,3,DEF,9.0,3,False,FUL,90
203,Canvot,CRY,3,DEF,9.0,3,False,FUL,90
204,Mitchell,CRY,3,DEF,7.397,3,False,FUL,73
209,Johnson,EVE,3,MID,11.077,4,True,MUN,65
210,Wharton,CRY,3,MID,8.0,3,False,FUL,90
211,Yeremy,CRY,3,MID,5.114,3,False,FUL,88
214,Kamada,CRY,3,MID,4.091,3,False,FUL,88
222,Strand Larsen,CRY,3,FWD,8.0,3,False,FUL,45
224,Nketiah,CRY,3,FWD,4.0,3,False,FUL,45
229,Tarkowski,EVE,3,DEF,12.0,4,True,MUN,90
230,Branthwaite,EVE,3,DEF,11.0,4,True,MUN,90
233,Mykolenko,EVE,3,DEF,6.0,4,True,MUN,90
236,Dewsbury-Hall,EVE,3,MID,11.0,4,True,MUN,90
237,Ndiaye,MCI,3,MID,5.233,2,True,COV,86
239,Garner,EVE,3,MID,9.474,4,True,MUN,76
242,George,EVE,3,MID,4.0,4,True,MUN,90
244,Armstrong,EVE,3,MID,5.0,4,True,MUN,90
246,Röhl,EVE,3,MID,7.297,4,True,MUN,74
249,Barry,EVE,3,FWD,4.0,4,True,MUN,90
253,Andersen,FUL,3,DEF,7.0,3,True,CRY,90
254,Robinson,FUL,3,DEF,5.769,3,True,CRY,78
257,Bassey,FUL,3,DEF,2.0,3,True,CRY,90
258,Castagne,FUL,3,DEF,7.0,3,True,CRY,90
259,Diop,IPS,3,DEF,11.0,4,True,LIV,90
261,Iwobi,FUL,3,MID,4.39,3,True,CRY,82
264,Bobb,FUL,3,MID,4.615,3,True,CRY,78
267,Lukić,IPS,3,MID,4.0,4,True,LIV,90
268,King,FUL,3,MID,7.0,3,True,CRY,90
277,Egan,HUL,3,DEF,7.0,3,True,AVL,90
279,Ajayi,HUL,3,DEF,6.0,3,True,AVL,90
280,Coyle,HUL,3,DEF,0.0,3,True,AVL,63
282,Giles,HUL,3,DEF,4.0,3,True,AVL,90
286,Belloumi,HUL,3,MID,13.333,3,True,AVL,81
290,Slater,HUL,3,MID,6.0,3,True,AVL,90
295,McBurnie,HUL,3,FWD,3.0,3,True,AVL,90
304,O'Shea,IPS,3,DEF,11.0,4,True,LIV,90
305,Davis,IPS,3,DEF,6.0,4,True,LIV,90
306,Greaves,IPS,3,DEF,7.0,4,True,LIV,90
315,Fatawu,IPS,3,MID,6.923,4,True,LIV,78
316,Emersonn,IPS,3,FWD,4.154,4,True,LIV,65
330,Bogle,LEE,3,DEF,3.0,3,False,BHA,60
331,Gudmundsson,LEE,3,DEF,5.0,3,False,BHA,90
332,Justin,LEE,3,DEF,10.0,3,False,BHA,90
334,Muharemović,LEE,3,DEF,13.0,3,False,BHA,90
335,Stach,LEE,3,MID,6.0,3,False,BHA,90
336,Okafor,LEE,3,MID,0.0,3,False,BHA,61
338,Ampadu,LEE,3,MID,11.0,3,False,BHA,90
345,Tanaka,LEE,3,MID,10.0,3,False,BHA,72
346,Calvert-Lewin,LEE,3,FWD,3.75,3,False,BHA,72
356,Virgil,LIV,3,DEF,7.0,2,False,IPS,90
358,Kerkez,LIV,3,DEF,5.0,2,False,IPS,90
362,Jacquet,LIV,3,DEF,9.0,2,False,IPS,90
366,Wirtz,LIV,3,MID,4.0,2,False,IPS,90
367,Gakpo,LIV,3,MID,10.0,2,False,IPS,90
368,Szoboszlai,LIV,3,MID,9.0,2,False,IPS,90
372,Mac Allister,LIV,3,MID,11.928,2,False,IPS,83
377,Munoz,LIV,3,MID,5.714,2,False,IPS,63
379,Isak,LIV,3,FWD,4.286,2,False,IPS,63
388,Guéhi,MCI,3,DEF,9.0,2,True,COV,90
390,Rúben,MCI,3,DEF,3.0,2,True,COV,90
391,Gvardiol,MCI,3,DEF,8.0,2,True,COV,90
393,Khusanov,MCI,3,DEF,6.0,2,True,COV,90
397,Semenyo,MCI,3,MID,4.0,2,True,COV,90
399,Cherki,MCI,3,MID,4.154,2,True,COV,65
401,Marmoush,TOT,3,FWD,0.0,3,False,NFO,83
403,Sávio,TOT,3,MID,0.0,3,False,NFO,60
405,N.Gonzalez,NEW,3,MID,8.289,3,True,BOU,76
411,Haaland,MCI,3,FWD,7.0,2,True,COV,90
417,Dalot,MUN,3,DEF,4.337,3,False,EVE,83
418,Maguire,MUN,3,DEF,12.0,3,False,EVE,90
419,Martinez,MUN,3,DEF,10.0,3,False,EVE,90
423,Shaw,MUN,3,DEF,8.0,3,False,EVE,90
426,B.Fernandes,MUN,3,MID,2.0,3,False,EVE,90
427,Mbeumo,MUN,3,MID,8.0,3,False,EVE,90
428,Cunha,MUN,3,MID,3.913,3,False,EVE,69
429,Rashford,MUN,3,MID,5.217,3,False,EVE,69
432,Mainoo,MUN,3,MID,16.265,3,False,EVE,83
445,Thiaw,NEW,3,DEF,3.0,3,True,BOU,90
447,Botman,NEW,3,DEF,9.0,3,True,BOU,90
449,Hall,NEW,3,DEF,6.067,3,True,BOU,89
453,Barnes,NEW,3,MID,6.0,3,True,BOU,90
454,Elanga,NEW,3,MID,4.737,3,True,BOU,76
455,Tonali,TOT,3,MID,12.0,3,False,NFO,90
459,L.Miley,NEW,3,MID,5.806,3,True,BOU,62
460,Willock,NEW,3,MID,4.355,3,True,BOU,62
464,Wissa,NEW,3,FWD,3.0,3,True,BOU,90
469,N.Williams,NFO,3,DEF,6.0,3,True,TOT,90
471,Milenković,NFO,3,DEF,11.0,3,True,TOT,90
472,Murillo,NFO,3,DEF,10.112,3,True,TOT,89
473,Aina,NFO,3,DEF,10.862,3,True,TOT,58
474,Jair Cunha,NFO,3,DEF,12.0,3,True,TOT,90
480,Gibbs-White,NFO,3,MID,7.0,3,True,TOT,90
481,Anderson,MCI,3,MID,11.0,2,True,COV,90
483,Ndoye,NFO,3,MID,7.759,3,True,TOT,58
486,McAtee,NFO,3,MID,7.0,3,True,TOT,90
491,Igor Jesus,NFO,3,FWD,2.903,3,True,TOT,31
492,Awoniyi,COV,3,FWD,6.429,5,False,MCI,70
499,Pedro Porro,TOT,3,DEF,4.0,3,False,NFO,90
501,Danso,SUN,3,DEF,8.0,3,False,BRE,90
503,Van de Ven,TOT,3,DEF,9.0,3,False,NFO,90
504,Vuskovic,BHA,3,DEF,10.0,2,True,LEE,90
506,Udogie,TOT,3,DEF,4.5,3,False,NFO,60
514,Tel,TOT,3,MID,2.466,3,False,NFO,73
516,Bentancur,TOT,3,MID,17.0,3,False,NFO,90
519,Gallagher,TOT,3,MID,11.928,3,False,NFO,83
532,Ballard,SUN,3,DEF,10.0,3,False,BRE,90
533,Mukiele,SUN,3,DEF,14.0,3,False,BRE,90
536,Reinildo,SUN,3,DEF,7.0,3,False,BRE,90
541,Meunier,SUN,3,DEF,2.857,3,False,BRE,63
542,E.Le Fée,SUN,3,MID,6.0,3,False,BRE,90
544,Xhaka,SUN,3,MID,15.0,3,False,BRE,90
545,Sadiki,SUN,3,MID,3.699,3,False,BRE,73
551,N.Angulo,SUN,3,MID,7.143,3,False,BRE,63
552,Brobbey,SUN,3,FWD,3.0,3,False,BRE,90
557,Tzolis,ARS,3,MID,8.0,4,True,CHE,90
558,Schlager,NFO,3,MID,10.0,3,True,TOT,90
562,Maeda,IPS,3,MID,6.923,4,True,LIV,65
565,M.Sangaré,BRE,3,MID,10.0,2,True,SUN,45
566,Silva,BOU,3,DEF,8.0,3,False,NEW,90
569,Gonzalo,FUL,3,FWD,7.0,3,True,CRY,90
570,Palacios,FUL,3,MID,0.0,3,True,CRY,60
576,Stroud,HUL,3,MID,2.903,3,True,AVL,62
579,Araujo,LIV,3,DEF,10.0,2,False,IPS,90
580,Charles,FUL,3,MID,12.692,3,True,CRY,78
583,Chavarria,CHE,3,DEF,6.0,5,False,ARS,30
586,Mendy,HUL,3,DEF,12.857,3,True,AVL,70
588,Khalaili,CRY,3,DEF,10.0,3,False,FUL,90
589,Gourna-Douath,HUL,3,MID,11.111,3,True,AVL,81
591,Enciso,IPS,3,MID,5.0,4,True,LIV,90
593,Dedić,NEW,3,DEF,1.0,3,True,BOU,90
598,Elvedi,LEE,3,DEF,10.0,3,False,BHA,90
605,Yalcouyé,BHA,3,MID,5.0,2,True,LEE,90
619,Palacios,IPS,3,MID,22.208,4,True,LIV,77
