Snapshot,GW,Fixture ID,Commence time,Team,Opponent,Home,Expected goals for,Expected goals against,Clean sheet probability,Win probability,Draw probability,Loss probability,Fit residual
2026-08-23,3,21fd24ad6732df00774304a046d84fe9,2026-09-05T16:30:00Z,HUL,AVL,True,1.0272,1.8686,0.1543,0.1944,0.2457,0.5599,0.011883
2026-08-23,3,21fd24ad6732df00774304a046d84fe9,2026-09-05T16:30:00Z,AVL,HUL,False,1.8686,1.0272,0.358,0.5599,0.2457,0.1944,0.011883
2026-08-23,3,29f81160baf6a97d6391d7172fad2425,2026-09-05T14:00:00Z,BRE,SUN,True,1.9006,0.9486,0.3873,0.5862,0.2407,0.173,0.002749
2026-08-23,3,29f81160baf6a97d6391d7172fad2425,2026-09-05T14:00:00Z,SUN,BRE,False,0.9486,1.9006,0.1495,0.173,0.2407,0.5862,0.002749
2026-08-23,2,2c49e9d1ef855f62962b915e773f906d,2026-08-31T19:00:00Z,AVL,ARS,True,0.8474,1.998,0.1356,0.141,0.2265,0.6324,0.011884
2026-08-23,2,2c49e9d1ef855f62962b915e773f906d,2026-08-31T19:00:00Z,ARS,AVL,False,1.998,0.8474,0.4285,0.6324,0.2265,0.141,0.011884
2026-08-23,2,373cc6e2fb57f471cd2deab9a28a6edb,2026-08-28T19:00:00Z,CRY,MCI,True,1.0275,2.0158,0.1332,0.1766,0.2307,0.5926,0.008777
2026-08-23,2,373cc6e2fb57f471cd2deab9a28a6edb,2026-08-28T19:00:00Z,MCI,CRY,False,2.0158,1.0275,0.3579,0.5926,0.2307,0.1766,0.008777
2026-08-23,2,374dd92785cc06d6514d275515219c44,2026-08-29T14:00:00Z,COV,HUL,True,1.7062,1.1166,0.3274,0.5003,0.2621,0.2376,0.004853
2026-08-23,2,374dd92785cc06d6514d275515219c44,2026-08-29T14:00:00Z,HUL,COV,False,1.1166,1.7062,0.1816,0.2376,0.2621,0.5003,0.004853
2026-08-23,3,3b81531990da7ea3e461c43e8827672b,2026-09-05T14:00:00Z,BHA,LEE,True,1.8014,0.9849,0.3735,0.5545,0.2521,0.1933,0.00212
2026-08-23,3,3b81531990da7ea3e461c43e8827672b,2026-09-05T14:00:00Z,LEE,BHA,False,0.9849,1.8014,0.1651,0.1933,0.2521,0.5545,0.00212
2026-08-23,3,3db5f919507eb8ab0c8c72bddaca8f08,2026-09-05T14:00:00Z,MCI,COV,True,3.0632,0.8081,0.4457,0.8135,0.1249,0.0616,0.005969
2026-08-23,3,3db5f919507eb8ab0c8c72bddaca8f08,2026-09-05T14:00:00Z,COV,MCI,False,0.8081,3.0632,0.0467,0.0616,0.1249,0.8135,0.005969
2026-08-23,1,4e4a813bf4218cc527e6f8ef2351170d,2026-08-24T19:00:00Z,FUL,CHE,True,1.1722,1.8447,0.1581,0.2306,0.249,0.5205,0.004654
2026-08-23,1,4e4a813bf4218cc527e6f8ef2351170d,2026-08-24T19:00:00Z,CHE,FUL,False,1.8447,1.1722,0.3097,0.5205,0.249,0.2306,0.004654
2026-08-23,2,5759167055d94ba38e145ab92188abbf,2026-08-30T15:30:00Z,MUN,IPS,True,2.253,0.827,0.4374,0.688,0.1979,0.1141,0.009144
2026-08-23,2,5759167055d94ba38e145ab92188abbf,2026-08-30T15:30:00Z,IPS,MUN,False,0.827,2.253,0.1051,0.1141,0.1979,0.688,0.009144
2026-08-23,3,625c096fabb6047cbeb082dab9affce4,2026-09-04T19:00:00Z,IPS,LIV,True,0.9805,1.9358,0.1443,0.1759,0.2378,0.5863,0.0086
2026-08-23,3,625c096fabb6047cbeb082dab9affce4,2026-09-04T19:00:00Z,LIV,IPS,False,1.9358,0.9805,0.3751,0.5863,0.2378,0.1759,0.0086
2026-08-23,3,686358c484cc44fe8e617674c335d531,2026-09-05T11:30:00Z,NEW,BOU,True,1.6004,1.4323,0.2388,0.4054,0.2627,0.3319,0.003537
2026-08-23,3,686358c484cc44fe8e617674c335d531,2026-09-05T11:30:00Z,BOU,NEW,False,1.4323,1.6004,0.2018,0.3319,0.2627,0.4054,0.003537
2026-08-23,2,6a4c946a61ddb5ef4703eb4528ccdef1,2026-08-30T13:00:00Z,CHE,BHA,True,1.6841,1.1927,0.3034,0.4774,0.2633,0.2593,0.005643
2026-08-23,2,6a4c946a61ddb5ef4703eb4528ccdef1,2026-08-30T13:00:00Z,BHA,CHE,False,1.1927,1.6841,0.1856,0.2593,0.2633,0.4774,0.005643
2026-08-23,3,78d4dfda8c2dc27bdc3ec26c2654f8fc,2026-09-06T15:30:00Z,ARS,CHE,True,1.8287,0.8832,0.4135,0.5861,0.247,0.1669,0.006939
2026-08-23,3,78d4dfda8c2dc27bdc3ec26c2654f8fc,2026-09-06T15:30:00Z,CHE,ARS,False,0.8832,1.8287,0.1606,0.1669,0.247,0.5861,0.006939
2026-08-23,2,7a8746a45dc76378359a7d9cc5474bc8,2026-08-29T16:30:00Z,TOT,NEW,True,1.6251,1.2847,0.2767,0.4425,0.2661,0.2914,0.009166
2026-08-23,2,7a8746a45dc76378359a7d9cc5474bc8,2026-08-29T16:30:00Z,NEW,TOT,False,1.2847,1.6251,0.1969,0.2914,0.2661,0.4425,0.009166
2026-08-23,3,8ea6c863f1852654399073b518b0a1f8,2026-09-06T13:00:00Z,EVE,MUN,True,1.3044,1.3811,0.2513,0.3406,0.2833,0.376,0.005443
2026-08-23,3,8ea6c863f1852654399073b518b0a1f8,2026-09-06T13:00:00Z,MUN,EVE,False,1.3811,1.3044,0.2713,0.376,0.2833,0.3406,0.005443
2026-08-23,3,8f68612bf47c3193e7fa2d8783e79373,2026-09-05T14:00:00Z,FUL,CRY,True,1.5112,1.1789,0.3076,0.437,0.2788,0.2843,0.010947
2026-08-23,3,8f68612bf47c3193e7fa2d8783e79373,2026-09-05T14:00:00Z,CRY,FUL,False,1.1789,1.5112,0.2206,0.2843,0.2788,0.437,0.010947
2026-08-23,2,9becb395ad634de55caec620f9d713fa,2026-08-30T13:00:00Z,SUN,FUL,True,1.2812,1.2258,0.2935,0.3656,0.2951,0.3393,0.00561
2026-08-23,2,9becb395ad634de55caec620f9d713fa,2026-08-30T13:00:00Z,FUL,SUN,False,1.2258,1.2812,0.2777,0.3393,0.2951,0.3656,0.00561
2026-08-23,3,a6f2622727548c33369cc15c88b2aabd,2026-09-05T14:00:00Z,NFO,TOT,True,1.2875,1.2779,0.2786,0.3566,0.2913,0.3521,0.013717
2026-08-23,3,a6f2622727548c33369cc15c88b2aabd,2026-09-05T14:00:00Z,TOT,NFO,False,1.2779,1.2875,0.276,0.3521,0.2913,0.3566,0.013717
2026-08-23,2,e479c08421b8549c6959c2b84f6f3f79,2026-08-30T13:00:00Z,LEE,BRE,True,1.4013,1.3205,0.267,0.378,0.2811,0.3409,0.007708
2026-08-23,2,e479c08421b8549c6959c2b84f6f3f79,2026-08-30T13:00:00Z,BRE,LEE,False,1.3205,1.4013,0.2463,0.3409,0.2811,0.378,0.007708
2026-08-23,2,feafb731d0307bc91a58e18187aa2eab,2026-08-29T11:30:00Z,LIV,NFO,True,2.1799,0.9341,0.3929,0.6487,0.2109,0.1404,0.005048
2026-08-23,2,feafb731d0307bc91a58e18187aa2eab,2026-08-29T11:30:00Z,NFO,LIV,False,0.9341,2.1799,0.1131,0.1404,0.2109,0.6487,0.005048
2026-08-23,2,ff4818bd73fa63c0a1e4c98e50c7a2e5,2026-08-29T14:00:00Z,BOU,EVE,True,1.6331,1.1498,0.3167,0.4746,0.2686,0.2569,0.005641
2026-08-23,2,ff4818bd73fa63c0a1e4c98e50c7a2e5,2026-08-29T14:00:00Z,EVE,BOU,False,1.1498,1.6331,0.1953,0.2569,0.2686,0.4746,0.005641
