Snapshot,Snapshot UTC,GW,GW finished,ID,Player,Team,Pos,Price,Owned %,Form,Total pts,GW pts,PPG,Minutes,Starts,Goals,Assists,xGI,DEFCON,DEFCON per 90,Exp pts next,Status,Chance next GW,Transfers in (GW),Transfers out (GW),Price change (GW)
2026-08-21,2026-08-21 21:13,1,False,1,Raya,ARS,GKP,6.0,37.6,6.0,6,6,6.0,90,1,0,0,0.0,0,0.0,4.0,Available,,2141,1823,0.0
2026-08-21,2026-08-21 21:13,1,False,2,Arrizabalaga,ARS,GKP,5.0,0.1,0.0,0,0,0.0,0,0,0,0,0.0,0,0.0,2.6,Available,,20,79,0.0
2026-08-21,2026-08-21 21:13,1,False,3,Meslier,ARS,GKP,5.0,0.0,0.0,0,0,0.0,0,0,0,0,0.0,0,0.0,2.6,Available,,8,32,0.0
2026-08-21,2026-08-21 21:13,1,False,4,Gabriel,ARS,DEF,8.0,29.7,5.0,5,5,5.0,90,1,0,0,0.05,3,3.0,4.0,Available,,1904,4210,0.0
2026-08-21,2026-08-21 21:13,1,False,5,J.Timber,ARS,DEF,6.5,0.1,0.0,0,0,0.0,0,0,0,0,0.0,0,0.0,0.0,Injured,0.0,28,202,0.0
2026-08-21,2026-08-21 21:13,1,False,6,Saliba,ARS,DEF,6.0,0.3,0.0,0,0,0.0,0,0,0,0,0.0,0,0.0,0.0,Injured,0.0,73,526,0.0
2026-08-21,2026-08-21 21:13,1,False,7,Lewis-Skelly,ARS,MID,5.5,0.7,3.0,3,3,3.0,90,1,0,0,0.16,7,7.0,2.0,Available,,974,287,0.0
2026-08-21,2026-08-21 21:13,1,False,8,Calafiori,ARS,DEF,5.5,39.8,9.0,9,9,9.0,80,1,0,1,0.17,5,5.62,2.5,Available,,19725,1440,0.0
2026-08-21,2026-08-21 21:13,1,False,9,Hincapie,ARS,DEF,5.5,1.8,1.0,1,1,1.0,9,0,0,0,0.0,0,0.0,2.5,Available,,416,3495,0.0
2026-08-21,2026-08-21 21:13,1,False,10,White,ARS,DEF,5.5,4.5,11.0,11,11,11.0,90,1,0,1,0.3,5,5.0,2.5,Available,100.0,2343,678,0.0
2026-08-21,2026-08-21 21:13,1,False,11,Mosquera,ARS,DEF,5.5,6.4,6.0,6,6,6.0,90,1,0,0,0.0,6,6.0,2.5,Available,,1710,1935,0.0
2026-08-21,2026-08-21 21:13,1,False,12,Saka,ARS,MID,9.5,9.3,9.0,9,9,9.0,67,1,1,0,0.71,7,9.4,3.2,Available,,2783,621,0.0
2026-08-21,2026-08-21 21:13,1,False,13,Rice,ARS,MID,7.5,18.1,3.0,3,3,3.0,67,1,0,0,0.14,5,6.72,2.6,Available,,2754,4916,0.0
2026-08-21,2026-08-21 21:13,1,False,14,Eze,ARS,MID,6.5,2.1,1.0,1,1,1.0,14,0,0,0,0.03,2,12.86,2.3,Available,,426,2695,0.0
2026-08-21,2026-08-21 21:13,1,False,15,Ødegaard,ARS,MID,6.5,8.1,11.0,11,11,11.0,75,1,1,0,0.3,8,9.6,2.3,Available,,7038,1423,0.0
2026-08-21,2026-08-21 21:13,1,False,16,Madueke,ARS,MID,6.5,0.3,1.0,1,1,1.0,22,0,0,0,0.04,2,8.18,2.3,Available,,67,485,0.0
2026-08-21,2026-08-21 21:13,1,False,17,Merino,ARS,MID,6.0,0.7,1.0,1,1,1.0,14,0,0,0,0.13,2,12.86,2.1,Available,,192,903,0.0
2026-08-21,2026-08-21 21:13,1,False,18,Martinelli,ARS,MID,6.5,0.2,0.0,0,0,0.0,0,0,0,0,0.0,0,0.0,2.3,Available,,90,505,0.0
2026-08-21,2026-08-21 21:13,1,False,19,Zubimendi,ARS,MID,5.5,1.2,1.0,1,1,1.0,22,0,0,0,0.02,3,12.27,2.0,Available,,110,993,0.0
2026-08-21,2026-08-21 21:13,1,False,20,Dowman,ARS,MID,5.5,0.1,0.0,0,0,0.0,0,0,0,0,0.0,0,0.0,2.0,Available,,37,159,0.0
2026-08-21,2026-08-21 21:13,1,False,21,Nørgaard,EVE,MID,5.0,0.1,0.0,0,0,0.0,0,0,0,0,0.0,0,0.0,0.0,Injured,0.0,6,147,0.0
2026-08-21,2026-08-21 21:13,1,False,22,Nwaneri,ARS,MID,5.5,0.0,0.0,0,0,0.0,0,0,0,0,0.0,0,0.0,2.0,Available,,6,22,0.0
2026-08-21,2026-08-21 21:13,1,False,23,Fábio Vieira,ARS,MID,5.5,0.0,0.0,0,0,0.0,0,0,0,0,0.0,0,0.0,2.0,Available,,4,8,0.0
2026-08-21,2026-08-21 21:13,1,False,24,Nelson,ARS,MID,5.5,0.0,0.0,0,0,0.0,0,0,0,0,0.0,0,0.0,2.0,Available,,3,6,0.0
2026-08-21,2026-08-21 21:13,1,False,25,Gyökeres,ARS,FWD,7.5,9.1,0.0,0,0,0.0,0,0,0,0,0.0,0,0.0,2.4,Available,,536,12311,0.0
2026-08-21,2026-08-21 21:13,1,False,26,Havertz,ARS,FWD,7.5,5.5,6.0,6,6,6.0,90,1,1,0,0.27,2,2.0,2.4,Available,,10662,843,0.0
2026-08-21,2026-08-21 21:13,1,False,27,G.Jesus,ARS,FWD,6.0,0.4,0.0,0,0,0.0,0,0,0,0,0.0,0,0.0,2.0,Available,,142,492,0.0
2026-08-21,2026-08-21 21:13,1,False,28,Martinez,AVL,GKP,5.0,4.4,0.0,0,0,0.0,0,0,0,0,0.0,0,0.0,2.6,Available,,612,789,0.0
2026-08-21,2026-08-21 21:13,1,False,29,M.Bizot,AVL,GKP,4.5,0.1,0.0,0,0,0.0,0,0,0,0,0.0,0,0.0,1.9,Available,,30,13,0.0
2026-08-21,2026-08-21 21:13,1,False,30,Digne,AVL,DEF,4.5,0.1,0.0,0,0,0.0,0,0,0,0,0.0,0,0.0,0.0,Unavailable,0.0,0,462,0.0
2026-08-21,2026-08-21 21:13,1,False,31,Konsa,ARS,DEF,4.5,13.3,0.0,0,0,0.0,0,0,0,0,0.0,0,0.0,1.7,Available,,4032,13278,0.0
2026-08-21,2026-08-21 21:13,1,False,32,Cash,AVL,DEF,4.5,8.9,0.0,0,0,0.0,0,0,0,0,0.0,0,0.0,1.7,Available,,5055,707,0.0
2026-08-21,2026-08-21 21:13,1,False,33,Mings,AVL,DEF,4.5,0.4,0.0,0,0,0.0,0,0,0,0,0.0,0,0.0,1.7,Available,,477,46,0.0
2026-08-21,2026-08-21 21:13,1,False,34,Pau,AVL,DEF,4.5,0.4,0.0,0,0,0.0,0,0,0,0,0.0,0,0.0,1.7,Available,,302,55,0.0
2026-08-21,2026-08-21 21:13,1,False,35,Bogarde,AVL,MID,5.0,0.1,0.0,0,0,0.0,0,0,0,0,0.0,0,0.0,1.5,Available,,87,26,0.0
2026-08-21,2026-08-21 21:13,1,False,36,Maatsen,AVL,DEF,4.5,0.8,0.0,0,0,0.0,0,0,0,0,0.0,0,0.0,1.7,Available,,369,79,0.0
2026-08-21,2026-08-21 21:13,1,False,37,Lindelöf,AVL,DEF,4.5,0.3,0.0,0,0,0.0,0,0,0,0,0.0,0,0.0,1.7,Available,,241,45,0.0
2026-08-21,2026-08-21 21:13,1,False,38,A.García,AVL,DEF,4.0,1.8,0.0,0,0,0.0,0,0,0,0,0.0,0,0.0,1.0,Available,,604,226,0.0
2026-08-21,2026-08-21 21:13,1,False,39,Nedeljkovic,AVL,DEF,4.0,0.3,0.0,0,0,0.0,0,0,0,0,0.0,0,0.0,0.0,Unavailable,0.0,0,479,0.0
2026-08-21,2026-08-21 21:13,1,False,40,Rogers,CHE,MID,7.5,24.4,0.0,0,0,0.0,0,0,0,0,0.0,0,0.0,2.6,Available,,1907,1718,0.0
2026-08-21,2026-08-21 21:13,1,False,41,Buendía,AVL,MID,6.0,1.4,0.0,0,0,0.0,0,0,0,0,0.0,0,0.0,2.1,Available,,311,209,0.0
2026-08-21,2026-08-21 21:13,1,False,42,Guessand,CRY,MID,5.5,0.0,0.0,0,0,0.0,0,0,0,0,0.0,0,0.0,2.0,Available,,23,13,0.0
2026-08-21,2026-08-21 21:13,1,False,43,Tielemans,MUN,MID,6.0,2.6,0.0,0,0,0.0,0,0,0,0,0.0,0,0.0,2.1,Available,100.0,845,396,0.0
2026-08-21,2026-08-21 21:13,1,False,44,Bailey,AVL,MID,5.5,0.2,0.0,0,0,0.0,0,0,0,0,0.0,0,0.0,2.0,Available,,74,41,0.0
2026-08-21,2026-08-21 21:13,1,False,45,McGinn,AVL,MID,5.5,3.3,0.0,0,0,0.0,0,0,0,0,0.0,0,0.0,2.0,Available,,512,408,0.0
2026-08-21,2026-08-21 21:13,1,False,46,Barkley,AVL,MID,5.0,0.2,0.0,0,0,0.0,0,0,0,0,0.0,0,0.0,1.5,Available,,146,49,0.0
2026-08-21,2026-08-21 21:13,1,False,47,Kamara,AVL,MID,5.0,0.4,0.0,0,0,0.0,0,0,0,0,0.0,0,0.0,1.5,Available,100.0,226,100,0.0
2026-08-21,2026-08-21 21:13,1,False,48,Onana,AVL,MID,5.0,0.0,0.0,0,0,0.0,0,0,0,0,0.0,0,0.0,0.0,Injured,0.0,12,23,0.0
2026-08-21,2026-08-21 21:13,1,False,49,Iling Jr,AVL,MID,5.0,0.0,0.0,0,0,0.0,0,0,0,0,0.0,0,0.0,0.0,Unavailable,0.0,0,12,0.0
2026-08-21,2026-08-21 21:13,1,False,50,Burrowes,AVL,MID,4.5,0.7,0.0,0,0,0.0,0,0,0,0,0.0,0,0.0,1.0,Available,,242,102,0.0
2026-08-21,2026-08-21 21:13,1,False,51,George Hemmings,AVL,MID,4.5,0.7,0.0,0,0,0.0,0,0,0,0,0.0,0,0.0,1.0,Available,,164,69,0.0
2026-08-21,2026-08-21 21:13,1,False,52,Alysson,AVL,MID,5.0,0.0,0.0,0,0,0.0,0,0,0,0,0.0,0,0.0,1.5,Available,,22,8,0.0
2026-08-21,2026-08-21 21:13,1,False,53,Manzambi,AVL,MID,6.0,0.3,0.0,0,0,0.0,0,0,0,0,0.0,0,0.0,0.0,Injured,0.0,19,597,0.0
2026-08-21,2026-08-21 21:13,1,False,54,Gomes,AVL,MID,5.5,0.1,0.0,0,0,0.0,0,0,0,0,0.0,0,0.0,0.0,Injured,0.0,4,101,0.0
2026-08-21,2026-08-21 21:13,1,False,55,Watkins,AVL,FWD,8.0,10.2,0.0,0,0,0.0,0,0,0,0,0.0,0,0.0,2.5,Available,,651,2058,0.0
2026-08-21,2026-08-21 21:13,1,False,56,Abraham,AVL,FWD,5.5,0.1,0.0,0,0,0.0,0,0,0,0,0.0,0,0.0,1.3,Doubtful,75.0,39,84,0.0
2026-08-21,2026-08-21 21:13,1,False,57,Petrović,BOU,GKP,4.5,3.2,0.0,0,0,0.0,0,0,0,0,0.0,0,0.0,1.9,Available,,302,167,0.0
2026-08-21,2026-08-21 21:13,1,False,58,Forster,BOU,GKP,4.0,3.2,0.0,0,0,0.0,0,0,0,0,0.0,0,0.0,1.0,Available,,228,133,0.0
2026-08-21,2026-08-21 21:13,1,False,59,Dennis,BOU,GKP,4.0,0.2,0.0,0,0,0.0,0,0,0,0,0.0,0,0.0,1.0,Available,,44,10,0.0
2026-08-21,2026-08-21 21:13,1,False,60,Hill,BOU,DEF,5.5,0.8,0.0,0,0,0.0,0,0,0,0,0.0,0,0.0,2.5,Available,,346,151,0.0
2026-08-21,2026-08-21 21:13,1,False,61,Truffert,BOU,DEF,5.5,4.4,0.0,0,0,0.0,0,0,0,0,0.0,0,0.0,2.5,Available,,616,445,0.0
2026-08-21,2026-08-21 21:13,1,False,62,Diakité,BOU,DEF,5.0,0.2,0.0,0,0,0.0,0,0,0,0,0.0,0,0.0,2.2,Available,,199,28,0.0
2026-08-21,2026-08-21 21:13,1,False,63,Milosavljević,BOU,DEF,5.0,0.0,0.0,0,0,0.0,0,0,0,0,0.0,0,0.0,0.0,Injured,0.0,4,15,0.0
2026-08-21,2026-08-21 21:13,1,False,64,Smith,BOU,DEF,4.5,0.1,0.0,0,0,0.0,0,0,0,0,0.0,0,0.0,1.7,Available,,90,9,0.0
2026-08-21,2026-08-21 21:13,1,False,65,J.Araujo,BOU,DEF,4.5,0.0,0.0,0,0,0.0,0,0,0,0,0.0,0,0.0,0.0,Injured,0.0,7,37,0.0
2026-08-21,2026-08-21 21:13,1,False,66,Soler,BOU,DEF,4.0,0.2,0.0,0,0,0.0,0,0,0,0,0.0,0,0.0,0.8,Doubtful,75.0,34,67,0.0
2026-08-21,2026-08-21 21:13,1,False,67,Rayan,BOU,MID,6.5,2.7,0.0,0,0,0.0,0,0,0,0,0.0,0,0.0,2.3,Available,,542,467,0.0
2026-08-21,2026-08-21 21:13,1,False,68,Tavernier,BOU,MID,6.0,1.6,0.0,0,0,0.0,0,0,0,0,0.0,0,0.0,2.1,Available,,139,153,0.0
2026-08-21,2026-08-21 21:13,1,False,69,Scott,BOU,MID,6.0,1.5,0.0,0,0,0.0,0,0,0,0,0.0,0,0.0,2.1,Available,,235,226,0.0
2026-08-21,2026-08-21 21:13,1,False,70,Kluivert,BOU,MID,6.0,1.1,0.0,0,0,0.0,0,0,0,0,0.0,0,0.0,2.1,Available,,283,164,0.0
2026-08-21,2026-08-21 21:13,1,False,71,Cook,BOU,MID,5.0,0.2,0.0,0,0,0.0,0,0,0,0,0.0,0,0.0,1.5,Available,,115,31,0.0
2026-08-21,2026-08-21 21:13,1,False,72,Gannon-Doak,BOU,MID,5.0,0.1,0.0,0,0,0.0,0,0,0,0,0.0,0,0.0,1.5,Available,,31,19,0.0
2026-08-21,2026-08-21 21:13,1,False,73,Adams,BOU,MID,5.0,0.2,0.0,0,0,0.0,0,0,0,0,0.0,0,0.0,1.1,Doubtful,75.0,21,175,0.0
2026-08-21,2026-08-21 21:13,1,False,74,Brooks,BOU,MID,5.0,0.1,0.0,0,0,0.0,0,0,0,0,0.0,0,0.0,1.1,Doubtful,75.0,8,38,0.0
2026-08-21,2026-08-21 21:13,1,False,75,Christie,BOU,MID,5.0,0.0,0.0,0,0,0.0,0,0,0,0,0.0,0,0.0,0.0,Suspended,0.0,7,6,0.0
2026-08-21,2026-08-21 21:13,1,False,76,Tóth.A,BOU,MID,5.0,0.0,0.0,0,0,0.0,0,0,0,0,0.0,0,0.0,1.5,Available,,3,3,0.0
2026-08-21,2026-08-21 21:13,1,False,77,Adli,BOU,MID,5.0,0.0,0.0,0,0,0.0,0,0,0,0,0.0,0,0.0,0.0,Injured,0.0,1,58,0.0
2026-08-21,2026-08-21 21:13,1,False,78,Kroupi.Jr,BOU,MID,7.5,0.5,0.0,0,0,0.0,0,0,0,0,0.0,0,0.0,0.0,Injured,0.0,24,964,0.0
2026-08-21,2026-08-21 21:13,1,False,79,Evanilson,BOU,FWD,6.0,2.3,0.0,0,0,0.0,0,0,0,0,0.0,0,0.0,2.0,Available,,520,307,0.0
2026-08-21,2026-08-21 21:13,1,False,80,Enes Ünal,BOU,FWD,5.5,0.0,0.0,0,0,0.0,0,0,0,0,0.0,0,0.0,0.0,Unavailable,0.0,0,77,0.0
2026-08-21,2026-08-21 21:13,1,False,81,Rodríguez,BOU,FWD,6.0,0.1,0.0,0,0,0.0,0,0,0,0,0.0,0,0.0,1.5,Doubtful,75.0,9,60,0.0
2026-08-21,2026-08-21 21:13,1,False,82,Kelleher,BRE,GKP,5.0,5.8,0.0,0,0,0.0,0,0,0,0,0.0,0,0.0,2.6,Available,,366,326,0.0
2026-08-21,2026-08-21 21:13,1,False,83,Valdimarsson,BRE,GKP,4.5,0.1,0.0,0,0,0.0,0,0,0,0,0.0,0,0.0,1.9,Available,,15,13,0.0
2026-08-21,2026-08-21 21:13,1,False,84,Collins,BRE,DEF,5.5,1.8,0.0,0,0,0.0,0,0,0,0,0.0,0,0.0,2.5,Available,,353,209,0.0
2026-08-21,2026-08-21 21:13,1,False,85,Van den Berg,BRE,DEF,5.0,0.2,0.0,0,0,0.0,0,0,0,0,0.0,0,0.0,0.0,Injured,0.0,15,251,0.0
2026-08-21,2026-08-21 21:13,1,False,86,Lewis-Potter,BRE,MID,5.5,0.4,0.0,0,0,0.0,0,0,0,0,0.0,0,0.0,2.0,Available,,41,52,0.0
2026-08-21,2026-08-21 21:13,1,False,87,Ajer,BRE,DEF,4.5,3.6,0.0,0,0,0.0,0,0,0,0,0.0,0,0.0,1.7,Available,,660,143,0.0
2026-08-21,2026-08-21 21:13,1,False,88,Kayode,BRE,DEF,4.5,3.2,0.0,0,0,0.0,0,0,0,0,0.0,0,0.0,1.7,Available,,877,145,0.0
2026-08-21,2026-08-21 21:13,1,False,89,Henry,BRE,DEF,4.5,0.3,0.0,0,0,0.0,0,0,0,0,0.0,0,0.0,1.7,Available,,51,29,0.0
2026-08-21,2026-08-21 21:13,1,False,90,Hickey,BRE,DEF,4.5,0.1,0.0,0,0,0.0,0,0,0,0,0.0,0,0.0,1.7,Available,,42,11,0.0
2026-08-21,2026-08-21 21:13,1,False,91,Pinnock,BRE,DEF,4.5,0.1,0.0,0,0,0.0,0,0,0,0,0.0,0,0.0,1.7,Available,,25,8,0.0
2026-08-21,2026-08-21 21:13,1,False,92,Ji-soo,BRE,DEF,4.5,0.0,0.0,0,0,0.0,0,0,0,0,0.0,0,0.0,1.7,Available,,4,2,0.0
2026-08-21,2026-08-21 21:13,1,False,93,Schuster,BRE,DEF,4.5,0.2,0.0,0,0,0.0,0,0,0,0,0.0,0,0.0,1.7,Available,,6,20,0.0
2026-08-21,2026-08-21 21:13,1,False,94,Schade,BRE,MID,6.0,3.7,0.0,0,0,0.0,0,0,0,0,0.0,0,0.0,2.1,Available,,293,241,0.0
2026-08-21,2026-08-21 21:13,1,False,95,O.Dango,BRE,MID,6.5,1.2,0.0,0,0,0.0,0,0,0,0,0.0,0,0.0,2.3,Available,,88,164,0.0
2026-08-21,2026-08-21 21:13,1,False,96,Damsgaard,BRE,MID,5.5,0.6,0.0,0,0,0.0,0,0,0,0,0.0,0,0.0,2.0,Available,,81,67,0.0
2026-08-21,2026-08-21 21:13,1,False,97,Jensen,BRE,MID,5.5,0.2,0.0,0,0,0.0,0,0,0,0,0.0,0,0.0,2.0,Available,,10,18,0.0
2026-08-21,2026-08-21 21:13,1,False,98,Janelt,BRE,MID,5.0,0.1,0.0,0,0,0.0,0,0,0,0,0.0,0,0.0,1.5,Available,,18,12,0.0
2026-08-21,2026-08-21 21:13,1,False,99,Milambo,BRE,MID,5.0,0.0,0.0,0,0,0.0,0,0,0,0,0.0,0,0.0,0.0,Injured,0.0,0,5,0.0
2026-08-21,2026-08-21 21:13,1,False,100,Carvalho,BRE,MID,5.0,0.0,0.0,0,0,0.0,0,0,0,0,0.0,0,0.0,1.1,Doubtful,75.0,3,10,0.0
2026-08-21,2026-08-21 21:13,1,False,101,Henderson,CHE,MID,5.0,0.0,0.0,0,0,0.0,0,0,0,0,0.0,0,0.0,1.1,Doubtful,75.0,17,28,0.0
2026-08-21,2026-08-21 21:13,1,False,102,Yarmoliuk,BRE,MID,5.0,1.4,0.0,0,0,0.0,0,0,0,0,0.0,0,0.0,1.5,Available,,53,104,0.0
2026-08-21,2026-08-21 21:13,1,False,103,Dasilva,BRE,MID,5.0,0.0,0.0,0,0,0.0,0,0,0,0,0.0,0,0.0,1.5,Available,,6,6,0.0
2026-08-21,2026-08-21 21:13,1,False,104,Onyeka,COV,MID,5.0,0.2,2.0,2,2,2.0,90,1,0,0,0.01,8,8.0,1.5,Available,,90,45,0.0
2026-08-21,2026-08-21 21:13,1,False,105,Anthony,BRE,MID,6.0,0.2,0.0,0,0,0.0,0,0,0,0,0.0,0,0.0,2.1,Available,,31,28,0.0
2026-08-21,2026-08-21 21:13,1,False,106,Thiago,BRE,FWD,8.0,17.0,0.0,0,0,0.0,0,0,0,0,0.0,0,0.0,2.5,Available,,1395,1824,0.0
2026-08-21,2026-08-21 21:13,1,False,107,Furo,BRE,FWD,4.5,0.9,0.0,0,0,0.0,0,0,0,0,0.0,0,0.0,1.0,Available,,315,150,0.0
2026-08-21,2026-08-21 21:13,1,False,108,Wilson,BRE,FWD,5.5,0.3,0.0,0,0,0.0,0,0,0,0,0.0,0,0.0,1.8,Available,,151,75,0.0
2026-08-21,2026-08-21 21:13,1,False,109,Verbruggen,BHA,GKP,4.5,22.1,0.0,0,0,0.0,0,0,0,0,0.0,0,0.0,1.9,Available,,1029,681,0.0
2026-08-21,2026-08-21 21:13,1,False,110,Rushworth,COV,GKP,4.5,1.1,1.0,1,1,1.0,90,1,0,0,0.01,0,0.0,1.9,Available,,248,99,0.0
2026-08-21,2026-08-21 21:13,1,False,111,Steele,BHA,GKP,4.0,4.2,0.0,0,0,0.0,0,0,0,0,0.0,0,0.0,1.0,Available,,227,151,0.0
2026-08-21,2026-08-21 21:13,1,False,112,Van Hecke,TOT,DEF,5.0,10.8,0.0,0,0,0.0,0,0,0,0,0.0,0,0.0,2.2,Available,,5205,653,0.0
2026-08-21,2026-08-21 21:13,1,False,113,F.Kadıoğlu,BHA,DEF,4.5,3.0,0.0,0,0,0.0,0,0,0,0,0.0,0,0.0,1.7,Available,,449,212,0.0
2026-08-21,2026-08-21 21:13,1,False,114,Boscagli,BHA,DEF,4.5,0.2,0.0,0,0,0.0,0,0,0,0,0.0,0,0.0,1.7,Available,,35,22,0.0
2026-08-21,2026-08-21 21:13,1,False,115,De Cuyper,BHA,DEF,4.5,1.7,0.0,0,0,0.0,0,0,0,0,0.0,0,0.0,1.7,Available,,244,129,0.0
2026-08-21,2026-08-21 21:13,1,False,116,Dunk,BHA,DEF,4.5,1.0,0.0,0,0,0.0,0,0,0,0,0.0,0,0.0,1.7,Available,,382,89,0.0
2026-08-21,2026-08-21 21:13,1,False,117,Coppola,BHA,DEF,4.5,0.0,0.0,0,0,0.0,0,0,0,0,0.0,0,0.0,1.7,Available,,5,1,0.0
2026-08-21,2026-08-21 21:13,1,False,118,Igor,BHA,DEF,4.5,0.1,0.0,0,0,0.0,0,0,0,0,0.0,0,0.0,1.7,Available,,43,12,0.0
2026-08-21,2026-08-21 21:13,1,False,119,Costinha,BHA,DEF,4.5,0.0,0.0,0,0,0.0,0,0,0,0,0.0,0,0.0,1.7,Available,,13,1,0.0
2026-08-21,2026-08-21 21:13,1,False,120,Svoboda,BHA,DEF,5.0,0.0,0.0,0,0,0.0,0,0,0,0,0.0,0,0.0,2.2,Available,,22,7,0.0
2026-08-21,2026-08-21 21:13,1,False,121,Mitoma,BHA,MID,6.0,0.0,0.0,0,0,0.0,0,0,0,0,0.0,0,0.0,0.0,Injured,0.0,12,67,0.0
2026-08-21,2026-08-21 21:13,1,False,122,Minteh,BHA,MID,6.0,0.1,0.0,0,0,0.0,0,0,0,0,0.0,0,0.0,0.0,Injured,0.0,12,212,0.0
2026-08-21,2026-08-21 21:13,1,False,123,Hinshelwood,BHA,MID,6.0,0.4,0.0,0,0,0.0,0,0,0,0,0.0,0,0.0,2.1,Available,,21,49,0.0
2026-08-21,2026-08-21 21:13,1,False,124,Groß,BHA,MID,5.5,14.6,0.0,0,0,0.0,0,0,0,0,0.0,0,0.0,2.0,Available,,1040,689,0.0
2026-08-21,2026-08-21 21:13,1,False,125,Georginio,BHA,FWD,5.5,0.9,0.0,0,0,0.0,0,0,0,0,0.0,0,0.0,1.8,Available,,123,92,0.0
2026-08-21,2026-08-21 21:13,1,False,126,O'Riley,BHA,MID,5.5,0.1,0.0,0,0,0.0,0,0,0,0,0.0,0,0.0,2.0,Available,,28,22,0.0
2026-08-21,2026-08-21 21:13,1,False,127,Gomez,BHA,MID,5.0,4.0,0.0,0,0,0.0,0,0,0,0,0.0,0,0.0,1.5,Available,,482,251,0.0
2026-08-21,2026-08-21 21:13,1,False,128,Buonanotte,BHA,MID,5.0,0.0,0.0,0,0,0.0,0,0,0,0,0.0,0,0.0,0.0,Unavailable,0.0,0,18,0.0
2026-08-21,2026-08-21 21:13,1,False,129,Ayari,BHA,MID,5.5,0.7,0.0,0,0,0.0,0,0,0,0,0.0,0,0.0,2.0,Available,,79,102,0.0
2026-08-21,2026-08-21 21:13,1,False,130,Wieffer,BHA,DEF,5.0,0.3,0.0,0,0,0.0,0,0,0,0,0.0,0,0.0,2.2,Available,,33,38,0.0
2026-08-21,2026-08-21 21:13,1,False,131,Baleba,BHA,MID,5.0,0.2,0.0,0,0,0.0,0,0,0,0,0.0,0,0.0,0.0,Injured,0.0,213,144,0.0
2026-08-21,2026-08-21 21:13,1,False,132,Howell,BHA,MID,4.5,0.1,0.0,0,0,0.0,0,0,0,0,0.0,0,0.0,0.0,Unavailable,0.0,0,89,0.0
2026-08-21,2026-08-21 21:13,1,False,133,Watson,BHA,MID,5.0,0.0,0.0,0,0,0.0,0,0,0,0,0.0,0,0.0,0.0,Unavailable,0.0,0,3,0.0
2026-08-21,2026-08-21 21:13,1,False,134,Oriola,BHA,MID,4.5,0.3,0.0,0,0,0.0,0,0,0,0,0.0,0,0.0,1.0,Available,,103,37,0.0
2026-08-21,2026-08-21 21:13,1,False,135,Yohanna,BHA,MID,5.0,0.1,0.0,0,0,0.0,0,0,0,0,0.0,0,0.0,1.5,Available,,23,10,0.0
2026-08-21,2026-08-21 21:13,1,False,136,Welbeck,CHE,FWD,6.0,1.2,0.0,0,0,0.0,0,0,0,0,0.0,0,0.0,1.5,Doubtful,75.0,42,975,0.0
2026-08-21,2026-08-21 21:13,1,False,137,Tzimas,BHA,FWD,5.5,0.0,0.0,0,0,0.0,0,0,0,0,0.0,0,0.0,0.0,Injured,0.0,3,11,0.0
2026-08-21,2026-08-21 21:13,1,False,138,Kostoulas,BHA,FWD,5.5,0.2,0.0,0,0,0.0,0,0,0,0,0.0,0,0.0,1.8,Available,,20,37,0.0
2026-08-21,2026-08-21 21:13,1,False,139,Ferguson,BHA,FWD,5.0,0.0,0.0,0,0,0.0,0,0,0,0,0.0,0,0.0,0.0,Injured,0.0,30,35,0.0
2026-08-21,2026-08-21 21:13,1,False,140,Sánchez,CHE,GKP,5.0,2.4,0.0,0,0,0.0,0,0,0,0,0.0,0,0.0,2.6,Available,,243,248,0.0
2026-08-21,2026-08-21 21:13,1,False,141,Jörgensen,CHE,GKP,5.0,0.0,0.0,0,0,0.0,0,0,0,0,0.0,0,0.0,0.0,Unavailable,0.0,0,43,0.0
2026-08-21,2026-08-21 21:13,1,False,142,James,CHE,DEF,5.5,10.0,0.0,0,0,0.0,0,0,0,0,0.0,0,0.0,2.5,Available,,4132,891,0.0
2026-08-21,2026-08-21 21:13,1,False,143,Chalobah,CHE,DEF,5.5,0.2,0.0,0,0,0.0,0,0,0,0,0.0,0,0.0,0.0,Unavailable,0.0,0,651,0.0
2026-08-21,2026-08-21 21:13,1,False,144,Gusto,CHE,DEF,5.0,1.1,0.0,0,0,0.0,0,0,0,0,0.0,0,0.0,2.2,Available,,785,189,0.0
2026-08-21,2026-08-21 21:13,1,False,145,Fofana,CHE,DEF,5.0,0.0,0.0,0,0,0.0,0,0,0,0,0.0,0,0.0,0.0,Suspended,0.0,5,10,0.0
2026-08-21,2026-08-21 21:13,1,False,146,B.Badiashile,CHE,DEF,4.5,0.0,0.0,0,0,0.0,0,0,0,0,0.0,0,0.0,1.7,Available,,26,8,0.0
2026-08-21,2026-08-21 21:13,1,False,147,Tosin,CHE,DEF,4.5,0.2,0.0,0,0,0.0,0,0,0,0,0.0,0,0.0,1.7,Available,,32,40,0.0
2026-08-21,2026-08-21 21:13,1,False,148,Hato,CHE,DEF,4.5,0.5,0.0,0,0,0.0,0,0,0,0,0.0,0,0.0,1.7,Available,,130,67,0.0
2026-08-21,2026-08-21 21:13,1,False,149,Colwill,CHE,DEF,5.0,1.6,0.0,0,0,0.0,0,0,0,0,0.0,0,0.0,2.2,Available,,644,182,0.0
2026-08-21,2026-08-21 21:13,1,False,150,M.Sarr,CHE,DEF,4.5,0.1,0.0,0,0,0.0,0,0,0,0,0.0,0,0.0,1.7,Available,,52,18,0.0
2026-08-21,2026-08-21 21:13,1,False,151,Acheampong,CHE,DEF,4.5,0.3,0.0,0,0,0.0,0,0,0,0,0.0,0,0.0,1.7,Available,,97,72,0.0
2026-08-21,2026-08-21 21:13,1,False,152,Palestra,CHE,DEF,5.5,3.0,0.0,0,0,0.0,0,0,0,0,0.0,0,0.0,2.5,Available,,531,248,0.0
2026-08-21,2026-08-21 21:13,1,False,153,Disasi,CHE,DEF,4.5,0.1,0.0,0,0,0.0,0,0,0,0,0.0,0,0.0,1.7,Available,,52,15,0.0
2026-08-21,2026-08-21 21:13,1,False,154,Palmer,CHE,MID,9.5,10.4,0.0,0,0,0.0,0,0,0,0,0.0,0,0.0,3.2,Available,,551,885,0.0
2026-08-21,2026-08-21 21:13,1,False,155,Enzo,CHE,MID,7.0,5.0,0.0,0,0,0.0,0,0,0,0,0.0,0,0.0,2.5,Available,,1131,893,0.0
2026-08-21,2026-08-21 21:13,1,False,156,Neto,CHE,MID,6.5,1.3,0.0,0,0,0.0,0,0,0,0,0.0,0,0.0,2.3,Available,,301,250,0.0
2026-08-21,2026-08-21 21:13,1,False,157,Estêvão,CHE,MID,6.5,1.3,0.0,0,0,0.0,0,0,0,0,0.0,0,0.0,2.3,Available,,364,427,0.0
2026-08-21,2026-08-21 21:13,1,False,158,Gittens,CHE,MID,6.0,0.0,0.0,0,0,0.0,0,0,0,0,0.0,0,0.0,2.1,Available,,14,16,0.0
2026-08-21,2026-08-21 21:13,1,False,159,Caicedo,CHE,MID,5.5,3.9,0.0,0,0,0.0,0,0,0,0,0.0,0,0.0,2.0,Available,,926,564,0.0
2026-08-21,2026-08-21 21:13,1,False,160,Garnacho,AVL,MID,6.0,0.6,0.0,0,0,0.0,0,0,0,0,0.0,0,0.0,2.1,Available,,141,160,0.0
2026-08-21,2026-08-21 21:13,1,False,161,Lavia,CHE,MID,5.0,0.1,0.0,0,0,0.0,0,0,0,0,0.0,0,0.0,1.5,Available,,28,16,0.0
2026-08-21,2026-08-21 21:13,1,False,162,Andrey Santos,MUN,MID,5.0,1.1,0.0,0,0,0.0,0,0,0,0,0.0,0,0.0,1.5,Available,,426,261,0.0
2026-08-21,2026-08-21 21:13,1,False,163,D.Essugo,CHE,MID,4.5,0.2,0.0,0,0,0.0,0,0,0,0,0.0,0,0.0,1.0,Available,,91,61,0.0
2026-08-21,2026-08-21 21:13,1,False,164,Quenda,CHE,MID,5.5,0.0,0.0,0,0,0.0,0,0,0,0,0.0,0,0.0,2.0,Available,100.0,11,13,0.0
2026-08-21,2026-08-21 21:13,1,False,165,João Pedro,CHE,FWD,7.5,64.4,0.0,0,0,0.0,0,0,0,0,0.0,0,0.0,2.4,Available,,4538,1546,0.0
2026-08-21,2026-08-21 21:13,1,False,166,N.Jackson,CHE,FWD,6.5,0.3,0.0,0,0,0.0,0,0,0,0,0.0,0,0.0,2.1,Available,,115,147,0.0
2026-08-21,2026-08-21 21:13,1,False,167,Delap,CHE,FWD,5.5,0.5,0.0,0,0,0.0,0,0,0,0,0.0,0,0.0,1.8,Available,,113,161,0.0
2026-08-21,2026-08-21 21:13,1,False,168,Marc Guiu,CHE,FWD,5.0,0.5,0.0,0,0,0.0,0,0,0,0,0.0,0,0.0,1.4,Available,,168,131,0.0
2026-08-21,2026-08-21 21:13,1,False,169,Mheuka,CHE,FWD,4.5,0.3,0.0,0,0,0.0,0,0,0,0,0.0,0,0.0,1.0,Available,,145,102,0.0
2026-08-21,2026-08-21 21:13,1,False,170,Emegha,CHE,FWD,5.0,0.1,0.0,0,0,0.0,0,0,0,0,0.0,0,0.0,1.4,Available,100.0,127,52,0.0
2026-08-21,2026-08-21 21:13,1,False,171,Dovin,COV,GKP,4.0,1.6,0.0,0,0,0.0,0,0,0,0,0.0,0,0.0,1.0,Available,,53,149,0.0
2026-08-21,2026-08-21 21:13,1,False,172,Wilson,COV,GKP,4.5,0.5,0.0,0,0,0.0,0,0,0,0,0.0,0,0.0,1.9,Available,,14,108,0.0
2026-08-21,2026-08-21 21:13,1,False,173,Thomas,COV,DEF,4.0,8.1,1.0,1,1,1.0,90,1,0,0,0.1,9,9.0,1.0,Available,,980,316,0.0
2026-08-21,2026-08-21 21:13,1,False,174,Kitching,COV,DEF,4.0,0.7,0.0,0,0,0.0,0,0,0,0,0.0,0,0.0,1.0,Available,,35,107,0.0
2026-08-21,2026-08-21 21:13,1,False,175,van Ewijk,COV,DEF,4.0,14.0,1.0,1,1,1.0,90,1,0,0,0.01,7,7.0,1.0,Available,,1949,634,0.0
2026-08-21,2026-08-21 21:13,1,False,176,Dasilva,COV,DEF,4.0,0.8,1.0,1,1,1.0,90,1,0,0,0.02,6,6.0,1.0,Available,,180,84,0.0
2026-08-21,2026-08-21 21:13,1,False,177,Kesler-Hayden,COV,DEF,4.0,0.1,0.0,0,0,0.0,0,0,0,0,0.0,0,0.0,1.0,Available,,14,13,0.0
2026-08-21,2026-08-21 21:13,1,False,178,Bidwell,COV,DEF,4.0,0.1,0.0,0,0,0.0,0,0,0,0,0.0,0,0.0,1.0,Available,,201,29,0.0
2026-08-21,2026-08-21 21:13,1,False,179,Latibeaudiere,COV,DEF,4.0,0.0,0.0,0,0,0.0,0,0,0,0,0.0,0,0.0,1.0,Available,,10,13,0.0
2026-08-21,2026-08-21 21:13,1,False,180,Woolfenden,COV,DEF,4.0,0.2,0.0,0,0,0.0,0,0,0,0,0.0,0,0.0,1.0,Available,,43,42,0.0
2026-08-21,2026-08-21 21:13,1,False,181,Brau,COV,DEF,4.0,0.0,0.0,0,0,0.0,0,0,0,0,0.0,0,0.0,1.0,Available,,7,13,0.0
2026-08-21,2026-08-21 21:13,1,False,182,Amenda,COV,DEF,4.0,0.9,1.0,1,1,1.0,90,1,0,0,0.01,9,9.0,1.0,Available,,195,92,0.0
2026-08-21,2026-08-21 21:13,1,False,183,Rudoni,COV,MID,5.0,0.1,1.0,1,1,1.0,20,0,0,0,0.15,5,22.5,1.5,Available,100.0,44,44,0.0
2026-08-21,2026-08-21 21:13,1,False,184,Grimes,COV,MID,5.0,0.2,2.0,2,2,2.0,90,1,0,0,0.02,8,8.0,1.5,Available,,216,37,0.0
2026-08-21,2026-08-21 21:13,1,False,185,Sakamoto,COV,MID,5.0,0.1,0.0,0,0,0.0,0,0,0,0,0.0,0,0.0,1.5,Available,,15,43,0.0
2026-08-21,2026-08-21 21:13,1,False,186,Mason-Clark,COV,MID,5.5,0.1,0.0,0,0,0.0,0,0,0,0,0.0,0,0.0,2.0,Available,100.0,21,67,0.0
2026-08-21,2026-08-21 21:13,1,False,187,Eccles,COV,MID,5.0,0.0,0.0,0,0,0.0,0,0,0,0,0.0,0,0.0,1.5,Available,,5,8,0.0
2026-08-21,2026-08-21 21:13,1,False,188,Torp,COV,MID,5.5,0.2,1.0,1,1,1.0,28,0,0,0,0.11,1,3.21,2.0,Available,,10,63,0.0
2026-08-21,2026-08-21 21:13,1,False,189,Shepherd,COV,MID,4.5,0.3,0.0,0,0,0.0,0,0,0,0,0.0,0,0.0,1.0,Available,,85,77,0.0
2026-08-21,2026-08-21 21:13,1,False,190,Tchaouna,COV,MID,5.5,0.1,2.0,2,2,2.0,81,1,0,0,0.06,8,8.89,2.0,Available,,95,24,0.0
2026-08-21,2026-08-21 21:13,1,False,191,Borges Rodrigues,COV,MID,4.5,0.2,0.0,0,0,0.0,0,0,0,0,0.0,0,0.0,1.0,Available,,40,34,0.0
2026-08-21,2026-08-21 21:13,1,False,192,Andrews,COV,MID,4.5,0.7,0.0,0,0,0.0,0,0,0,0,0.0,0,0.0,1.0,Available,,186,160,0.0
2026-08-21,2026-08-21 21:13,1,False,193,Wright,COV,FWD,5.5,0.2,0.0,0,0,0.0,0,0,0,0,0.0,0,0.0,0.0,Injured,0.0,10,358,0.0
2026-08-21,2026-08-21 21:13,1,False,194,Thomas-Asante,COV,FWD,5.0,0.8,2.0,2,2,2.0,69,1,0,0,0.01,6,7.83,1.4,Available,,704,144,0.0
2026-08-21,2026-08-21 21:13,1,False,195,Simms,COV,FWD,5.0,0.9,2.0,2,2,2.0,69,1,0,0,0.01,3,3.91,1.4,Available,,759,154,0.0
2026-08-21,2026-08-21 21:13,1,False,196,Markelo,COV,FWD,5.0,0.0,0.0,0,0,0.0,0,0,0,0,0.0,0,0.0,0.0,Unavailable,0.0,0,43,0.0
2026-08-21,2026-08-21 21:13,1,False,197,Bassette,COV,FWD,4.5,0.1,0.0,0,0,0.0,0,0,0,0,0.0,0,0.0,0.0,Unavailable,0.0,0,51,0.0
2026-08-21,2026-08-21 21:13,1,False,198,Henderson,CRY,GKP,5.0,1.9,0.0,0,0,0.0,0,0,0,0,0.0,0,0.0,2.0,Doubtful,75.0,39,1030,0.0
2026-08-21,2026-08-21 21:13,1,False,199,Benitez,CRY,GKP,4.5,0.1,0.0,0,0,0.0,0,0,0,0,0.0,0,0.0,1.9,Available,,38,17,0.0
2026-08-21,2026-08-21 21:13,1,False,200,Lacroix,CHE,DEF,6.0,9.0,0.0,0,0,0.0,0,0,0,0,0.0,0,0.0,2.8,Available,,1261,1175,0.0
2026-08-21,2026-08-21 21:13,1,False,201,Muñoz,CRY,DEF,5.5,9.8,0.0,0,0,0.0,0,0,0,0,0.0,0,0.0,2.5,Available,,1955,1077,0.0
2026-08-21,2026-08-21 21:13,1,False,202,Richards,CRY,DEF,5.0,0.7,0.0,0,0,0.0,0,0,0,0,0.0,0,0.0,2.2,Available,,180,89,0.0
2026-08-21,2026-08-21 21:13,1,False,203,Canvot,CRY,DEF,5.0,0.3,0.0,0,0,0.0,0,0,0,0,0.0,0,0.0,2.2,Available,,42,52,0.0
2026-08-21,2026-08-21 21:13,1,False,204,Mitchell,CRY,DEF,4.5,6.5,0.0,0,0,0.0,0,0,0,0,0.0,0,0.0,1.7,Available,,631,383,0.0
2026-08-21,2026-08-21 21:13,1,False,205,Sosa,CRY,DEF,4.5,0.0,0.0,0,0,0.0,0,0,0,0,0.0,0,0.0,1.7,Available,,12,4,0.0
2026-08-21,2026-08-21 21:13,1,False,206,Chadi Riad,CRY,DEF,4.5,0.1,0.0,0,0,0.0,0,0,0,0,0.0,0,0.0,1.7,Available,,55,17,0.0
2026-08-21,2026-08-21 21:13,1,False,207,Mingueza,CRY,DEF,4.5,0.1,0.0,0,0,0.0,0,0,0,0,0.0,0,0.0,1.7,Available,,16,14,0.0
2026-08-21,2026-08-21 21:13,1,False,208,Sarr,CRY,MID,6.5,4.7,0.0,0,0,0.0,0,0,0,0,0.0,0,0.0,2.3,Available,,411,1006,0.0
2026-08-21,2026-08-21 21:13,1,False,209,Johnson,EVE,MID,6.0,0.2,0.0,0,0,0.0,0,0,0,0,0.0,0,0.0,2.1,Available,,22,36,0.0
2026-08-21,2026-08-21 21:13,1,False,210,Wharton,CRY,MID,5.5,0.9,0.0,0,0,0.0,0,0,0,0,0.0,0,0.0,2.0,Available,100.0,165,141,0.0
2026-08-21,2026-08-21 21:13,1,False,211,Yeremy,CRY,MID,5.5,0.2,0.0,0,0,0.0,0,0,0,0,0.0,0,0.0,2.0,Available,,16,19,0.0
2026-08-21,2026-08-21 21:13,1,False,212,Hughes,CRY,MID,4.5,12.2,0.0,0,0,0.0,0,0,0,0,0.0,0,0.0,1.0,Available,,1666,647,0.0
2026-08-21,2026-08-21 21:13,1,False,213,Lerma,CRY,MID,5.0,0.1,0.0,0,0,0.0,0,0,0,0,0.0,0,0.0,1.5,Available,,19,23,0.0
2026-08-21,2026-08-21 21:13,1,False,214,Kamada,CRY,MID,5.0,0.3,0.0,0,0,0.0,0,0,0,0,0.0,0,0.0,1.5,Available,,59,47,0.0
2026-08-21,2026-08-21 21:13,1,False,215,Devenny,CRY,MID,5.0,0.0,0.0,0,0,0.0,0,0,0,0,0.0,0,0.0,1.5,Available,,4,4,0.0
2026-08-21,2026-08-21 21:13,1,False,216,Esse,CRY,MID,5.0,0.0,0.0,0,0,0.0,0,0,0,0,0.0,0,0.0,1.5,Available,,12,10,0.0
2026-08-21,2026-08-21 21:13,1,False,217,M.França,CRY,MID,5.0,0.0,0.0,0,0,0.0,0,0,0,0,0.0,0,0.0,1.5,Available,,1,5,0.0
2026-08-21,2026-08-21 21:13,1,False,218,Doucouré,CRY,MID,5.0,0.1,0.0,0,0,0.0,0,0,0,0,0.0,0,0.0,1.5,Available,,22,16,0.0
2026-08-21,2026-08-21 21:13,1,False,219,J.Rak-Sakyi,CRY,MID,5.0,0.0,0.0,0,0,0.0,0,0,0,0,0.0,0,0.0,1.5,Available,,1,2,0.0
2026-08-21,2026-08-21 21:13,1,False,220,Cardines,CRY,DEF,4.5,0.0,0.0,0,0,0.0,0,0,0,0,0.0,0,0.0,0.0,Unavailable,0.0,0,4,0.0
2026-08-21,2026-08-21 21:13,1,False,221,Drakes-Thomas,CRY,MID,4.5,0.1,0.0,0,0,0.0,0,0,0,0,0.0,0,0.0,1.0,Available,,32,16,0.0
2026-08-21,2026-08-21 21:13,1,False,222,Strand Larsen,CRY,FWD,6.0,0.6,0.0,0,0,0.0,0,0,0,0,0.0,0,0.0,2.0,Available,,65,98,0.0
2026-08-21,2026-08-21 21:13,1,False,223,Mateta,CRY,FWD,6.5,5.7,0.0,0,0,0.0,0,0,0,0,0.0,0,0.0,2.1,Available,,868,889,0.0
2026-08-21,2026-08-21 21:13,1,False,224,Nketiah,CRY,FWD,5.5,0.5,0.0,0,0,0.0,0,0,0,0,0.0,0,0.0,1.8,Available,,95,89,0.0
2026-08-21,2026-08-21 21:13,1,False,225,Uche,CRY,FWD,5.0,0.0,0.0,0,0,0.0,0,0,0,0,0.0,0,0.0,0.0,Unavailable,0.0,0,0,0.0
2026-08-21,2026-08-21 21:13,1,False,226,Pickford,EVE,GKP,5.5,7.9,0.0,0,0,0.0,0,0,0,0,0.0,0,0.0,3.3,Available,,723,708,0.0
2026-08-21,2026-08-21 21:13,1,False,227,Travers,EVE,GKP,5.0,0.0,0.0,0,0,0.0,0,0,0,0,0.0,0,0.0,2.6,Available,,2,4,0.0
2026-08-21,2026-08-21 21:13,1,False,228,King,EVE,GKP,4.5,0.0,0.0,0,0,0.0,0,0,0,0,0.0,0,0.0,1.9,Available,,20,6,0.0
2026-08-21,2026-08-21 21:13,1,False,229,Tarkowski,EVE,DEF,6.0,8.6,0.0,0,0,0.0,0,0,0,0,0.0,0,0.0,2.8,Available,,701,835,0.0
2026-08-21,2026-08-21 21:13,1,False,230,Branthwaite,EVE,DEF,5.5,1.6,0.0,0,0,0.0,0,0,0,0,0.0,0,0.0,2.5,Available,,359,240,0.0
2026-08-21,2026-08-21 21:13,1,False,231,Keane,EVE,DEF,5.0,1.7,0.0,0,0,0.0,0,0,0,0,0.0,0,0.0,2.2,Available,,221,129,0.0
2026-08-21,2026-08-21 21:13,1,False,232,O'Brien,EVE,DEF,5.0,0.5,0.0,0,0,0.0,0,0,0,0,0.0,0,0.0,2.2,Available,,81,52,0.0
2026-08-21,2026-08-21 21:13,1,False,233,Mykolenko,EVE,DEF,4.5,1.5,0.0,0,0,0.0,0,0,0,0,0.0,0,0.0,1.7,Available,,200,158,0.0
2026-08-21,2026-08-21 21:13,1,False,234,Patterson,EVE,DEF,4.5,0.0,0.0,0,0,0.0,0,0,0,0,0.0,0,0.0,1.7,Available,,12,6,0.0
2026-08-21,2026-08-21 21:13,1,False,235,Aznou,EVE,DEF,4.0,0.2,0.0,0,0,0.0,0,0,0,0,0.0,0,0.0,1.0,Available,,61,21,0.0
2026-08-21,2026-08-21 21:13,1,False,236,Dewsbury-Hall,EVE,MID,6.5,3.2,0.0,0,0,0.0,0,0,0,0,0.0,0,0.0,2.3,Available,,225,492,0.0
2026-08-21,2026-08-21 21:13,1,False,237,Ndiaye,EVE,MID,6.0,16.0,0.0,0,0,0.0,0,0,0,0,0.0,0,0.0,2.1,Available,,1235,1228,0.0
2026-08-21,2026-08-21 21:13,1,False,238,Grealish,MCI,MID,6.5,0.2,0.0,0,0,0.0,0,0,0,0,0.0,0,0.0,2.3,Available,100.0,60,66,0.0
2026-08-21,2026-08-21 21:13,1,False,239,Garner,EVE,MID,6.0,0.1,0.0,0,0,0.0,0,0,0,0,0.0,0,0.0,0.5,Doubtful,25.0,10,96,0.0
2026-08-21,2026-08-21 21:13,1,False,240,Iroegbunam,EVE,MID,5.0,0.0,0.0,0,0,0.0,0,0,0,0,0.0,0,0.0,0.0,Injured,0.0,0,17,0.0
2026-08-21,2026-08-21 21:13,1,False,241,McNeil,CRY,MID,5.5,0.2,0.0,0,0,0.0,0,0,0,0,0.0,0,0.0,2.0,Available,,14,29,0.0
2026-08-21,2026-08-21 21:13,1,False,242,George,EVE,MID,5.5,0.3,0.0,0,0,0.0,0,0,0,0,0.0,0,0.0,2.0,Available,,29,36,0.0
2026-08-21,2026-08-21 21:13,1,False,243,Alcaraz,EVE,MID,5.0,0.1,0.0,0,0,0.0,0,0,0,0,0.0,0,0.0,1.5,Available,,63,25,0.0
2026-08-21,2026-08-21 21:13,1,False,244,Armstrong,EVE,MID,5.0,0.1,0.0,0,0,0.0,0,0,0,0,0.0,0,0.0,1.5,Available,,35,16,0.0
2026-08-21,2026-08-21 21:13,1,False,245,Dibling,EVE,MID,5.5,0.0,0.0,0,0,0.0,0,0,0,0,0.0,0,0.0,2.0,Available,,5,15,0.0
2026-08-21,2026-08-21 21:13,1,False,246,Röhl,EVE,MID,5.0,0.1,0.0,0,0,0.0,0,0,0,0,0.0,0,0.0,1.5,Available,,10,5,0.0
2026-08-21,2026-08-21 21:13,1,False,247,Hackney,EVE,MID,5.5,0.3,0.0,0,0,0.0,0,0,0,0,0.0,0,0.0,2.0,Available,,23,41,0.0
2026-08-21,2026-08-21 21:13,1,False,248,Beto,EVE,FWD,5.5,2.8,0.0,0,0,0.0,0,0,0,0,0.0,0,0.0,1.8,Available,,398,394,0.0
2026-08-21,2026-08-21 21:13,1,False,249,Barry,EVE,FWD,5.5,1.3,0.0,0,0,0.0,0,0,0,0,0.0,0,0.0,1.8,Available,,272,198,0.0
2026-08-21,2026-08-21 21:13,1,False,250,Leno,FUL,GKP,4.5,3.1,0.0,0,0,0.0,0,0,0,0,0.0,0,0.0,1.9,Available,,293,155,0.0
2026-08-21,2026-08-21 21:13,1,False,251,Lecomte,FUL,GKP,4.0,1.2,0.0,0,0,0.0,0,0,0,0,0.0,0,0.0,1.0,Available,,48,77,0.0
2026-08-21,2026-08-21 21:13,1,False,252,McNally,FUL,GKP,4.0,0.2,0.0,0,0,0.0,0,0,0,0,0.0,0,0.0,1.0,Available,,25,11,0.0
2026-08-21,2026-08-21 21:13,1,False,253,Andersen,FUL,DEF,5.0,0.0,0.0,0,0,0.0,0,0,0,0,0.0,0,0.0,0.0,Suspended,0.0,7,18,0.0
2026-08-21,2026-08-21 21:13,1,False,254,Robinson,FUL,DEF,4.5,1.7,0.0,0,0,0.0,0,0,0,0,0.0,0,0.0,1.7,Available,,529,125,0.0
2026-08-21,2026-08-21 21:13,1,False,255,J.Cuenca,FUL,DEF,4.5,0.0,0.0,0,0,0.0,0,0,0,0,0.0,0,0.0,1.7,Available,,11,3,0.0
2026-08-21,2026-08-21 21:13,1,False,256,Tete,FUL,DEF,4.5,0.3,0.0,0,0,0.0,0,0,0,0,0.0,0,0.0,1.7,Available,,26,33,0.0
2026-08-21,2026-08-21 21:13,1,False,257,Bassey,FUL,DEF,4.5,0.7,0.0,0,0,0.0,0,0,0,0,0.0,0,0.0,1.7,Available,,319,76,0.0
2026-08-21,2026-08-21 21:13,1,False,258,Castagne,FUL,DEF,4.5,0.3,0.0,0,0,0.0,0,0,0,0,0.0,0,0.0,1.7,Available,,46,30,0.0
2026-08-21,2026-08-21 21:13,1,False,259,Diop,IPS,DEF,4.0,18.6,0.0,0,0,0.0,0,0,0,0,0.0,0,0.0,1.0,Available,,1661,604,0.0
2026-08-21,2026-08-21 21:13,1,False,260,Wilson,LEE,MID,6.5,6.4,0.0,0,0,0.0,0,0,0,0,0.0,0,0.0,2.3,Available,,413,918,0.0
2026-08-21,2026-08-21 21:13,1,False,261,Iwobi,FUL,MID,5.5,1.0,0.0,0,0,0.0,0,0,0,0,0.0,0,0.0,2.0,Available,,106,127,0.0
2026-08-21,2026-08-21 21:13,1,False,262,Smith Rowe,FUL,MID,5.5,0.4,0.0,0,0,0.0,0,0,0,0,0.0,0,0.0,2.0,Available,,46,54,0.0
2026-08-21,2026-08-21 21:13,1,False,263,Kevin,FUL,MID,5.5,0.1,0.0,0,0,0.0,0,0,0,0,0.0,0,0.0,2.0,Available,,12,14,0.0
2026-08-21,2026-08-21 21:13,1,False,264,Bobb,FUL,MID,5.5,0.3,0.0,0,0,0.0,0,0,0,0,0.0,0,0.0,2.0,Available,,51,56,0.0
2026-08-21,2026-08-21 21:13,1,False,265,Berge,FUL,MID,5.0,0.4,0.0,0,0,0.0,0,0,0,0,0.0,0,0.0,1.5,Available,,80,57,0.0
2026-08-21,2026-08-21 21:13,1,False,266,Cairney,FUL,MID,5.0,0.0,0.0,0,0,0.0,0,0,0,0,0.0,0,0.0,0.0,Injured,0.0,1,4,0.0
2026-08-21,2026-08-21 21:13,1,False,267,Lukić,IPS,MID,5.0,0.1,0.0,0,0,0.0,0,0,0,0,0.0,0,0.0,1.5,Available,,8,11,0.0
2026-08-21,2026-08-21 21:13,1,False,268,King,FUL,MID,5.5,0.2,0.0,0,0,0.0,0,0,0,0,0.0,0,0.0,2.0,Available,,4,22,0.0
2026-08-21,2026-08-21 21:13,1,False,269,Sessegnon,FUL,DEF,4.5,0.5,0.0,0,0,0.0,0,0,0,0,0.0,0,0.0,1.7,Available,,57,23,0.0
2026-08-21,2026-08-21 21:13,1,False,270,Reed,FUL,MID,4.5,1.6,0.0,0,0,0.0,0,0,0,0,0.0,0,0.0,1.0,Available,,607,203,0.0
2026-08-21,2026-08-21 21:13,1,False,271,Muniz,FUL,FWD,5.5,0.6,0.0,0,0,0.0,0,0,0,0,0.0,0,0.0,1.8,Available,,99,111,0.0
2026-08-21,2026-08-21 21:13,1,False,272,Kusi-Asare,FUL,FWD,4.5,7.5,0.0,0,0,0.0,0,0,0,0,0.0,0,0.0,1.0,Available,,978,444,0.0
2026-08-21,2026-08-21 21:13,1,False,273,Phillips,HUL,GKP,4.0,1.6,0.0,0,0,0.0,0,0,0,0,0.0,0,0.0,1.0,Available,,105,105,0.0
2026-08-21,2026-08-21 21:13,1,False,274,Butland,HUL,GKP,4.5,0.1,0.0,0,0,0.0,0,0,0,0,0.0,0,0.0,0.0,Injured,0.0,8,92,0.0
2026-08-21,2026-08-21 21:13,1,False,275,Cartwright,HUL,GKP,4.0,0.0,0.0,0,0,0.0,0,0,0,0,0.0,0,0.0,0.0,Unavailable,0.0,0,7,0.0
2026-08-21,2026-08-21 21:13,1,False,276,Lo-Tutala,HUL,GKP,4.0,0.0,0.0,0,0,0.0,0,0,0,0,0.0,0,0.0,0.0,Unavailable,0.0,0,32,0.0
2026-08-21,2026-08-21 21:13,1,False,277,Egan,HUL,DEF,4.0,1.5,0.0,0,0,0.0,0,0,0,0,0.0,0,0.0,1.0,Available,,111,104,0.0
2026-08-21,2026-08-21 21:13,1,False,278,Hughes,HUL,DEF,4.0,0.1,0.0,0,0,0.0,0,0,0,0,0.0,0,0.0,0.0,Injured,0.0,6,93,0.0
2026-08-21,2026-08-21 21:13,1,False,279,Ajayi,HUL,DEF,4.0,1.0,0.0,0,0,0.0,0,0,0,0,0.0,0,0.0,1.0,Available,,143,91,0.0
2026-08-21,2026-08-21 21:13,1,False,280,Coyle,HUL,DEF,4.0,0.7,0.0,0,0,0.0,0,0,0,0,0.0,0,0.0,1.0,Available,,37,70,0.0
2026-08-21,2026-08-21 21:13,1,False,281,Drameh,HUL,DEF,4.0,0.0,0.0,0,0,0.0,0,0,0,0,0.0,0,0.0,1.0,Available,100.0,6,6,0.0
2026-08-21,2026-08-21 21:13,1,False,282,Giles,HUL,DEF,4.0,0.8,0.0,0,0,0.0,0,0,0,0,0.0,0,0.0,1.0,Available,,37,60,0.0
2026-08-21,2026-08-21 21:13,1,False,283,Jacob,HUL,DEF,4.0,0.0,0.0,0,0,0.0,0,0,0,0,0.0,0,0.0,0.0,Injured,0.0,4,16,0.0
2026-08-21,2026-08-21 21:13,1,False,284,McCarthy,HUL,DEF,4.0,0.1,0.0,0,0,0.0,0,0,0,0,0.0,0,0.0,1.0,Available,,12,14,0.0
2026-08-21,2026-08-21 21:13,1,False,285,McNair,HUL,DEF,4.0,0.1,0.0,0,0,0.0,0,0,0,0,0.0,0,0.0,1.0,Available,,14,4,0.0
2026-08-21,2026-08-21 21:13,1,False,286,Belloumi,HUL,MID,5.0,0.5,0.0,0,0,0.0,0,0,0,0,0.0,0,0.0,1.5,Available,,96,48,0.0
2026-08-21,2026-08-21 21:13,1,False,287,Millar,HUL,MID,5.0,0.1,0.0,0,0,0.0,0,0,0,0,0.0,0,0.0,1.5,Available,,4,16,0.0
2026-08-21,2026-08-21 21:13,1,False,288,Dowell,HUL,MID,4.5,0.4,0.0,0,0,0.0,0,0,0,0,0.0,0,0.0,1.0,Available,,88,55,0.0
2026-08-21,2026-08-21 21:13,1,False,289,Crooks,HUL,MID,4.5,0.7,0.0,0,0,0.0,0,0,0,0,0.0,0,0.0,1.0,Available,,174,77,0.0
2026-08-21,2026-08-21 21:13,1,False,290,Slater,HUL,MID,4.5,3.1,0.0,0,0,0.0,0,0,0,0,0.0,0,0.0,1.0,Available,,591,206,0.0
2026-08-21,2026-08-21 21:13,1,False,291,Matazo,HUL,MID,4.5,0.0,0.0,0,0,0.0,0,0,0,0,0.0,0,0.0,0.0,Injured,0.0,1,2,0.0
2026-08-21,2026-08-21 21:13,1,False,292,Ömür,HUL,MID,5.0,0.0,0.0,0,0,0.0,0,0,0,0,0.0,0,0.0,1.5,Available,,5,8,0.0
2026-08-21,2026-08-21 21:13,1,False,293,Kamara,HUL,MID,5.0,0.0,0.0,0,0,0.0,0,0,0,0,0.0,0,0.0,0.0,Unavailable,0.0,0,14,0.0
2026-08-21,2026-08-21 21:13,1,False,294,Zambrano,HUL,MID,4.5,0.1,0.0,0,0,0.0,0,0,0,0,0.0,0,0.0,0.0,Injured,0.0,24,99,0.0
2026-08-21,2026-08-21 21:13,1,False,295,McBurnie,HUL,FWD,5.5,1.3,0.0,0,0,0.0,0,0,0,0,0.0,0,0.0,1.8,Available,,185,140,0.0
2026-08-21,2026-08-21 21:13,1,False,296,Akintola,HUL,MID,5.0,0.0,0.0,0,0,0.0,0,0,0,0,0.0,0,0.0,1.5,Available,,40,14,0.0
2026-08-21,2026-08-21 21:13,1,False,297,Gyabi,HUL,MID,4.5,0.0,0.0,0,0,0.0,0,0,0,0,0.0,0,0.0,0.0,Injured,0.0,2,24,0.0
2026-08-21,2026-08-21 21:13,1,False,298,Destan,HUL,FWD,4.5,0.4,0.0,0,0,0.0,0,0,0,0,0.0,0,0.0,0.0,Unavailable,0.0,0,596,0.0
2026-08-21,2026-08-21 21:13,1,False,299,Burstow,HUL,FWD,4.5,0.1,0.0,0,0,0.0,0,0,0,0,0.0,0,0.0,0.0,Unavailable,0.0,0,71,0.0
2026-08-21,2026-08-21 21:13,1,False,300,Walton,IPS,GKP,4.5,0.5,0.0,0,0,0.0,0,0,0,0,0.0,0,0.0,1.9,Available,,18,73,0.0
2026-08-21,2026-08-21 21:13,1,False,301,Palmer,IPS,GKP,4.0,4.8,0.0,0,0,0.0,0,0,0,0,0.0,0,0.0,1.0,Available,,263,154,0.0
2026-08-21,2026-08-21 21:13,1,False,302,Button,IPS,GKP,4.0,0.5,0.0,0,0,0.0,0,0,0,0,0.0,0,0.0,1.0,Available,,74,17,0.0
2026-08-21,2026-08-21 21:13,1,False,303,Kipré,IPS,DEF,4.0,0.7,0.0,0,0,0.0,0,0,0,0,0.0,0,0.0,1.0,Available,,25,61,0.0
2026-08-21,2026-08-21 21:13,1,False,304,O'Shea,IPS,DEF,4.0,3.5,0.0,0,0,0.0,0,0,0,0,0.0,0,0.0,1.0,Available,,154,175,0.0
2026-08-21,2026-08-21 21:13,1,False,305,Davis,IPS,DEF,4.0,5.3,0.0,0,0,0.0,0,0,0,0,0.0,0,0.0,1.0,Available,,320,223,0.0
2026-08-21,2026-08-21 21:13,1,False,306,Greaves,IPS,DEF,4.0,1.5,0.0,0,0,0.0,0,0,0,0,0.0,0,0.0,1.0,Available,,71,73,0.0
2026-08-21,2026-08-21 21:13,1,False,307,Johnson,IPS,DEF,4.0,0.1,0.0,0,0,0.0,0,0,0,0,0.0,0,0.0,1.0,Available,,29,9,0.0
2026-08-21,2026-08-21 21:13,1,False,308,Furlong,IPS,DEF,4.0,0.6,0.0,0,0,0.0,0,0,0,0,0.0,0,0.0,1.0,Available,,19,66,0.0
2026-08-21,2026-08-21 21:13,1,False,309,Núñez,IPS,MID,5.0,0.1,0.0,0,0,0.0,0,0,0,0,0.0,0,0.0,1.5,Available,,13,20,0.0
2026-08-21,2026-08-21 21:13,1,False,310,Matusiwa,IPS,MID,5.0,0.0,0.0,0,0,0.0,0,0,0,0,0.0,0,0.0,0.0,Injured,0.0,0,6,0.0
2026-08-21,2026-08-21 21:13,1,False,311,Burns,IPS,MID,5.0,0.0,0.0,0,0,0.0,0,0,0,0,0.0,0,0.0,0.0,Unavailable,0.0,0,13,0.0
2026-08-21,2026-08-21 21:13,1,False,312,Taylor,IPS,MID,4.5,0.0,0.0,0,0,0.0,0,0,0,0,0.0,0,0.0,0.0,Injured,0.0,9,46,0.0
2026-08-21,2026-08-21 21:13,1,False,313,Clarke,IPS,MID,5.5,0.3,0.0,0,0,0.0,0,0,0,0,0.0,0,0.0,2.0,Available,,12,29,0.0
2026-08-21,2026-08-21 21:13,1,False,314,Ogbene,IPS,MID,5.0,0.0,0.0,0,0,0.0,0,0,0,0,0.0,0,0.0,1.5,Available,,3,4,0.0
2026-08-21,2026-08-21 21:13,1,False,315,Fatawu,IPS,MID,5.5,0.2,0.0,0,0,0.0,0,0,0,0,0.0,0,0.0,2.0,Available,,16,51,0.0
2026-08-21,2026-08-21 21:13,1,False,316,Emersonn,IPS,FWD,5.5,0.4,0.0,0,0,0.0,0,0,0,0,0.0,0,0.0,1.8,Available,,26,42,0.0
2026-08-21,2026-08-21 21:13,1,False,317,Hirst,IPS,FWD,5.0,0.3,0.0,0,0,0.0,0,0,0,0,0.0,0,0.0,0.0,Unavailable,0.0,0,815,0.0
2026-08-21,2026-08-21 21:13,1,False,318,Philogene,IPS,MID,5.5,0.2,0.0,0,0,0.0,0,0,0,0,0.0,0,0.0,2.0,Available,,12,33,0.0
2026-08-21,2026-08-21 21:13,1,False,319,Szmodics,IPS,MID,5.0,0.0,0.0,0,0,0.0,0,0,0,0,0.0,0,0.0,0.0,Unavailable,0.0,0,38,0.0
2026-08-21,2026-08-21 21:13,1,False,320,Akpom,IPS,FWD,5.0,0.5,0.0,0,0,0.0,0,0,0,0,0.0,0,0.0,1.4,Available,,218,120,0.0
2026-08-21,2026-08-21 21:13,1,False,321,Walle Egeli,IPS,FWD,4.5,2.2,0.0,0,0,0.0,0,0,0,0,0.0,0,0.0,1.0,Available,,402,243,0.0
2026-08-21,2026-08-21 21:13,1,False,322,Al-Hamadi,IPS,FWD,5.0,0.2,0.0,0,0,0.0,0,0,0,0,0.0,0,0.0,1.4,Available,,57,48,0.0
2026-08-21,2026-08-21 21:13,1,False,323,McAteer,IPS,MID,4.5,1.5,0.0,0,0,0.0,0,0,0,0,0.0,0,0.0,1.0,Available,,290,172,0.0
2026-08-21,2026-08-21 21:13,1,False,324,Mehmeti,IPS,MID,5.0,0.1,0.0,0,0,0.0,0,0,0,0,0.0,0,0.0,1.5,Available,,3,9,0.0
2026-08-21,2026-08-21 21:13,1,False,325,Darlow,MUN,GKP,4.5,0.0,0.0,0,0,0.0,0,0,0,0,0.0,0,0.0,1.4,Doubtful,75.0,6,6,0.0
2026-08-21,2026-08-21 21:13,1,False,326,Perri,LEE,GKP,4.5,0.6,0.0,0,0,0.0,0,0,0,0,0.0,0,0.0,1.9,Available,,13,72,0.0
2026-08-21,2026-08-21 21:13,1,False,327,Bijol,LEE,DEF,5.0,0.3,0.0,0,0,0.0,0,0,0,0,0.0,0,0.0,2.2,Available,,90,52,0.0
2026-08-21,2026-08-21 21:13,1,False,328,Struijk,BHA,DEF,5.0,0.2,0.0,0,0,0.0,0,0,0,0,0.0,0,0.0,2.2,Available,100.0,67,27,0.0
2026-08-21,2026-08-21 21:13,1,False,329,Rodon,LEE,DEF,4.5,3.7,0.0,0,0,0.0,0,0,0,0,0.0,0,0.0,1.7,Available,,305,155,0.0
2026-08-21,2026-08-21 21:13,1,False,330,Bogle,LEE,DEF,4.5,0.5,0.0,0,0,0.0,0,0,0,0,0.0,0,0.0,1.7,Available,,96,48,0.0
2026-08-21,2026-08-21 21:13,1,False,331,Gudmundsson,LEE,DEF,4.5,0.1,0.0,0,0,0.0,0,0,0,0,0.0,0,0.0,0.0,Injured,0.0,2,49,0.0
2026-08-21,2026-08-21 21:13,1,False,332,Justin,LEE,DEF,4.5,0.6,0.0,0,0,0.0,0,0,0,0,0.0,0,0.0,1.7,Available,,48,38,0.0
2026-08-21,2026-08-21 21:13,1,False,333,Bornauw,LEE,DEF,4.5,0.0,0.0,0,0,0.0,0,0,0,0,0.0,0,0.0,0.0,Unavailable,0.0,0,10,0.0
2026-08-21,2026-08-21 21:13,1,False,334,Muharemović,LEE,DEF,5.0,3.4,0.0,0,0,0.0,0,0,0,0,0.0,0,0.0,2.2,Available,,410,136,0.0
2026-08-21,2026-08-21 21:13,1,False,335,Stach,LEE,MID,6.0,0.9,0.0,0,0,0.0,0,0,0,0,0.0,0,0.0,2.1,Available,,60,106,0.0
2026-08-21,2026-08-21 21:13,1,False,336,Okafor,LEE,MID,6.0,0.5,0.0,0,0,0.0,0,0,0,0,0.0,0,0.0,2.1,Available,,59,84,0.0
2026-08-21,2026-08-21 21:13,1,False,337,Aaronson,LEE,MID,5.5,1.0,0.0,0,0,0.0,0,0,0,0,0.0,0,0.0,2.0,Available,,75,102,0.0
2026-08-21,2026-08-21 21:13,1,False,338,Ampadu,LEE,MID,5.5,1.5,0.0,0,0,0.0,0,0,0,0,0.0,0,0.0,2.0,Available,,73,164,0.0
2026-08-21,2026-08-21 21:13,1,False,339,Longstaff,LEE,MID,5.0,0.1,0.0,0,0,0.0,0,0,0,0,0.0,0,0.0,1.5,Available,,32,23,0.0
2026-08-21,2026-08-21 21:13,1,False,340,Gelhardt,HUL,MID,5.0,0.0,0.0,0,0,0.0,0,0,0,0,0.0,0,0.0,0.0,Injured,0.0,3,12,0.0
2026-08-21,2026-08-21 21:13,1,False,341,Gnonto,LEE,MID,5.0,0.0,0.0,0,0,0.0,0,0,0,0,0.0,0,0.0,0.0,Injured,0.0,2,49,0.0
2026-08-21,2026-08-21 21:13,1,False,342,Harrison,LEE,MID,5.0,0.0,0.0,0,0,0.0,0,0,0,0,0.0,0,0.0,0.0,Unavailable,0.0,0,3,0.0
2026-08-21,2026-08-21 21:13,1,False,343,James,LEE,MID,5.0,0.1,0.0,0,0,0.0,0,0,0,0,0.0,0,0.0,1.5,Available,,48,21,0.0
2026-08-21,2026-08-21 21:13,1,False,344,Gruev,LEE,MID,5.0,0.0,0.0,0,0,0.0,0,0,0,0,0.0,0,0.0,0.0,Injured,0.0,1,5,0.0
2026-08-21,2026-08-21 21:13,1,False,345,Tanaka,LEE,MID,5.0,0.3,0.0,0,0,0.0,0,0,0,0,0.0,0,0.0,1.5,Available,,62,53,0.0
2026-08-21,2026-08-21 21:13,1,False,346,Calvert-Lewin,LEE,FWD,6.0,31.4,0.0,0,0,0.0,0,0,0,0,0.0,0,0.0,2.0,Available,,2566,1256,0.0
2026-08-21,2026-08-21 21:13,1,False,347,Nmecha,LEE,FWD,5.5,0.6,0.0,0,0,0.0,0,0,0,0,0.0,0,0.0,1.8,Available,,72,86,0.0
2026-08-21,2026-08-21 21:13,1,False,348,Piroe,LEE,FWD,5.0,0.2,0.0,0,0,0.0,0,0,0,0,0.0,0,0.0,0.0,Unavailable,0.0,0,443,0.0
2026-08-21,2026-08-21 21:13,1,False,349,Mateo Joseph,LEE,FWD,4.5,0.1,0.0,0,0,0.0,0,0,0,0,0.0,0,0.0,0.0,Injured,0.0,14,49,0.0
2026-08-21,2026-08-21 21:13,1,False,350,A.Becker,LIV,GKP,5.5,3.5,0.0,0,0,0.0,0,0,0,0,0.0,0,0.0,3.3,Available,,419,417,0.0
2026-08-21,2026-08-21 21:13,1,False,351,Mamardashvili,LIV,GKP,5.0,0.2,0.0,0,0,0.0,0,0,0,0,0.0,0,0.0,2.6,Available,,35,51,0.0
2026-08-21,2026-08-21 21:13,1,False,352,Woodman,LIV,GKP,4.0,1.1,0.0,0,0,0.0,0,0,0,0,0.0,0,0.0,1.0,Available,,115,115,0.0
2026-08-21,2026-08-21 21:13,1,False,353,Pecsi,LIV,GKP,4.0,0.0,0.0,0,0,0.0,0,0,0,0,0.0,0,0.0,0.0,Unavailable,0.0,0,38,0.0
2026-08-21,2026-08-21 21:13,1,False,354,Jaros,LIV,GKP,4.0,0.0,0.0,0,0,0.0,0,0,0,0,0.0,0,0.0,0.0,Injured,0.0,8,14,0.0
2026-08-21,2026-08-21 21:13,1,False,355,Davies,LIV,GKP,4.0,0.1,0.0,0,0,0.0,0,0,0,0,0.0,0,0.0,1.0,Available,,24,13,0.0
2026-08-21,2026-08-21 21:13,1,False,356,Virgil,LIV,DEF,6.5,18.9,0.0,0,0,0.0,0,0,0,0,0.0,0,0.0,3.1,Available,,2601,1002,0.0
2026-08-21,2026-08-21 21:13,1,False,357,Frimpong,LIV,DEF,5.5,3.4,0.0,0,0,0.0,0,0,0,0,0.0,0,0.0,2.5,Available,,1450,392,0.0
2026-08-21,2026-08-21 21:13,1,False,358,Kerkez,LIV,DEF,5.5,3.8,0.0,0,0,0.0,0,0,0,0,0.0,0,0.0,2.5,Available,,826,413,0.0
2026-08-21,2026-08-21 21:13,1,False,359,Gomez,LIV,DEF,5.0,0.0,0.0,0,0,0.0,0,0,0,0,0.0,0,0.0,0.0,Injured,0.0,10,27,0.0
2026-08-21,2026-08-21 21:13,1,False,360,Bradley,LIV,DEF,5.0,0.0,0.0,0,0,0.0,0,0,0,0,0.0,0,0.0,0.0,Injured,0.0,2,14,0.0
2026-08-21,2026-08-21 21:13,1,False,361,Lucky,LIV,DEF,4.0,0.1,0.0,0,0,0.0,0,0,0,0,0.0,0,0.0,1.0,Available,,57,30,0.0
2026-08-21,2026-08-21 21:13,1,False,362,Jacquet,LIV,DEF,5.0,2.3,0.0,0,0,0.0,0,0,0,0,0.0,0,0.0,2.2,Available,100.0,738,190,0.0
2026-08-21,2026-08-21 21:13,1,False,363,Leoni,LIV,DEF,4.0,0.0,0.0,0,0,0.0,0,0,0,0,0.0,0,0.0,0.0,Injured,0.0,16,20,0.0
2026-08-21,2026-08-21 21:13,1,False,364,Tsimikas,LIV,DEF,5.0,0.1,0.0,0,0,0.0,0,0,0,0,0.0,0,0.0,2.2,Available,,32,16,0.0
2026-08-21,2026-08-21 21:13,1,False,365,Ramsay,LIV,DEF,4.0,0.2,0.0,0,0,0.0,0,0,0,0,0.0,0,0.0,1.0,Available,,73,41,0.0
2026-08-21,2026-08-21 21:13,1,False,366,Wirtz,LIV,MID,7.5,12.6,0.0,0,0,0.0,0,0,0,0,0.0,0,0.0,2.6,Available,,1001,1053,0.0
2026-08-21,2026-08-21 21:13,1,False,367,Gakpo,LIV,MID,7.0,3.5,0.0,0,0,0.0,0,0,0,0,0.0,0,0.0,2.5,Available,,446,421,0.0
2026-08-21,2026-08-21 21:13,1,False,368,Szoboszlai,LIV,MID,7.0,41.8,0.0,0,0,0.0,0,0,0,0,0.0,0,0.0,2.5,Available,,3452,1774,0.0
2026-08-21,2026-08-21 21:13,1,False,369,Ngumoha,LIV,MID,6.0,1.2,0.0,0,0,0.0,0,0,0,0,0.0,0,0.0,2.1,Available,,185,249,0.0
2026-08-21,2026-08-21 21:13,1,False,370,Chiesa,LIV,MID,5.5,0.1,0.0,0,0,0.0,0,0,0,0,0.0,0,0.0,2.0,Available,,54,47,0.0
2026-08-21,2026-08-21 21:13,1,False,371,Gravenberch,LIV,MID,6.0,1.9,0.0,0,0,0.0,0,0,0,0,0.0,0,0.0,2.1,Available,,335,388,0.0
2026-08-21,2026-08-21 21:13,1,False,372,Mac Allister,LIV,MID,5.5,1.7,0.0,0,0,0.0,0,0,0,0,0.0,0,0.0,2.0,Available,,348,317,0.0
2026-08-21,2026-08-21 21:13,1,False,373,C.Jones,LIV,MID,5.5,0.1,0.0,0,0,0.0,0,0,0,0,0.0,0,0.0,1.5,Doubtful,75.0,4,72,0.0
2026-08-21,2026-08-21 21:13,1,False,374,Endo,LIV,MID,5.0,0.1,0.0,0,0,0.0,0,0,0,0,0.0,0,0.0,1.5,Available,100.0,46,27,0.0
2026-08-21,2026-08-21 21:13,1,False,375,Nyoni,LIV,MID,5.0,0.0,0.0,0,0,0.0,0,0,0,0,0.0,0,0.0,1.5,Available,,10,8,0.0
2026-08-21,2026-08-21 21:13,1,False,376,Bajcetic,LIV,MID,5.0,0.0,0.0,0,0,0.0,0,0,0,0,0.0,0,0.0,0.0,Injured,0.0,1,3,0.0
2026-08-21,2026-08-21 21:13,1,False,377,Munoz,LIV,MID,6.5,0.5,0.0,0,0,0.0,0,0,0,0,0.0,0,0.0,2.3,Available,,86,166,0.0
2026-08-21,2026-08-21 21:13,1,False,378,McConnell,LIV,MID,4.5,0.3,0.0,0,0,0.0,0,0,0,0,0.0,0,0.0,1.0,Available,,88,76,0.0
2026-08-21,2026-08-21 21:13,1,False,379,Isak,LIV,FWD,9.0,16.8,0.0,0,0,0.0,0,0,0,0,0.0,0,0.0,2.7,Available,,1116,1080,0.0
2026-08-21,2026-08-21 21:13,1,False,380,Ekitiké,LIV,FWD,7.5,0.2,0.0,0,0,0.0,0,0,0,0,0.0,0,0.0,0.0,Injured,0.0,38,223,0.0
2026-08-21,2026-08-21 21:13,1,False,381,Koumas,LIV,MID,5.0,0.0,0.0,0,0,0.0,0,0,0,0,0.0,0,0.0,1.5,Available,,2,3,0.0
2026-08-21,2026-08-21 21:13,1,False,382,Danns,LIV,FWD,4.5,0.0,0.0,0,0,0.0,0,0,0,0,0.0,0,0.0,0.0,Injured,0.0,16,34,0.0
2026-08-21,2026-08-21 21:13,1,False,383,Elliott,LIV,MID,5.5,0.1,0.0,0,0,0.0,0,0,0,0,0.0,0,0.0,2.0,Available,,24,22,0.0
2026-08-21,2026-08-21 21:13,1,False,384,Donnarumma,MCI,GKP,5.5,8.1,0.0,0,0,0.0,0,0,0,0,0.0,0,0.0,3.3,Available,,766,956,0.0
2026-08-21,2026-08-21 21:13,1,False,385,Trafford,LEE,GKP,5.0,3.0,0.0,0,0,0.0,0,0,0,0,0.0,0,0.0,2.6,Available,,324,188,0.0
2026-08-21,2026-08-21 21:13,1,False,386,Bettinelli,MCI,GKP,4.5,0.0,0.0,0,0,0.0,0,0,0,0,0.0,0,0.0,1.9,Available,,10,8,0.0
2026-08-21,2026-08-21 21:13,1,False,387,O'Reilly,MCI,DEF,6.5,21.2,0.0,0,0,0.0,0,0,0,0,0.0,0,0.0,3.1,Available,,2232,1260,0.0
2026-08-21,2026-08-21 21:13,1,False,388,Guéhi,MCI,DEF,6.0,17.1,0.0,0,0,0.0,0,0,0,0,0.0,0,0.0,2.8,Available,,2013,1395,0.0
2026-08-21,2026-08-21 21:13,1,False,389,Matheus N.,MCI,DEF,6.0,1.5,0.0,0,0,0.0,0,0,0,0,0.0,0,0.0,2.8,Available,100.0,188,238,0.0
2026-08-21,2026-08-21 21:13,1,False,390,Rúben,MCI,DEF,5.5,1.7,0.0,0,0,0.0,0,0,0,0,0.0,0,0.0,2.5,Available,,800,258,0.0
2026-08-21,2026-08-21 21:13,1,False,391,Gvardiol,MCI,DEF,5.5,11.0,0.0,0,0,0.0,0,0,0,0,0.0,0,0.0,2.5,Available,,3511,800,0.0
2026-08-21,2026-08-21 21:13,1,False,392,Aït-Nouri,MCI,DEF,5.5,0.9,0.0,0,0,0.0,0,0,0,0,0.0,0,0.0,2.5,Available,,328,180,0.0
2026-08-21,2026-08-21 21:13,1,False,393,Khusanov,MCI,DEF,5.5,1.7,0.0,0,0,0.0,0,0,0,0,0.0,0,0.0,2.5,Available,,397,325,0.0
2026-08-21,2026-08-21 21:13,1,False,394,Alleyne,MCI,DEF,5.0,0.0,0.0,0,0,0.0,0,0,0,0,0.0,0,0.0,0.0,Unavailable,0.0,0,27,0.0
2026-08-21,2026-08-21 21:13,1,False,395,Lewis,MCI,DEF,4.5,0.2,0.0,0,0,0.0,0,0,0,0,0.0,0,0.0,1.7,Available,,162,40,0.0
2026-08-21,2026-08-21 21:13,1,False,396,Vitor Reis,MCI,DEF,4.5,0.0,0.0,0,0,0.0,0,0,0,0,0.0,0,0.0,1.7,Available,,12,6,0.0
2026-08-21,2026-08-21 21:13,1,False,397,Semenyo,MCI,MID,8.5,26.3,0.0,0,0,0.0,0,0,0,0,0.0,0,0.0,2.9,Available,,1171,1410,0.0
2026-08-21,2026-08-21 21:13,1,False,398,Foden,MCI,MID,7.0,4.4,0.0,0,0,0.0,0,0,0,0,0.0,0,0.0,2.5,Available,,566,563,0.0
2026-08-21,2026-08-21 21:13,1,False,399,Cherki,MCI,MID,7.5,7.7,0.0,0,0,0.0,0,0,0,0,0.0,0,0.0,2.6,Available,,1154,1180,0.0
2026-08-21,2026-08-21 21:13,1,False,400,Doku,MCI,MID,7.5,2.1,0.0,0,0,0.0,0,0,0,0,0.0,0,0.0,0.0,Injured,0.0,27,4520,0.0
2026-08-21,2026-08-21 21:13,1,False,401,Marmoush,MCI,FWD,7.0,0.9,0.0,0,0,0.0,0,0,0,0,0.0,0,0.0,2.2,Available,,429,323,0.0
2026-08-21,2026-08-21 21:13,1,False,402,Rodrigo,MCI,MID,6.5,0.0,0.0,0,0,0.0,0,0,0,0,0.0,0,0.0,0.0,Unavailable,0.0,0,70,0.0
2026-08-21,2026-08-21 21:13,1,False,403,Savinho,MCI,MID,6.5,0.3,0.0,0,0,0.0,0,0,0,0,0.0,0,0.0,2.3,Available,,207,93,0.0
2026-08-21,2026-08-21 21:13,1,False,404,Reijnders,MCI,MID,6.0,0.1,0.0,0,0,0.0,0,0,0,0,0.0,0,0.0,0.0,Unavailable,0.0,0,626,0.0
2026-08-21,2026-08-21 21:13,1,False,405,N.Gonzalez,MCI,MID,5.5,0.1,0.0,0,0,0.0,0,0,0,0,0.0,0,0.0,2.0,Available,,13,34,0.0
2026-08-21,2026-08-21 21:13,1,False,406,Kovačić,MCI,MID,5.5,0.1,0.0,0,0,0.0,0,0,0,0,0.0,0,0.0,2.0,Available,,37,30,0.0
2026-08-21,2026-08-21 21:13,1,False,407,Echeverri,MCI,MID,5.0,0.0,0.0,0,0,0.0,0,0,0,0,0.0,0,0.0,1.5,Available,,4,5,0.0
2026-08-21,2026-08-21 21:13,1,False,408,Phillips,MCI,MID,5.0,0.0,0.0,0,0,0.0,0,0,0,0,0.0,0,0.0,0.0,Unavailable,0.0,0,21,0.0
2026-08-21,2026-08-21 21:13,1,False,409,Mukasa,MCI,MID,4.5,0.2,0.0,0,0,0.0,0,0,0,0,0.0,0,0.0,1.0,Available,,103,59,0.0
2026-08-21,2026-08-21 21:13,1,False,410,Monga,MCI,MID,5.0,0.0,0.0,0,0,0.0,0,0,0,0,0.0,0,0.0,1.5,Available,,6,5,0.0
2026-08-21,2026-08-21 21:13,1,False,411,Haaland,MCI,FWD,15.5,69.5,0.0,0,0,0.0,0,0,0,0,0.0,0,0.0,4.0,Available,,1437,794,0.0
2026-08-21,2026-08-21 21:13,1,False,412,Lammens,MUN,GKP,5.0,16.8,0.0,0,0,0.0,0,0,0,0,0.0,0,0.0,2.6,Available,,1218,800,0.0
2026-08-21,2026-08-21 21:13,1,False,413,Bayindir,MUN,GKP,4.5,0.0,0.0,0,0,0.0,0,0,0,0,0.0,0,0.0,0.0,Unavailable,0.0,0,43,0.0
2026-08-21,2026-08-21 21:13,1,False,414,Heaton,MUN,GKP,4.0,0.1,0.0,0,0,0.0,0,0,0,0,0.0,0,0.0,0.0,Injured,0.0,14,62,0.0
2026-08-21,2026-08-21 21:13,1,False,415,Dorgu,MUN,MID,6.0,1.4,0.0,0,0,0.0,0,0,0,0,0.0,0,0.0,2.1,Available,,245,250,0.0
2026-08-21,2026-08-21 21:13,1,False,416,De Ligt,MUN,DEF,5.0,0.0,0.0,0,0,0.0,0,0,0,0,0.0,0,0.0,0.0,Injured,0.0,18,33,0.0
2026-08-21,2026-08-21 21:13,1,False,417,Dalot,MUN,DEF,5.0,2.8,0.0,0,0,0.0,0,0,0,0,0.0,0,0.0,2.2,Available,,844,259,0.0
2026-08-21,2026-08-21 21:13,1,False,418,Maguire,MUN,DEF,5.0,18.5,0.0,0,0,0.0,0,0,0,0,0.0,0,0.0,2.2,Available,,3263,670,0.0
2026-08-21,2026-08-21 21:13,1,False,419,Martinez,MUN,DEF,5.0,1.3,0.0,0,0,0.0,0,0,0,0,0.0,0,0.0,2.2,Available,100.0,908,206,0.0
2026-08-21,2026-08-21 21:13,1,False,420,Yoro,MUN,DEF,5.0,0.7,0.0,0,0,0.0,0,0,0,0,0.0,0,0.0,2.2,Available,,223,141,0.0
2026-08-21,2026-08-21 21:13,1,False,421,Heaven,MUN,DEF,4.5,0.4,0.0,0,0,0.0,0,0,0,0,0.0,0,0.0,1.7,Available,,153,78,0.0
2026-08-21,2026-08-21 21:13,1,False,422,Mazraoui,MUN,DEF,4.5,0.6,0.0,0,0,0.0,0,0,0,0,0.0,0,0.0,1.7,Available,,277,95,0.0
2026-08-21,2026-08-21 21:13,1,False,423,Shaw,MUN,DEF,4.5,21.7,0.0,0,0,0.0,0,0,0,0,0.0,0,0.0,1.7,Available,,3404,722,0.0
2026-08-21,2026-08-21 21:13,1,False,424,Amass,MUN,DEF,4.0,0.2,0.0,0,0,0.0,0,0,0,0,0.0,0,0.0,1.0,Available,,66,41,0.0
2026-08-21,2026-08-21 21:13,1,False,425,Fredricson,MUN,DEF,4.0,0.0,0.0,0,0,0.0,0,0,0,0,0.0,0,0.0,0.0,Unavailable,0.0,0,59,0.0
2026-08-21,2026-08-21 21:13,1,False,426,B.Fernandes,MUN,MID,12.0,52.0,0.0,0,0,0.0,0,0,0,0,0.0,0,0.0,4.0,Available,,1252,917,0.0
2026-08-21,2026-08-21 21:13,1,False,427,Mbeumo,MUN,MID,8.0,39.0,0.0,0,0,0.0,0,0,0,0,0.0,0,0.0,2.8,Available,,2213,1077,0.0
2026-08-21,2026-08-21 21:13,1,False,428,Cunha,MUN,MID,8.0,10.1,0.0,0,0,0.0,0,0,0,0,0.0,0,0.0,2.8,Available,,847,980,0.0
2026-08-21,2026-08-21 21:13,1,False,429,Rashford,MUN,MID,7.0,1.5,0.0,0,0,0.0,0,0,0,0,0.0,0,0.0,2.5,Available,,571,355,0.0
2026-08-21,2026-08-21 21:13,1,False,430,Mount,MUN,MID,5.5,0.0,0.0,0,0,0.0,0,0,0,0,0.0,0,0.0,1.0,Doubtful,50.0,1,41,0.0
2026-08-21,2026-08-21 21:13,1,False,431,Amad,MUN,MID,6.0,1.6,0.0,0,0,0.0,0,0,0,0,0.0,0,0.0,2.1,Available,,385,301,0.0
2026-08-21,2026-08-21 21:13,1,False,432,Mainoo,MUN,MID,5.5,1.0,0.0,0,0,0.0,0,0,0,0,0.0,0,0.0,2.0,Available,,197,255,0.0
2026-08-21,2026-08-21 21:13,1,False,433,Ugarte,MUN,MID,5.0,0.0,0.0,0,0,0.0,0,0,0,0,0.0,0,0.0,0.0,Injured,0.0,3,11,0.0
2026-08-21,2026-08-21 21:13,1,False,434,J.Fletcher,MUN,MID,5.0,0.0,0.0,0,0,0.0,0,0,0,0,0.0,0,0.0,1.5,Available,,6,2,0.0
2026-08-21,2026-08-21 21:13,1,False,435,Lacey,MUN,MID,5.0,0.0,0.0,0,0,0.0,0,0,0,0,0.0,0,0.0,1.5,Available,,8,18,0.0
2026-08-21,2026-08-21 21:13,1,False,436,Collyer,MUN,MID,5.0,0.0,0.0,0,0,0.0,0,0,0,0,0.0,0,0.0,1.5,Available,,3,8,0.0
2026-08-21,2026-08-21 21:13,1,False,437,Bendito Mantato,MUN,MID,4.5,0.2,0.0,0,0,0.0,0,0,0,0,0.0,0,0.0,1.0,Available,,101,59,0.0
2026-08-21,2026-08-21 21:13,1,False,438,Fletcher,MUN,MID,4.5,0.4,0.0,0,0,0.0,0,0,0,0,0.0,0,0.0,1.0,Available,,134,108,0.0
2026-08-21,2026-08-21 21:13,1,False,439,Šeško,MUN,FWD,7.0,1.3,0.0,0,0,0.0,0,0,0,0,0.0,0,0.0,1.7,Doubtful,75.0,303,440,0.0
2026-08-21,2026-08-21 21:13,1,False,440,Zirkzee,MUN,FWD,5.5,0.6,0.0,0,0,0.0,0,0,0,0,0.0,0,0.0,1.8,Available,,164,192,0.0
2026-08-21,2026-08-21 21:13,1,False,441,Obi,MUN,FWD,4.5,1.1,0.0,0,0,0.0,0,0,0,0,0.0,0,0.0,1.0,Available,,266,320,0.0
2026-08-21,2026-08-21 21:13,1,False,442,Pope,NEW,GKP,5.0,1.3,0.0,0,0,0.0,0,0,0,0,0.0,0,0.0,2.6,Available,,90,134,0.0
2026-08-21,2026-08-21 21:13,1,False,443,Gillespie,NEW,GKP,4.5,0.0,0.0,0,0,0.0,0,0,0,0,0.0,0,0.0,1.9,Available,,9,6,0.0
2026-08-21,2026-08-21 21:13,1,False,444,Jaouen,NEW,GKP,4.5,0.0,0.0,0,0,0.0,0,0,0,0,0.0,0,0.0,1.9,Available,,9,10,0.0
2026-08-21,2026-08-21 21:13,1,False,445,Thiaw,NEW,DEF,5.0,1.6,0.0,0,0,0.0,0,0,0,0,0.0,0,0.0,2.2,Available,,295,155,0.0
2026-08-21,2026-08-21 21:13,1,False,446,Schär,NEW,DEF,5.0,0.2,0.0,0,0,0.0,0,0,0,0,0.0,0,0.0,2.2,Available,100.0,95,19,0.0
2026-08-21,2026-08-21 21:13,1,False,447,Botman,NEW,DEF,5.0,0.4,0.0,0,0,0.0,0,0,0,0,0.0,0,0.0,2.2,Available,,256,82,0.0
2026-08-21,2026-08-21 21:13,1,False,448,Burn,NEW,DEF,5.0,2.4,0.0,0,0,0.0,0,0,0,0,0.0,0,0.0,2.2,Available,,1235,369,0.0
2026-08-21,2026-08-21 21:13,1,False,449,Hall,NEW,DEF,5.0,3.5,0.0,0,0,0.0,0,0,0,0,0.0,0,0.0,2.2,Available,,1308,348,0.0
2026-08-21,2026-08-21 21:13,1,False,450,Livramento,NEW,DEF,5.0,0.0,0.0,0,0,0.0,0,0,0,0,0.0,0,0.0,0.0,Injured,0.0,6,74,0.0
2026-08-21,2026-08-21 21:13,1,False,451,A.Murphy,NEW,DEF,4.0,0.1,0.0,0,0,0.0,0,0,0,0,0.0,0,0.0,0.0,Unavailable,0.0,0,254,0.0
2026-08-21,2026-08-21 21:13,1,False,452,Bruno G.,ARS,MID,7.0,4.2,0.0,0,0,0.0,0,0,0,0,0.0,0,0.0,1.8,Doubtful,75.0,77,7439,0.0
2026-08-21,2026-08-21 21:13,1,False,453,Barnes,NEW,MID,6.0,1.1,0.0,0,0,0.0,0,0,0,0,0.0,0,0.0,2.1,Available,,193,118,0.0
2026-08-21,2026-08-21 21:13,1,False,454,Elanga,NEW,MID,6.0,0.7,0.0,0,0,0.0,0,0,0,0,0.0,0,0.0,2.1,Available,,176,162,0.0
2026-08-21,2026-08-21 21:13,1,False,455,Tonali,TOT,MID,5.5,4.2,0.0,0,0,0.0,0,0,0,0,0.0,0,0.0,2.0,Available,,712,376,0.0
2026-08-21,2026-08-21 21:13,1,False,456,J.Ramsey,NEW,MID,5.0,0.4,0.0,0,0,0.0,0,0,0,0,0.0,0,0.0,1.5,Available,,85,75,0.0
2026-08-21,2026-08-21 21:13,1,False,457,J.Murphy,NEW,MID,6.0,0.2,0.0,0,0,0.0,0,0,0,0,0.0,0,0.0,2.1,Available,,22,35,0.0
2026-08-21,2026-08-21 21:13,1,False,458,Joelinton,NEW,MID,5.5,0.0,0.0,0,0,0.0,0,0,0,0,0.0,0,0.0,0.0,Injured,0.0,0,57,0.0
2026-08-21,2026-08-21 21:13,1,False,459,L.Miley,NEW,MID,5.5,0.0,0.0,0,0,0.0,0,0,0,0,0.0,0,0.0,2.0,Available,100.0,12,6,0.0
2026-08-21,2026-08-21 21:13,1,False,460,Willock,NEW,MID,5.0,0.1,0.0,0,0,0.0,0,0,0,0,0.0,0,0.0,1.5,Available,,35,20,0.0
2026-08-21,2026-08-21 21:13,1,False,461,Touré,NEW,MID,6.0,0.3,0.0,0,0,0.0,0,0,0,0,0.0,0,0.0,2.1,Available,,34,33,0.0
2026-08-21,2026-08-21 21:13,1,False,462,Steur,NEW,MID,5.0,0.1,0.0,0,0,0.0,0,0,0,0,0.0,0,0.0,1.5,Available,,25,16,0.0
2026-08-21,2026-08-21 21:13,1,False,463,Woltemade,NEW,FWD,6.0,1.7,0.0,0,0,0.0,0,0,0,0,0.0,0,0.0,2.0,Available,,368,338,0.0
2026-08-21,2026-08-21 21:13,1,False,464,Wissa,NEW,FWD,6.0,1.6,0.0,0,0,0.0,0,0,0,0,0.0,0,0.0,2.0,Available,,240,230,0.0
2026-08-21,2026-08-21 21:13,1,False,465,Osula,NEW,FWD,6.0,0.9,0.0,0,0,0.0,0,0,0,0,0.0,0,0.0,2.0,Available,,122,187,0.0
2026-08-21,2026-08-21 21:13,1,False,466,Neave,NEW,FWD,4.5,0.8,0.0,0,0,0.0,0,0,0,0,0.0,0,0.0,1.0,Available,,223,192,0.0
2026-08-21,2026-08-21 21:13,1,False,467,Sels,NFO,GKP,5.0,1.6,0.0,0,0,0.0,0,0,0,0,0.0,0,0.0,2.6,Available,,72,174,0.0
2026-08-21,2026-08-21 21:13,1,False,468,John,NFO,GKP,4.5,0.1,0.0,0,0,0.0,0,0,0,0,0.0,0,0.0,1.9,Available,,10,6,0.0
2026-08-21,2026-08-21 21:13,1,False,469,N.Williams,NFO,DEF,5.0,10.3,0.0,0,0,0.0,0,0,0,0,0.0,0,0.0,2.2,Available,,1032,742,0.0
2026-08-21,2026-08-21 21:13,1,False,470,Morato,NFO,DEF,5.0,0.0,0.0,0,0,0.0,0,0,0,0,0.0,0,0.0,2.2,Available,,20,7,0.0
2026-08-21,2026-08-21 21:13,1,False,471,Milenković,NFO,DEF,5.5,2.0,0.0,0,0,0.0,0,0,0,0,0.0,0,0.0,2.5,Available,,159,266,0.0
2026-08-21,2026-08-21 21:13,1,False,472,Murillo,NFO,DEF,5.5,1.5,0.0,0,0,0.0,0,0,0,0,0.0,0,0.0,2.5,Available,100.0,371,218,0.0
2026-08-21,2026-08-21 21:13,1,False,473,Aina,NFO,DEF,4.5,3.7,0.0,0,0,0.0,0,0,0,0,0.0,0,0.0,1.7,Available,,589,363,0.0
2026-08-21,2026-08-21 21:13,1,False,474,Jair Cunha,NFO,DEF,4.5,0.2,0.0,0,0,0.0,0,0,0,0,0.0,0,0.0,1.7,Available,,11,27,0.0
2026-08-21,2026-08-21 21:13,1,False,475,Savona,NFO,DEF,4.5,0.0,0.0,0,0,0.0,0,0,0,0,0.0,0,0.0,0.0,Injured,0.0,4,2,0.0
2026-08-21,2026-08-21 21:13,1,False,476,O.Richards,NFO,DEF,4.0,0.3,0.0,0,0,0.0,0,0,0,0,0.0,0,0.0,1.0,Available,,42,22,0.0
2026-08-21,2026-08-21 21:13,1,False,477,Abbott,NFO,DEF,4.0,0.3,0.0,0,0,0.0,0,0,0,0,0.0,0,0.0,1.0,Available,,61,44,0.0
2026-08-21,2026-08-21 21:13,1,False,478,Netz,NFO,DEF,4.5,0.0,0.0,0,0,0.0,0,0,0,0,0.0,0,0.0,1.7,Available,,8,3,0.0
2026-08-21,2026-08-21 21:13,1,False,479,Bindon,NFO,DEF,4.0,0.2,0.0,0,0,0.0,0,0,0,0,0.0,0,0.0,1.0,Available,,27,10,0.0
2026-08-21,2026-08-21 21:13,1,False,480,Gibbs-White,NFO,MID,8.0,11.7,0.0,0,0,0.0,0,0,0,0,0.0,0,0.0,2.8,Available,,462,1525,0.0
2026-08-21,2026-08-21 21:13,1,False,481,Anderson,MCI,MID,6.5,7.9,0.0,0,0,0.0,0,0,0,0,0.0,0,0.0,2.3,Available,,761,1569,0.0
2026-08-21,2026-08-21 21:13,1,False,482,Hudson-Odoi,NFO,MID,6.0,0.3,0.0,0,0,0.0,0,0,0,0,0.0,0,0.0,2.1,Available,100.0,40,32,0.0
2026-08-21,2026-08-21 21:13,1,False,483,Ndoye,NFO,MID,5.5,0.4,0.0,0,0,0.0,0,0,0,0,0.0,0,0.0,2.0,Available,,20,73,0.0
2026-08-21,2026-08-21 21:13,1,False,484,Hutchinson,NFO,MID,5.5,0.2,0.0,0,0,0.0,0,0,0,0,0.0,0,0.0,2.0,Available,,13,33,0.0
2026-08-21,2026-08-21 21:13,1,False,485,Bakwa,NFO,MID,5.5,0.0,0.0,0,0,0.0,0,0,0,0,0.0,0,0.0,2.0,Available,,5,6,0.0
2026-08-21,2026-08-21 21:13,1,False,486,McAtee,NFO,MID,5.5,0.0,0.0,0,0,0.0,0,0,0,0,0.0,0,0.0,2.0,Available,,5,6,0.0
2026-08-21,2026-08-21 21:13,1,False,487,Dominguez,NFO,MID,5.0,0.1,0.0,0,0,0.0,0,0,0,0,0.0,0,0.0,1.5,Available,,19,16,0.0
2026-08-21,2026-08-21 21:13,1,False,488,I.Sangaré,NFO,MID,5.0,1.1,0.0,0,0,0.0,0,0,0,0,0.0,0,0.0,1.5,Available,,101,83,0.0
2026-08-21,2026-08-21 21:13,1,False,489,Yates,NFO,MID,4.5,1.9,0.0,0,0,0.0,0,0,0,0,0.0,0,0.0,0.0,Injured,0.0,52,2340,0.0
2026-08-21,2026-08-21 21:13,1,False,490,Wood,NFO,FWD,6.0,1.8,0.0,0,0,0.0,0,0,0,0,0.0,0,0.0,2.0,Available,,253,338,0.0
2026-08-21,2026-08-21 21:13,1,False,491,Igor Jesus,NFO,FWD,6.0,4.3,0.0,0,0,0.0,0,0,0,0,0.0,0,0.0,2.0,Available,,342,515,0.0
2026-08-21,2026-08-21 21:13,1,False,492,Awoniyi,COV,FWD,5.5,0.9,1.0,1,1,1.0,20,0,0,0,0.0,1,4.5,1.8,Available,,184,255,0.0
2026-08-21,2026-08-21 21:13,1,False,493,Kalimuendo,NFO,FWD,5.5,0.0,0.0,0,0,0.0,0,0,0,0,0.0,0,0.0,1.8,Available,,19,13,0.0
2026-08-21,2026-08-21 21:13,1,False,494,Vicario,TOT,GKP,4.5,0.4,0.0,0,0,0.0,0,0,0,0,0.0,0,0.0,0.0,Unavailable,0.0,0,1137,0.0
2026-08-21,2026-08-21 21:13,1,False,495,Austin,TOT,GKP,4.0,0.9,0.0,0,0,0.0,0,0,0,0,0.0,0,0.0,1.0,Available,,120,54,0.0
2026-08-21,2026-08-21 21:13,1,False,496,Kinsky,TOT,GKP,4.5,24.6,0.0,0,0,0.0,0,0,0,0,0.0,0,0.0,1.9,Available,,1291,498,0.0
2026-08-21,2026-08-21 21:13,1,False,497,Dubravka,TOT,GKP,4.0,19.8,0.0,0,0,0.0,0,0,0,0,0.0,0,0.0,1.0,Available,,1001,440,0.0
2026-08-21,2026-08-21 21:13,1,False,498,Senesi,TOT,DEF,6.0,8.2,0.0,0,0,0.0,0,0,0,0,0.0,0,0.0,2.8,Available,,1120,828,0.0
2026-08-21,2026-08-21 21:13,1,False,499,Pedro Porro,TOT,DEF,5.5,17.3,0.0,0,0,0.0,0,0,0,0,0.0,0,0.0,0.0,Injured,0.0,408,31125,0.0
2026-08-21,2026-08-21 21:13,1,False,500,Romero,TOT,DEF,5.0,0.3,0.0,0,0,0.0,0,0,0,0,0.0,0,0.0,0.0,Unavailable,0.0,0,1020,0.0
2026-08-21,2026-08-21 21:13,1,False,501,Danso,TOT,DEF,5.0,0.2,0.0,0,0,0.0,0,0,0,0,0.0,0,0.0,2.2,Available,,124,37,0.0
2026-08-21,2026-08-21 21:13,1,False,502,Robertson,TOT,DEF,4.5,3.9,0.0,0,0,0.0,0,0,0,0,0.0,0,0.0,1.7,Available,,1300,186,0.0
2026-08-21,2026-08-21 21:13,1,False,503,Van de Ven,TOT,DEF,5.0,5.6,0.0,0,0,0.0,0,0,0,0,0.0,0,0.0,0.0,Injured,0.0,214,13042,0.0
2026-08-21,2026-08-21 21:13,1,False,504,Vuskovic,BHA,DEF,5.0,2.5,0.0,0,0,0.0,0,0,0,0,0.0,0,0.0,2.2,Available,,388,152,0.0
2026-08-21,2026-08-21 21:13,1,False,505,Spence,TOT,DEF,4.5,1.0,0.0,0,0,0.0,0,0,0,0,0.0,0,0.0,0.0,Unavailable,0.0,0,5887,0.0
2026-08-21,2026-08-21 21:13,1,False,506,Udogie,TOT,DEF,4.5,0.5,0.0,0,0,0.0,0,0,0,0,0.0,0,0.0,1.7,Available,,210,70,0.0
2026-08-21,2026-08-21 21:13,1,False,507,Phillips,TOT,DEF,4.5,0.0,0.0,0,0,0.0,0,0,0,0,0.0,0,0.0,0.0,Unavailable,0.0,0,42,0.0
2026-08-21,2026-08-21 21:13,1,False,508,Davies,TOT,DEF,4.0,1.1,0.0,0,0,0.0,0,0,0,0,0.0,0,0.0,1.0,Available,,401,95,0.0
2026-08-21,2026-08-21 21:13,1,False,509,Byfield,TOT,DEF,4.0,0.1,0.0,0,0,0.0,0,0,0,0,0.0,0,0.0,1.0,Available,,29,10,0.0
2026-08-21,2026-08-21 21:13,1,False,510,Rowswell,TOT,DEF,4.0,0.1,0.0,0,0,0.0,0,0,0,0,0.0,0,0.0,1.0,Available,,24,14,0.0
2026-08-21,2026-08-21 21:13,1,False,511,Souza,TOT,DEF,4.0,0.3,0.0,0,0,0.0,0,0,0,0,0.0,0,0.0,1.0,Available,,97,50,0.0
2026-08-21,2026-08-21 21:13,1,False,512,Kudus,TOT,MID,6.5,0.1,0.0,0,0,0.0,0,0,0,0,0.0,0,0.0,0.6,Doubtful,25.0,6,121,0.0
2026-08-21,2026-08-21 21:13,1,False,513,Xavi,TOT,MID,6.0,0.0,0.0,0,0,0.0,0,0,0,0,0.0,0,0.0,0.0,Injured,0.0,8,22,0.0
2026-08-21,2026-08-21 21:13,1,False,514,Tel,TOT,MID,6.0,0.6,0.0,0,0,0.0,0,0,0,0,0.0,0,0.0,2.1,Available,,67,66,0.0
2026-08-21,2026-08-21 21:13,1,False,515,Maddison,TOT,MID,6.5,1.4,0.0,0,0,0.0,0,0,0,0,0.0,0,0.0,2.3,Available,,208,231,0.0
2026-08-21,2026-08-21 21:13,1,False,516,Bentancur,TOT,MID,5.5,0.2,0.0,0,0,0.0,0,0,0,0,0.0,0,0.0,2.0,Available,,23,41,0.0
2026-08-21,2026-08-21 21:13,1,False,517,Odobert,TOT,MID,5.5,0.0,0.0,0,0,0.0,0,0,0,0,0.0,0,0.0,0.0,Injured,0.0,0,1,0.0
2026-08-21,2026-08-21 21:13,1,False,518,P.M.Sarr,TOT,MID,5.0,0.3,0.0,0,0,0.0,0,0,0,0,0.0,0,0.0,0.0,Injured,0.0,1,744,0.0
2026-08-21,2026-08-21 21:13,1,False,519,Gallagher,TOT,MID,5.5,0.3,0.0,0,0,0.0,0,0,0,0,0.0,0,0.0,2.0,Available,,33,50,0.0
2026-08-21,2026-08-21 21:13,1,False,520,Bergvall,TOT,MID,5.5,0.2,0.0,0,0,0.0,0,0,0,0,0.0,0,0.0,2.0,Available,,34,41,0.0
2026-08-21,2026-08-21 21:13,1,False,521,Kulusevski,TOT,MID,6.5,0.0,0.0,0,0,0.0,0,0,0,0,0.0,0,0.0,0.0,Injured,0.0,3,7,0.0
2026-08-21,2026-08-21 21:13,1,False,522,Gray,TOT,MID,5.0,0.2,0.0,0,0,0.0,0,0,0,0,0.0,0,0.0,1.5,Available,,82,59,0.0
2026-08-21,2026-08-21 21:13,1,False,523,Moore,TOT,MID,5.0,0.2,0.0,0,0,0.0,0,0,0,0,0.0,0,0.0,1.5,Available,,23,29,0.0
2026-08-21,2026-08-21 21:13,1,False,524,Olusesi,TOT,MID,4.5,0.9,0.0,0,0,0.0,0,0,0,0,0.0,0,0.0,1.0,Available,,321,226,0.0
2026-08-21,2026-08-21 21:13,1,False,525,Fernandes,TOT,MID,6.0,2.0,0.0,0,0,0.0,0,0,0,0,0.0,0,0.0,2.1,Available,,257,290,0.0
2026-08-21,2026-08-21 21:13,1,False,526,Solanke,TOT,FWD,6.0,1.4,0.0,0,0,0.0,0,0,0,0,0.0,0,0.0,2.0,Available,,249,243,0.0
2026-08-21,2026-08-21 21:13,1,False,527,Richarlison,TOT,FWD,6.0,3.2,0.0,0,0,0.0,0,0,0,0,0.0,0,0.0,2.0,Available,,449,376,0.0
2026-08-21,2026-08-21 21:13,1,False,528,Scarlett,TOT,FWD,4.5,1.7,0.0,0,0,0.0,0,0,0,0,0.0,0,0.0,1.0,Available,,803,330,0.0
2026-08-21,2026-08-21 21:13,1,False,529,Roefs,SUN,GKP,5.0,4.4,0.0,0,0,0.0,0,0,0,0,0.0,0,0.0,2.6,Available,,135,325,0.0
2026-08-21,2026-08-21 21:13,1,False,530,Patterson,SUN,GKP,4.0,0.2,0.0,0,0,0.0,0,0,0,0,0.0,0,0.0,0.0,Unavailable,0.0,0,176,0.0
2026-08-21,2026-08-21 21:13,1,False,531,Ellborg,SUN,GKP,4.5,0.1,0.0,0,0,0.0,0,0,0,0,0.0,0,0.0,1.9,Available,,10,6,0.0
2026-08-21,2026-08-21 21:13,1,False,532,Ballard,SUN,DEF,5.0,5.8,0.0,0,0,0.0,0,0,0,0,0.0,0,0.0,2.2,Available,,765,317,0.0
2026-08-21,2026-08-21 21:13,1,False,533,Mukiele,SUN,DEF,5.5,2.9,0.0,0,0,0.0,0,0,0,0,0.0,0,0.0,2.5,Available,100.0,364,258,0.0
2026-08-21,2026-08-21 21:13,1,False,534,Hume,SUN,DEF,4.5,7.1,0.0,0,0,0.0,0,0,0,0,0.0,0,0.0,1.7,Available,,753,413,0.0
2026-08-21,2026-08-21 21:13,1,False,535,Alderete,SUN,DEF,5.0,0.5,0.0,0,0,0.0,0,0,0,0,0.0,0,0.0,2.2,Available,100.0,181,65,0.0
2026-08-21,2026-08-21 21:13,1,False,536,Reinildo,SUN,DEF,4.5,0.5,0.0,0,0,0.0,0,0,0,0,0.0,0,0.0,1.7,Available,,35,36,0.0
2026-08-21,2026-08-21 21:13,1,False,537,Seelt,SUN,DEF,4.5,0.0,0.0,0,0,0.0,0,0,0,0,0.0,0,0.0,1.7,Available,,4,3,0.0
2026-08-21,2026-08-21 21:13,1,False,538,Hjelde,SUN,DEF,4.0,0.1,0.0,0,0,0.0,0,0,0,0,0.0,0,0.0,0.0,Unavailable,0.0,0,64,0.0
2026-08-21,2026-08-21 21:13,1,False,539,O'Nien,SUN,DEF,4.0,3.7,0.0,0,0,0.0,0,0,0,0,0.0,0,0.0,1.0,Available,,302,197,0.0
2026-08-21,2026-08-21 21:13,1,False,540,Masuaku,SUN,DEF,4.0,0.3,0.0,0,0,0.0,0,0,0,0,0.0,0,0.0,0.0,Unavailable,0.0,0,340,0.0
2026-08-21,2026-08-21 21:13,1,False,541,Meunier,SUN,DEF,4.5,0.3,0.0,0,0,0.0,0,0,0,0,0.0,0,0.0,1.7,Available,100.0,29,30,0.0
2026-08-21,2026-08-21 21:13,1,False,542,E.Le Fée,SUN,MID,6.0,10.5,0.0,0,0,0.0,0,0,0,0,0.0,0,0.0,2.1,Available,,509,770,0.0
2026-08-21,2026-08-21 21:13,1,False,543,Diarra,SUN,MID,5.5,0.1,0.0,0,0,0.0,0,0,0,0,0.0,0,0.0,2.0,Available,,10,11,0.0
2026-08-21,2026-08-21 21:13,1,False,544,Xhaka,SUN,MID,5.5,4.4,0.0,0,0,0.0,0,0,0,0,0.0,0,0.0,2.0,Available,,286,441,0.0
2026-08-21,2026-08-21 21:13,1,False,545,Sadiki,SUN,MID,5.0,0.4,0.0,0,0,0.0,0,0,0,0,0.0,0,0.0,1.5,Available,,54,52,0.0
2026-08-21,2026-08-21 21:13,1,False,546,Adingra,SUN,MID,5.0,0.1,0.0,0,0,0.0,0,0,0,0,0.0,0,0.0,0.0,Injured,0.0,2,214,0.0
2026-08-21,2026-08-21 21:13,1,False,547,Mundle,SUN,MID,5.0,0.0,0.0,0,0,0.0,0,0,0,0,0.0,0,0.0,1.5,Available,,1,2,0.0
2026-08-21,2026-08-21 21:13,1,False,548,Rigg,SUN,MID,5.0,0.1,0.0,0,0,0.0,0,0,0,0,0.0,0,0.0,1.5,Available,,5,3,0.0
2026-08-21,2026-08-21 21:13,1,False,549,Talbi,SUN,MID,5.5,0.2,0.0,0,0,0.0,0,0,0,0,0.0,0,0.0,2.0,Available,,14,48,0.0
2026-08-21,2026-08-21 21:13,1,False,550,Jocelin.T,SUN,MID,5.0,0.0,0.0,0,0,0.0,0,0,0,0,0.0,0,0.0,1.5,Available,,1,4,0.0
2026-08-21,2026-08-21 21:13,1,False,551,Angulo,SUN,MID,5.0,0.1,0.0,0,0,0.0,0,0,0,0,0.0,0,0.0,1.5,Available,,10,12,0.0
2026-08-21,2026-08-21 21:13,1,False,552,Brobbey,SUN,FWD,6.0,14.3,0.0,0,0,0.0,0,0,0,0,0.0,0,0.0,2.0,Available,,1259,1058,0.0
2026-08-21,2026-08-21 21:13,1,False,553,Isidor,SUN,FWD,5.5,1.0,0.0,0,0,0.0,0,0,0,0,0.0,0,0.0,1.8,Available,,123,145,0.0
2026-08-21,2026-08-21 21:13,1,False,554,Van Oevelen,IPS,GKP,4.5,0.0,0.0,0,0,0.0,0,0,0,0,0.0,0,0.0,1.9,Available,,4,7,0.0
2026-08-21,2026-08-21 21:13,1,False,555,Matthews,CRY,GKP,4.0,1.8,0.0,0,0,0.0,0,0,0,0,0.0,0,0.0,1.0,Available,,232,95,0.0
2026-08-21,2026-08-21 21:13,1,False,556,Targett,HUL,DEF,4.0,2.5,0.0,0,0,0.0,0,0,0,0,0.0,0,0.0,1.0,Available,,211,233,0.0
2026-08-21,2026-08-21 21:13,1,False,557,Tzolis,ARS,MID,6.5,25.2,6.0,6,6,6.0,75,1,0,1,0.38,6,7.2,2.3,Available,,13804,1018,0.0
2026-08-21,2026-08-21 21:13,1,False,558,Schlager,NFO,MID,5.0,0.1,0.0,0,0,0.0,0,0,0,0,0.0,0,0.0,1.5,Available,,13,11,0.0
2026-08-21,2026-08-21 21:13,1,False,559,Bamba,NEW,MID,5.0,0.1,0.0,0,0,0.0,0,0,0,0,0.0,0,0.0,1.5,Available,,35,35,0.0
2026-08-21,2026-08-21 21:13,1,False,560,Penders,CHE,GKP,4.5,0.1,0.0,0,0,0.0,0,0,0,0,0.0,0,0.0,1.9,Available,,14,13,0.0
2026-08-21,2026-08-21 21:13,1,False,561,Anselmino,CHE,DEF,4.5,0.0,0.0,0,0,0.0,0,0,0,0,0.0,0,0.0,1.7,Available,,16,3,0.0
2026-08-21,2026-08-21 21:13,1,False,562,Maeda,IPS,MID,5.5,0.4,0.0,0,0,0.0,0,0,0,0,0.0,0,0.0,2.0,Available,,32,39,0.0
2026-08-21,2026-08-21 21:13,1,False,563,Morita,HUL,MID,5.0,0.0,0.0,0,0,0.0,0,0,0,0,0.0,0,0.0,0.7,Doubtful,50.0,3,17,0.0
2026-08-21,2026-08-21 21:13,1,False,564,Scherpen,IPS,GKP,4.5,0.6,0.0,0,0,0.0,0,0,0,0,0.0,0,0.0,1.9,Available,,15,66,0.0
2026-08-21,2026-08-21 21:13,1,False,565,M.Sangaré,BRE,MID,5.5,3.3,0.0,0,0,0.0,0,0,0,0,0.0,0,0.0,2.0,Available,,195,136,0.0
2026-08-21,2026-08-21 21:13,1,False,566,Silva,BOU,DEF,5.0,0.3,0.0,0,0,0.0,0,0,0,0,0.0,0,0.0,2.2,Available,,101,29,0.0
2026-08-21,2026-08-21 21:13,1,False,567,Horníček,NEW,GKP,5.0,0.6,0.0,0,0,0.0,0,0,0,0,0.0,0,0.0,2.6,Available,,32,115,0.0
2026-08-21,2026-08-21 21:13,1,False,568,Barco,CHE,MID,5.5,0.1,0.0,0,0,0.0,0,0,0,0,0.0,0,0.0,2.0,Available,,22,25,0.0
2026-08-21,2026-08-21 21:13,1,False,569,Gonzalo,FUL,FWD,6.0,2.0,0.0,0,0,0.0,0,0,0,0,0.0,0,0.0,2.0,Available,,420,251,0.0
2026-08-21,2026-08-21 21:13,1,False,570,Palacios,FUL,MID,5.5,0.2,0.0,0,0,0.0,0,0,0,0,0.0,0,0.0,2.0,Available,,16,24,0.0
2026-08-21,2026-08-21 21:13,1,False,571,Florentino,IPS,MID,5.0,0.1,0.0,0,0,0.0,0,0,0,0,0.0,0,0.0,1.5,Available,,20,21,0.0
2026-08-21,2026-08-21 21:13,1,False,572,Tzolakis,HUL,GKP,4.5,0.6,0.0,0,0,0.0,0,0,0,0,0.0,0,0.0,1.9,Available,,30,72,0.0
2026-08-21,2026-08-21 21:13,1,False,573,Sanchez,BOU,DEF,4.5,0.2,0.0,0,0,0.0,0,0,0,0,0.0,0,0.0,1.7,Available,,44,25,0.0
2026-08-21,2026-08-21 21:13,1,False,574,Hjertø-Dahl,HUL,MID,5.0,0.1,0.0,0,0,0.0,0,0,0,0,0.0,0,0.0,1.5,Available,,23,7,0.0
2026-08-21,2026-08-21 21:13,1,False,575,Yirenkyi,COV,MID,5.0,0.3,1.0,1,1,1.0,61,1,0,0,0.0,3,4.43,1.5,Available,,86,70,0.0
2026-08-21,2026-08-21 21:13,1,False,576,Stroud,HUL,MID,5.0,0.1,0.0,0,0,0.0,0,0,0,0,0.0,0,0.0,1.5,Available,,12,9,0.0
2026-08-21,2026-08-21 21:13,1,False,577,Tomiyasu,CRY,DEF,4.5,0.4,0.0,0,0,0.0,0,0,0,0,0.0,0,0.0,1.7,Available,,80,40,0.0
2026-08-21,2026-08-21 21:13,1,False,578,Mudryk,CHE,MID,5.5,0.0,0.0,0,0,0.0,0,0,0,0,0.0,0,0.0,2.0,Available,,11,17,0.0
2026-08-21,2026-08-21 21:13,1,False,579,Araujo,LIV,DEF,5.5,2.5,0.0,0,0,0.0,0,0,0,0,0.0,0,0.0,2.5,Available,,2569,536,0.0
2026-08-21,2026-08-21 21:13,1,False,580,Charles,FUL,MID,5.0,0.1,0.0,0,0,0.0,0,0,0,0,0.0,0,0.0,1.5,Available,,18,21,0.0
2026-08-21,2026-08-21 21:13,1,False,581,Diomande,NFO,DEF,5.5,0.8,0.0,0,0,0.0,0,0,0,0,0.0,0,0.0,2.5,Available,,334,141,0.0
2026-08-21,2026-08-21 21:13,1,False,582,Madjo,AVL,FWD,5.5,0.5,0.0,0,0,0.0,0,0,0,0,0.0,0,0.0,0.0,Injured,0.0,77,266,0.0
2026-08-21,2026-08-21 21:13,1,False,583,Chavarria,CHE,DEF,5.0,0.2,0.0,0,0,0.0,0,0,0,0,0.0,0,0.0,2.2,Available,,65,42,0.0
2026-08-21,2026-08-21 21:13,1,False,584,Hamer,COV,MID,5.5,0.1,1.0,1,1,1.0,8,0,0,0,0.0,1,11.25,2.0,Available,,21,51,0.0
2026-08-21,2026-08-21 21:13,1,False,585,Herrington,HUL,DEF,4.0,0.6,0.0,0,0,0.0,0,0,0,0,0.0,0,0.0,1.0,Available,,73,70,0.0
2026-08-21,2026-08-21 21:13,1,False,586,Mendy,HUL,DEF,4.0,1.1,0.0,0,0,0.0,0,0,0,0,0.0,0,0.0,1.0,Available,,188,120,0.0
2026-08-21,2026-08-21 21:13,1,False,587,Rulli,MCI,GKP,5.0,0.0,0.0,0,0,0.0,0,0,0,0,0.0,0,0.0,2.6,Available,,6,5,0.0
2026-08-21,2026-08-21 21:13,1,False,588,Khalaili,CRY,DEF,5.0,0.1,0.0,0,0,0.0,0,0,0,0,0.0,0,0.0,2.2,Available,,25,16,0.0
2026-08-21,2026-08-21 21:13,1,False,589,Gourna-Douath,HUL,MID,5.0,0.0,0.0,0,0,0.0,0,0,0,0,0.0,0,0.0,1.5,Available,,1,6,0.0
2026-08-21,2026-08-21 21:13,1,False,590,Benda,NFO,GKP,4.5,0.1,0.0,0,0,0.0,0,0,0,0,0.0,0,0.0,1.9,Available,,49,10,0.0
2026-08-21,2026-08-21 21:13,1,False,591,Enciso,IPS,MID,5.5,0.3,0.0,0,0,0.0,0,0,0,0,0.0,0,0.0,2.0,Available,,38,36,0.0
2026-08-21,2026-08-21 21:13,1,False,592,Ouattara,IPS,DEF,4.0,1.0,0.0,0,0,0.0,0,0,0,0,0.0,0,0.0,1.0,Available,,352,124,0.0
2026-08-21,2026-08-21 21:13,1,False,593,Dedić,NEW,DEF,4.5,0.2,0.0,0,0,0.0,0,0,0,0,0.0,0,0.0,1.7,Available,,134,31,0.0
2026-08-21,2026-08-21 21:13,1,False,594,David,BHA,FWD,6.0,0.2,0.0,0,0,0.0,0,0,0,0,0.0,0,0.0,2.0,Available,,94,50,0.0
2026-08-21,2026-08-21 21:13,1,False,595,Gozo,CRY,MID,5.0,0.0,0.0,0,0,0.0,0,0,0,0,0.0,0,0.0,1.5,Available,,8,3,0.0
2026-08-21,2026-08-21 21:13,1,False,596,Ruggeri,AVL,DEF,4.5,0.1,0.0,0,0,0.0,0,0,0,0,0.0,0,0.0,1.7,Available,,111,28,0.0
2026-08-21,2026-08-21 21:13,1,False,597,Suzuki,AVL,GKP,5.0,0.7,0.0,0,0,0.0,0,0,0,0,0.0,0,0.0,2.6,Available,,265,98,0.0
2026-08-21,2026-08-21 21:13,1,False,598,Elvedi,LEE,DEF,4.5,0.0,0.0,0,0,0.0,0,0,0,0,0.0,0,0.0,1.7,Available,,22,3,0.0
2026-08-21,2026-08-21 21:13,1,False,599,Cherif,COV,FWD,5.0,0.1,0.0,0,0,0.0,0,0,0,0,0.0,0,0.0,1.4,Available,,83,64,0.0
2026-08-21,2026-08-21 21:13,1,False,600,Osman,BHA,MID,5.0,0.0,0.0,0,0,0.0,0,0,0,0,0.0,0,0.0,1.5,Available,,6,3,0.0
