Snapshot,GW,ID,Player,Team,Pos,Price,Start probability,Appearance pts,Goals pts,Assists pts,Clean sheet pts,DEFCON pts,Bonus pts,Save pts,Expected points,Expected points low,Expected points high,Expected points per million,Confidence,Note
2026-09-25,1,28,Martinez,CHE,GKP,5.0,1.0,2.0,0.0,0.012,1.308,0.0,0.0,1.172,4.492,3.172,7.172,0.898,High,
2026-09-25,1,40,Rogers,CHE,MID,7.7,1.0,2.0,2.188,1.52,0.333,1.025,0.667,0.0,7.731,2.667,17.667,1.004,High,
2026-09-25,1,101,Henderson,CHE,MID,4.9,0.467,0.934,0.0,0.052,0.146,0.782,0.0,0.0,1.915,0.0,5.0,0.391,Low,only 90 trailing minutes
2026-09-25,1,136,Welbeck,CHE,FWD,5.9,0.467,0.995,0.0,0.083,0.0,0.186,0.0,0.0,1.263,0.0,4.0,0.214,Low,only 85 trailing minutes
2026-09-25,1,140,Sánchez,CHE,GKP,4.9,0.0,0.0,0.0,0.0,0.0,0.0,0.0,0.0,0.0,0.0,0.0,0.0,Low,only 90 trailing minutes
2026-09-25,1,141,Jörgensen,CHE,GKP,5.0,0.0,0.0,0.0,0.0,0.0,0.0,0.0,0.0,0.0,0.0,0.0,0.0,Low,only 0 trailing minutes
2026-09-25,1,142,James,CHE,DEF,5.4,0.683,1.343,0.33,0.227,0.792,0.564,0.0,0.0,3.256,0.0,11.0,0.603,High,
2026-09-25,1,143,Chalobah,CHE,DEF,5.5,0.0,0.0,0.0,0.0,0.0,0.0,0.0,0.0,0.0,0.0,0.0,0.0,Low,only 0 trailing minutes
2026-09-25,1,144,Gusto,CHE,DEF,4.9,0.333,0.91,0.024,0.046,0.412,0.196,0.0,0.0,1.589,0.0,8.0,0.324,High,
2026-09-25,1,145,Fofana,CHE,DEF,5.0,1.0,2.0,0.0,0.098,1.298,2.0,0.0,0.0,5.396,4.0,8.0,1.079,High,
2026-09-25,1,146,B.Badiashile,CHE,DEF,4.5,0.0,0.0,0.0,0.0,0.0,0.0,0.0,0.0,0.0,0.0,0.0,0.0,Low,only 0 trailing minutes
2026-09-25,1,148,Hato,CHE,DEF,4.5,0.667,1.153,0.009,0.165,0.878,0.514,0.0,0.0,2.719,0.0,8.0,0.604,High,
2026-09-25,1,149,Colwill,CHE,DEF,4.8,0.667,1.349,0.006,0.042,0.822,0.943,0.0,0.0,3.162,0.0,8.0,0.659,High,
2026-09-25,1,150,M.Sarr,CHE,DEF,4.5,0.0,0.0,0.0,0.0,0.0,0.0,0.0,0.0,0.0,0.0,0.0,0.0,Low,only 0 trailing minutes
2026-09-25,1,151,Acheampong,CHE,DEF,4.5,0.333,0.93,0.0,0.012,0.412,0.344,0.0,0.0,1.698,0.0,8.0,0.377,High,
2026-09-25,1,152,Palestra,CHE,DEF,5.3,0.1,0.175,0.0,0.0,0.142,0.0,0.0,0.0,0.317,0.0,6.0,0.06,Low,only 0 trailing minutes
2026-09-25,1,154,Palmer,CHE,MID,9.7,0.95,1.913,1.597,1.012,0.285,0.953,0.957,0.0,6.718,0.0,16.0,0.693,High,
2026-09-25,1,156,Neto,CHE,MID,6.5,1.0,2.0,0.795,0.744,0.301,1.151,0.0,0.0,4.992,2.0,12.0,0.768,High,
2026-09-25,1,157,Estêvão,CHE,MID,6.3,0.0,0.655,0.0,0.0,0.0,0.0,0.0,0.0,0.655,0.0,1.0,0.104,Low,only 23 trailing minutes
2026-09-25,1,158,Gittens,CHE,MID,5.8,0.0,0.0,0.0,0.0,0.0,0.0,0.0,0.0,0.0,0.0,0.0,0.0,Low,only 0 trailing minutes
2026-09-25,1,159,Caicedo,CHE,MID,5.3,0.1,0.187,0.0,0.0,0.034,0.0,0.0,0.0,0.221,0.0,3.0,0.042,Low,only 13 trailing minutes
2026-09-25,1,161,Lavia,CHE,MID,5.0,0.667,1.222,0.605,0.118,0.208,0.858,0.0,0.0,3.012,0.0,10.0,0.602,High,
2026-09-25,1,163,D.Essugo,CHE,MID,4.5,0.0,0.0,0.0,0.0,0.0,0.0,0.0,0.0,0.0,0.0,0.0,0.0,Low,only 0 trailing minutes
2026-09-25,1,164,Quenda,CHE,MID,5.3,0.2,0.509,0.013,0.002,0.061,0.022,0.0,0.0,0.606,0.0,3.0,0.114,Low,only 27 trailing minutes
2026-09-25,1,165,João Pedro,CHE,FWD,7.7,0.683,1.353,1.462,0.153,0.0,0.251,2.368,0.0,5.587,0.0,15.5,0.726,High,
2026-09-25,1,168,Marc Guiu,CHE,FWD,5.0,0.0,0.0,0.0,0.0,0.0,0.0,0.0,0.0,0.0,0.0,0.0,0.0,Low,only 0 trailing minutes
2026-09-25,1,169,Mheuka,CHE,FWD,4.5,0.0,0.0,0.0,0.0,0.0,0.0,0.0,0.0,0.0,0.0,0.0,0.0,Low,only 0 trailing minutes
2026-09-25,1,170,Emegha,CHE,FWD,5.0,0.0,0.0,0.0,0.0,0.0,0.0,0.0,0.0,0.0,0.0,0.0,0.0,Low,only 0 trailing minutes
2026-09-25,1,200,Lacroix,CHE,DEF,5.9,0.667,1.363,0.114,0.167,0.842,1.363,0.0,0.0,3.849,0.0,11.0,0.652,High,
2026-09-25,1,250,Leno,FUL,GKP,4.5,1.0,2.0,0.0,0.0,0.622,0.0,0.667,1.845,5.133,4.511,8.511,1.141,High,
2026-09-25,1,251,Lecomte,FUL,GKP,4.0,0.0,0.0,0.0,0.0,0.0,0.0,0.0,0.0,0.0,0.0,0.0,0.0,Low,only 0 trailing minutes
2026-09-25,1,252,McNally,FUL,GKP,4.0,0.0,0.0,0.0,0.0,0.0,0.0,0.0,0.0,0.0,0.0,0.0,0.0,Low,only 0 trailing minutes
2026-09-25,1,253,Andersen,FUL,DEF,5.0,0.467,1.046,0.0,0.024,0.308,0.461,0.0,0.0,1.839,0.0,8.0,0.368,High,
2026-09-25,1,254,Robinson,FUL,DEF,4.5,1.0,2.0,0.267,0.195,0.628,1.264,0.0,0.0,4.354,2.0,10.0,0.968,High,
2026-09-25,1,255,J.Cuenca,FUL,DEF,4.5,0.0,0.0,0.0,0.0,0.0,0.0,0.0,0.0,0.0,0.0,0.0,0.0,Low,only 90 trailing minutes
2026-09-25,1,256,Tete,FUL,DEF,4.4,0.2,0.538,0.0,0.0,0.106,0.122,0.0,0.0,0.766,0.0,5.0,0.174,Low,only 27 trailing minutes
2026-09-25,1,257,Bassey,FUL,DEF,4.5,1.0,2.0,0.117,0.051,0.6,1.146,0.333,0.0,4.247,2.333,8.333,0.944,High,
2026-09-25,1,258,Castagne,FUL,DEF,4.5,1.0,2.0,0.663,0.254,0.648,1.161,0.0,0.0,4.726,2.0,12.0,1.05,High,
2026-09-25,1,261,Iwobi,FUL,MID,5.4,1.0,2.0,0.263,0.737,0.147,0.877,0.667,0.0,4.69,2.667,9.692,0.869,High,
2026-09-25,1,262,Smith Rowe,FUL,MID,5.4,0.0,0.676,0.0,0.0,0.0,0.0,0.0,0.0,0.676,0.0,1.0,0.125,Low,only 38 trailing minutes
2026-09-25,1,263,Kevin,FUL,MID,5.3,0.0,0.336,0.0,0.0,0.0,0.0,0.0,0.0,0.336,0.0,1.0,0.063,Low,only 61 trailing minutes
2026-09-25,1,264,Bobb,FUL,MID,5.5,1.0,1.933,0.438,0.705,0.148,0.956,0.0,0.0,4.179,2.0,10.0,0.76,High,
2026-09-25,1,265,Berge,FUL,MID,4.9,0.667,1.573,0.05,0.144,0.105,0.355,0.0,0.0,2.227,1.0,6.0,0.454,High,
2026-09-25,1,266,Cairney,FUL,MID,4.9,0.0,0.0,0.0,0.0,0.0,0.0,0.0,0.0,0.0,0.0,0.0,0.0,Low,only 0 trailing minutes
2026-09-25,1,268,King,FUL,MID,5.5,1.0,2.0,1.165,0.27,0.16,0.913,1.0,0.0,5.508,3.0,13.0,1.001,High,
2026-09-25,1,269,Sessegnon,FUL,DEF,4.3,0.2,0.501,0.036,0.052,0.106,0.028,0.0,0.0,0.724,0.0,5.0,0.168,Low,only 50 trailing minutes
2026-09-25,1,270,Reed,FUL,MID,4.4,0.0,0.0,0.0,0.0,0.0,0.0,0.0,0.0,0.0,0.0,0.0,0.0,Low,only 0 trailing minutes
2026-09-25,1,271,Muniz,FUL,FWD,5.4,0.0,0.672,0.0,0.0,0.0,0.0,0.0,0.0,0.672,0.0,1.0,0.124,Low,only 38 trailing minutes
2026-09-25,1,272,Kusi-Asare,FUL,FWD,4.5,0.0,0.0,0.0,0.0,0.0,0.0,0.0,0.0,0.0,0.0,0.0,0.0,Low,only 0 trailing minutes
2026-09-25,1,560,Penders,CHE,GKP,4.4,0.0,0.0,0.0,0.0,0.0,0.0,0.0,0.0,0.0,0.0,0.0,0.0,Low,only 0 trailing minutes
2026-09-25,1,561,Anselmino,CHE,DEF,4.5,0.2,0.354,0.0,0.0,0.246,0.0,0.0,0.0,0.601,0.0,6.0,0.134,Low,only 0 trailing minutes
2026-09-25,1,568,Barco,CHE,MID,5.4,0.333,0.649,0.015,0.042,0.095,0.597,0.0,0.0,1.397,0.0,5.0,0.259,Low,only 115 trailing minutes
2026-09-25,1,569,Gonzalo,FUL,FWD,6.0,1.0,2.0,1.378,0.367,0.0,0.585,0.0,0.0,4.33,2.0,11.0,0.722,High,
2026-09-25,1,570,Palacios,FUL,MID,5.4,0.333,0.82,0.225,0.006,0.048,0.169,0.327,0.0,1.595,0.0,8.0,0.295,High,
2026-09-25,1,580,Charles,FUL,MID,5.0,1.0,2.0,0.077,0.102,0.151,2.0,0.0,0.0,4.331,4.0,7.0,0.866,High,
2026-09-25,1,583,Chavarria,CHE,DEF,4.9,0.333,0.999,0.009,0.027,0.408,0.415,0.0,0.0,1.858,0.0,8.0,0.379,High,
2026-09-25,1,610,De Fougerolles,FUL,DEF,4.0,0.0,0.0,0.0,0.0,0.0,0.0,0.0,0.0,0.0,0.0,0.0,0.0,Low,only 0 trailing minutes
2026-09-25,1,626,Zepa,FUL,MID,4.5,0.0,0.0,0.0,0.0,0.0,0.0,0.0,0.0,0.0,0.0,0.0,0.0,Low,only 0 trailing minutes
2026-09-25,1,635,Larsson,FUL,MID,5.0,0.5,0.909,0.028,0.084,0.077,0.84,0.0,0.0,1.938,0.0,6.025,0.388,Low,no start probability yet; thin minutes history; only 37 trailing minutes
2026-09-25,1,636,Ángel,FUL,MID,5.0,0.5,0.902,0.0,0.0,0.085,0.0,0.0,0.0,0.987,0.0,3.0,0.197,Low,no start probability yet; thin minutes history; only 0 trailing minutes
2026-09-25,1,650,Affengruber,FUL,DEF,4.5,0.5,0.891,0.0,0.011,0.294,0.766,0.0,0.0,1.962,0.0,8.0,0.436,Low,no start probability yet; thin minutes history
2026-09-25,1,662,Nicoll-Jazuli,CHE,MID,4.5,0.5,0.852,0.0,0.0,0.141,0.942,0.0,0.0,1.935,0.0,5.0,0.43,Low,no start probability yet; thin minutes history; only 3 trailing minutes
2026-10-02,1,28,Martinez,CHE,GKP,5.0,1.0,2.0,0.0,0.011,1.212,0.0,0.0,1.172,4.395,3.172,7.172,0.879,High,
2026-10-02,1,40,Rogers,CHE,MID,7.7,1.0,2.0,2.015,1.47,0.317,1.053,0.667,0.0,7.522,2.667,17.667,0.977,High,
2026-10-02,1,101,Henderson,CHE,MID,4.9,0.467,0.941,0.0,0.046,0.152,0.792,0.0,0.0,1.932,0.0,5.0,0.394,Low,only 90 trailing minutes
2026-10-02,1,136,Welbeck,CHE,FWD,5.9,0.467,1.01,0.0,0.093,0.0,0.199,0.0,0.0,1.302,0.0,4.0,0.221,Low,only 85 trailing minutes
2026-10-02,1,140,Sánchez,CHE,GKP,4.9,0.0,0.0,0.0,0.0,0.0,0.0,0.0,0.0,0.0,0.0,0.0,0.0,Low,only 90 trailing minutes
2026-10-02,1,141,Jörgensen,CHE,GKP,5.0,0.0,0.0,0.0,0.0,0.0,0.0,0.0,0.0,0.0,0.0,0.0,0.0,Low,only 0 trailing minutes
2026-10-02,1,142,James,CHE,DEF,5.4,0.683,1.391,0.363,0.222,0.838,0.534,0.0,0.0,3.348,0.0,11.0,0.62,High,
2026-10-02,1,143,Chalobah,CHE,DEF,5.5,0.0,0.0,0.0,0.0,0.0,0.0,0.0,0.0,0.0,0.0,0.0,0.0,Low,only 0 trailing minutes
2026-10-02,1,144,Gusto,CHE,DEF,4.9,0.333,0.895,0.045,0.059,0.478,0.213,0.0,0.0,1.69,0.0,8.0,0.345,High,
2026-10-02,1,145,Fofana,CHE,DEF,5.0,1.0,2.0,0.0,0.088,1.192,2.0,0.0,0.0,5.28,4.0,8.0,1.056,High,
2026-10-02,1,146,B.Badiashile,CHE,DEF,4.5,0.0,0.0,0.0,0.0,0.0,0.0,0.0,0.0,0.0,0.0,0.0,0.0,Low,only 0 trailing minutes
2026-10-02,1,148,Hato,CHE,DEF,4.5,0.667,1.127,0.009,0.161,0.87,0.469,0.0,0.0,2.636,0.0,8.0,0.586,High,
2026-10-02,1,149,Colwill,CHE,DEF,4.8,0.667,1.327,0.0,0.045,0.838,0.872,0.0,0.0,3.082,0.0,8.0,0.642,High,
2026-10-02,1,150,M.Sarr,CHE,DEF,4.5,0.0,0.0,0.0,0.0,0.0,0.0,0.0,0.0,0.0,0.0,0.0,0.0,Low,only 0 trailing minutes
2026-10-02,1,151,Acheampong,CHE,DEF,4.5,0.333,0.909,0.0,0.011,0.458,0.323,0.0,0.0,1.701,0.0,8.0,0.378,High,
2026-10-02,1,152,Palestra,CHE,DEF,5.3,0.1,0.191,0.0,0.0,0.14,0.0,0.0,0.0,0.331,0.0,6.0,0.062,Low,only 0 trailing minutes
2026-10-02,1,154,Palmer,CHE,MID,9.7,0.95,1.912,1.64,0.965,0.308,0.923,0.956,0.0,6.704,0.0,15.0,0.691,High,
2026-10-02,1,156,Neto,CHE,MID,6.5,1.0,2.0,0.81,0.768,0.308,1.157,0.0,0.0,5.043,2.0,12.0,0.776,High,
2026-10-02,1,157,Estêvão,CHE,MID,6.3,0.0,0.64,0.0,0.0,0.0,0.0,0.0,0.0,0.64,0.0,1.0,0.102,Low,only 23 trailing minutes
2026-10-02,1,158,Gittens,CHE,MID,5.8,0.15,0.287,0.0,0.0,0.044,0.0,0.0,0.0,0.332,0.0,3.0,0.057,Low,only 0 trailing minutes
2026-10-02,1,159,Caicedo,CHE,MID,5.3,0.1,0.172,0.0,0.0,0.034,0.0,0.0,0.0,0.206,0.0,3.0,0.039,Low,only 13 trailing minutes
2026-10-02,1,161,Lavia,CHE,MID,5.0,0.667,1.233,0.608,0.091,0.203,0.833,0.0,0.0,2.968,0.0,10.0,0.594,High,
2026-10-02,1,163,D.Essugo,CHE,MID,4.5,0.0,0.0,0.0,0.0,0.0,0.0,0.0,0.0,0.0,0.0,0.0,0.0,Low,only 0 trailing minutes
2026-10-02,1,164,Quenda,CHE,MID,5.3,0.2,0.514,0.01,0.003,0.067,0.024,0.0,0.0,0.618,0.0,3.0,0.117,Low,only 27 trailing minutes
2026-10-02,1,165,João Pedro,CHE,FWD,7.7,0.683,1.345,1.502,0.142,0.0,0.254,2.354,0.0,5.597,0.0,15.5,0.727,High,
2026-10-02,1,168,Marc Guiu,CHE,FWD,5.0,0.0,0.0,0.0,0.0,0.0,0.0,0.0,0.0,0.0,0.0,0.0,0.0,Low,only 0 trailing minutes
2026-10-02,1,169,Mheuka,CHE,FWD,4.5,0.0,0.0,0.0,0.0,0.0,0.0,0.0,0.0,0.0,0.0,0.0,0.0,Low,only 0 trailing minutes
2026-10-02,1,170,Emegha,CHE,FWD,4.9,0.0,0.0,0.0,0.0,0.0,0.0,0.0,0.0,0.0,0.0,0.0,0.0,Low,only 0 trailing minutes
2026-10-02,1,200,Lacroix,CHE,DEF,5.9,0.667,1.319,0.153,0.189,0.834,1.319,0.0,0.0,3.814,0.0,11.0,0.646,High,
2026-10-02,1,250,Leno,FUL,GKP,4.5,1.0,2.0,0.0,0.0,0.622,0.0,0.667,1.845,5.133,4.511,8.511,1.141,High,
2026-10-02,1,251,Lecomte,FUL,GKP,4.0,0.0,0.0,0.0,0.0,0.0,0.0,0.0,0.0,0.0,0.0,0.0,0.0,Low,only 0 trailing minutes
2026-10-02,1,252,McNally,FUL,GKP,4.0,0.0,0.0,0.0,0.0,0.0,0.0,0.0,0.0,0.0,0.0,0.0,0.0,Low,only 0 trailing minutes
2026-10-02,1,253,Andersen,FUL,DEF,5.0,0.467,1.07,0.0,0.027,0.292,0.502,0.0,0.0,1.891,0.0,8.0,0.378,High,
2026-10-02,1,254,Robinson,FUL,DEF,4.5,1.0,2.0,0.267,0.171,0.674,1.233,0.0,0.0,4.345,2.0,10.0,0.966,High,
2026-10-02,1,255,J.Cuenca,FUL,DEF,4.5,0.0,0.0,0.0,0.0,0.0,0.0,0.0,0.0,0.0,0.0,0.0,0.0,Low,only 90 trailing minutes
2026-10-02,1,256,Tete,FUL,DEF,4.4,0.2,0.545,0.0,0.0,0.15,0.14,0.0,0.0,0.835,0.0,5.0,0.19,Low,only 27 trailing minutes
2026-10-02,1,257,Bassey,FUL,DEF,4.5,1.0,2.0,0.117,0.069,0.672,1.139,0.333,0.0,4.33,2.333,8.333,0.962,High,
2026-10-02,1,258,Castagne,FUL,DEF,4.5,1.0,2.0,0.603,0.235,0.61,1.199,0.0,0.0,4.647,2.0,12.0,1.033,High,
2026-10-02,1,261,Iwobi,FUL,MID,5.4,1.0,2.0,0.32,0.787,0.145,0.913,0.667,0.0,4.833,2.667,10.667,0.895,High,
2026-10-02,1,262,Smith Rowe,FUL,MID,5.3,0.0,0.674,0.0,0.0,0.0,0.0,0.0,0.0,0.674,0.0,1.0,0.127,Low,only 38 trailing minutes
2026-10-02,1,263,Kevin,FUL,MID,5.3,0.0,0.324,0.0,0.0,0.0,0.0,0.0,0.0,0.324,0.0,1.0,0.061,Low,only 61 trailing minutes
2026-10-02,1,264,Bobb,FUL,MID,5.5,1.0,1.931,0.45,0.728,0.157,0.946,0.0,0.0,4.212,2.0,10.0,0.766,High,
2026-10-02,1,265,Berge,FUL,MID,4.9,0.667,1.573,0.025,0.124,0.101,0.394,0.0,0.0,2.217,1.0,5.0,0.452,High,
2026-10-02,1,266,Cairney,FUL,MID,4.9,0.0,0.0,0.0,0.0,0.0,0.0,0.0,0.0,0.0,0.0,0.0,0.0,Low,only 0 trailing minutes
2026-10-02,1,268,King,FUL,MID,5.5,1.0,2.0,1.095,0.276,0.149,0.899,1.0,0.0,5.419,3.0,13.0,0.985,High,
2026-10-02,1,269,Sessegnon,FUL,DEF,4.3,0.2,0.508,0.015,0.063,0.114,0.026,0.0,0.0,0.727,0.0,5.0,0.169,Low,only 50 trailing minutes
2026-10-02,1,270,Reed,FUL,MID,4.4,0.0,0.0,0.0,0.0,0.0,0.0,0.0,0.0,0.0,0.0,0.0,0.0,Low,only 0 trailing minutes
2026-10-02,1,271,Muniz,FUL,FWD,5.4,0.0,0.675,0.0,0.0,0.0,0.0,0.0,0.0,0.675,0.0,1.0,0.125,Low,only 38 trailing minutes
2026-10-02,1,272,Kusi-Asare,FUL,FWD,4.5,0.0,0.0,0.0,0.0,0.0,0.0,0.0,0.0,0.0,0.0,0.0,0.0,Low,only 0 trailing minutes
2026-10-02,1,560,Penders,CHE,GKP,4.4,0.0,0.0,0.0,0.0,0.0,0.0,0.0,0.0,0.0,0.0,0.0,0.0,Low,only 0 trailing minutes
2026-10-02,1,561,Anselmino,CHE,DEF,4.5,0.2,0.36,0.0,0.0,0.236,0.0,0.0,0.0,0.596,0.0,6.0,0.132,Low,only 0 trailing minutes
2026-10-02,1,568,Barco,CHE,MID,5.4,0.333,0.69,0.028,0.057,0.108,0.64,0.0,0.0,1.522,0.0,5.0,0.282,Low,only 115 trailing minutes
2026-10-02,1,569,Gonzalo,FUL,FWD,6.0,1.0,2.0,1.376,0.36,0.0,0.551,0.0,0.0,4.287,2.0,12.0,0.715,High,
2026-10-02,1,570,Palacios,FUL,MID,5.4,0.333,0.881,0.258,0.012,0.054,0.168,0.336,0.0,1.709,0.0,8.0,0.316,High,
2026-10-02,1,580,Charles,FUL,MID,5.0,1.0,2.0,0.065,0.113,0.174,2.0,0.0,0.0,4.352,4.0,7.0,0.87,High,
2026-10-02,1,583,Chavarria,CHE,DEF,4.9,0.333,1.01,0.03,0.024,0.432,0.421,0.0,0.0,1.917,0.0,8.0,0.391,High,
2026-10-02,1,610,De Fougerolles,FUL,DEF,4.0,0.0,0.0,0.0,0.0,0.0,0.0,0.0,0.0,0.0,0.0,0.0,0.0,Low,only 0 trailing minutes
2026-10-02,1,626,Zepa,FUL,MID,4.4,0.0,0.0,0.0,0.0,0.0,0.0,0.0,0.0,0.0,0.0,0.0,0.0,Low,only 0 trailing minutes
2026-10-02,1,635,Larsson,FUL,MID,5.0,0.0,0.483,0.0,0.0,0.0,0.0,0.0,0.0,0.483,0.0,1.0,0.097,Low,only 37 trailing minutes
2026-10-02,1,636,Ángel,FUL,MID,5.0,0.0,0.0,0.0,0.0,0.0,0.0,0.0,0.0,0.0,0.0,0.0,0.0,Low,only 0 trailing minutes
2026-10-02,1,650,Affengruber,FUL,DEF,4.5,1.0,2.0,0.0,0.012,0.64,2.0,0.0,0.0,4.652,4.0,8.0,1.034,High,
2026-10-02,1,662,Nicoll-Jazuli,CHE,MID,4.5,0.5,0.908,0.0,0.0,0.164,1.0,0.0,0.0,2.072,0.0,5.0,0.46,Low,no start probability yet; thin minutes history; only 3 trailing minutes
2026-10-09,1,28,Martinez,CHE,GKP,5.0,1.0,2.0,0.0,0.011,1.208,0.0,0.0,1.172,4.391,3.172,7.172,0.878,High,
2026-10-09,1,40,Rogers,CHE,MID,7.7,1.0,2.0,2.127,1.526,0.309,1.079,0.667,0.0,7.708,2.667,17.667,1.001,High,
2026-10-09,1,101,Henderson,CHE,MID,4.9,0.467,0.947,0.0,0.052,0.142,0.803,0.0,0.0,1.944,0.0,5.0,0.397,Low,only 90 trailing minutes
2026-10-09,1,136,Welbeck,CHE,FWD,5.9,0.467,1.013,0.0,0.101,0.0,0.214,0.0,0.0,1.327,0.0,4.0,0.225,Low,only 85 trailing minutes
2026-10-09,1,140,Sánchez,CHE,GKP,4.9,0.0,0.0,0.0,0.0,0.0,0.0,0.0,0.0,0.0,0.0,0.0,0.0,Low,only 90 trailing minutes
2026-10-09,1,141,Jörgensen,CHE,GKP,5.0,0.0,0.0,0.0,0.0,0.0,0.0,0.0,0.0,0.0,0.0,0.0,0.0,Low,only 0 trailing minutes
2026-10-09,1,142,James,CHE,DEF,5.3,0.683,1.377,0.381,0.227,0.886,0.535,0.0,0.0,3.405,0.0,11.0,0.642,High,
2026-10-09,1,143,Chalobah,CHE,DEF,5.5,0.0,0.0,0.0,0.0,0.0,0.0,0.0,0.0,0.0,0.0,0.0,0.0,Low,only 0 trailing minutes
2026-10-09,1,144,Gusto,CHE,DEF,4.9,0.333,0.882,0.021,0.052,0.404,0.176,0.0,0.0,1.536,0.0,8.0,0.313,High,
2026-10-09,1,145,Fofana,CHE,DEF,5.0,1.0,2.0,0.0,0.124,1.226,2.0,0.0,0.0,5.351,4.0,8.0,1.07,High,
2026-10-09,1,146,B.Badiashile,CHE,DEF,4.5,0.0,0.0,0.0,0.0,0.0,0.0,0.0,0.0,0.0,0.0,0.0,0.0,Low,only 0 trailing minutes
2026-10-09,1,148,Hato,CHE,DEF,4.5,0.667,1.135,0.003,0.158,0.788,0.478,0.0,0.0,2.561,0.0,8.0,0.569,High,
2026-10-09,1,149,Colwill,CHE,DEF,4.8,0.667,1.339,0.003,0.046,0.826,0.96,0.0,0.0,3.175,0.0,8.0,0.661,High,
2026-10-09,1,150,M.Sarr,CHE,DEF,4.5,0.0,0.0,0.0,0.0,0.0,0.0,0.0,0.0,0.0,0.0,0.0,0.0,Low,only 0 trailing minutes
2026-10-09,1,151,Acheampong,CHE,DEF,4.5,0.333,0.937,0.0,0.013,0.422,0.345,0.0,0.0,1.718,0.0,8.0,0.382,High,
2026-10-09,1,152,Palestra,CHE,DEF,5.3,0.1,0.176,0.0,0.0,0.136,0.0,0.0,0.0,0.312,0.0,6.0,0.059,Low,only 0 trailing minutes
2026-10-09,1,154,Palmer,CHE,MID,9.7,0.95,1.899,1.575,0.876,0.305,0.953,0.95,0.0,6.558,0.0,16.0,0.676,High,
2026-10-09,1,156,Neto,CHE,MID,6.5,1.0,2.0,0.818,0.735,0.292,1.169,0.0,0.0,5.013,2.0,12.0,0.771,High,
2026-10-09,1,157,Estêvão,CHE,MID,6.3,0.0,0.655,0.0,0.0,0.0,0.0,0.0,0.0,0.655,0.0,1.0,0.104,Low,only 23 trailing minutes
2026-10-09,1,158,Gittens,CHE,MID,5.8,0.15,0.275,0.0,0.0,0.045,0.0,0.0,0.0,0.321,0.0,3.0,0.055,Low,only 0 trailing minutes
2026-10-09,1,159,Caicedo,CHE,MID,5.3,0.1,0.189,0.0,0.0,0.041,0.0,0.0,0.0,0.229,0.0,3.0,0.043,Low,only 13 trailing minutes
2026-10-09,1,161,Lavia,CHE,MID,5.0,0.667,1.238,0.6,0.088,0.21,0.848,0.0,0.0,2.984,0.0,10.0,0.597,High,
2026-10-09,1,163,D.Essugo,CHE,MID,4.5,0.0,0.0,0.0,0.0,0.0,0.0,0.0,0.0,0.0,0.0,0.0,0.0,Low,only 0 trailing minutes
2026-10-09,1,164,Quenda,CHE,MID,5.3,0.2,0.52,0.01,0.003,0.062,0.021,0.0,0.0,0.616,0.0,3.0,0.116,Low,only 27 trailing minutes
2026-10-09,1,165,João Pedro,CHE,FWD,7.7,0.683,1.361,1.47,0.164,0.0,0.255,2.382,0.0,5.631,0.0,15.5,0.731,High,
2026-10-09,1,168,Marc Guiu,CHE,FWD,5.0,0.0,0.0,0.0,0.0,0.0,0.0,0.0,0.0,0.0,0.0,0.0,0.0,Low,only 0 trailing minutes
2026-10-09,1,169,Mheuka,CHE,FWD,4.5,0.0,0.0,0.0,0.0,0.0,0.0,0.0,0.0,0.0,0.0,0.0,0.0,Low,only 0 trailing minutes
2026-10-09,1,170,Emegha,CHE,FWD,4.9,0.0,0.0,0.0,0.0,0.0,0.0,0.0,0.0,0.0,0.0,0.0,0.0,Low,only 0 trailing minutes
2026-10-09,1,200,Lacroix,CHE,DEF,5.9,0.667,1.311,0.144,0.189,0.846,1.311,0.0,0.0,3.801,0.0,11.0,0.644,High,
2026-10-09,1,250,Leno,FUL,GKP,4.5,1.0,2.0,0.0,0.0,0.672,0.0,0.667,1.845,5.183,4.511,8.511,1.152,High,
2026-10-09,1,251,Lecomte,FUL,GKP,4.0,0.0,0.0,0.0,0.0,0.0,0.0,0.0,0.0,0.0,0.0,0.0,0.0,Low,only 0 trailing minutes
2026-10-09,1,252,McNally,FUL,GKP,4.0,0.0,0.0,0.0,0.0,0.0,0.0,0.0,0.0,0.0,0.0,0.0,0.0,Low,only 0 trailing minutes
2026-10-09,1,253,Andersen,FUL,DEF,5.0,0.467,1.029,0.0,0.039,0.296,0.485,0.0,0.0,1.849,0.0,7.0,0.37,High,
2026-10-09,1,254,Robinson,FUL,DEF,4.5,1.0,2.0,0.228,0.172,0.638,1.27,0.0,0.0,4.309,2.0,10.0,0.958,High,
2026-10-09,1,255,J.Cuenca,FUL,DEF,4.5,0.0,0.0,0.0,0.0,0.0,0.0,0.0,0.0,0.0,0.0,0.0,0.0,Low,only 90 trailing minutes
2026-10-09,1,256,Tete,FUL,DEF,4.4,0.2,0.527,0.0,0.0,0.114,0.111,0.0,0.0,0.752,0.0,5.0,0.171,Low,only 27 trailing minutes
2026-10-09,1,257,Bassey,FUL,DEF,4.5,1.0,2.0,0.108,0.057,0.62,1.168,0.333,0.0,4.286,2.333,8.333,0.952,High,
2026-10-09,1,258,Castagne,FUL,DEF,4.5,1.0,2.0,0.591,0.213,0.612,1.189,0.0,0.0,4.605,2.0,11.0,1.023,High,
2026-10-09,1,261,Iwobi,FUL,MID,5.4,1.0,2.0,0.285,0.725,0.164,0.909,0.667,0.0,4.749,2.667,10.667,0.879,High,
2026-10-09,1,262,Smith Rowe,FUL,MID,5.3,0.0,0.656,0.0,0.0,0.0,0.0,0.0,0.0,0.656,0.0,1.0,0.124,Low,only 38 trailing minutes
2026-10-09,1,263,Kevin,FUL,MID,5.3,0.0,0.329,0.0,0.0,0.0,0.0,0.0,0.0,0.329,0.0,1.0,0.062,Low,only 61 trailing minutes
2026-10-09,1,264,Bobb,FUL,MID,5.5,1.0,1.921,0.412,0.667,0.143,0.95,0.0,0.0,4.093,2.0,10.0,0.744,High,
2026-10-09,1,265,Berge,FUL,MID,4.9,0.667,1.575,0.06,0.141,0.101,0.394,0.0,0.0,2.272,1.0,6.0,0.464,High,
2026-10-09,1,266,Cairney,FUL,MID,4.9,0.0,0.0,0.0,0.0,0.0,0.0,0.0,0.0,0.0,0.0,0.0,0.0,Low,only 0 trailing minutes
2026-10-09,1,268,King,FUL,MID,5.5,1.0,2.0,1.185,0.3,0.154,0.885,1.0,0.0,5.524,3.0,13.0,1.004,High,
2026-10-09,1,269,Sessegnon,FUL,DEF,4.3,0.2,0.502,0.018,0.057,0.132,0.028,0.0,0.0,0.738,0.0,5.0,0.172,Low,only 50 trailing minutes
2026-10-09,1,270,Reed,FUL,MID,4.4,0.0,0.0,0.0,0.0,0.0,0.0,0.0,0.0,0.0,0.0,0.0,0.0,Low,only 0 trailing minutes
2026-10-09,1,271,Muniz,FUL,FWD,5.4,0.0,0.651,0.0,0.0,0.0,0.0,0.0,0.0,0.651,0.0,1.0,0.121,Low,only 38 trailing minutes
2026-10-09,1,272,Kusi-Asare,FUL,FWD,4.5,0.0,0.0,0.0,0.0,0.0,0.0,0.0,0.0,0.0,0.0,0.0,0.0,Low,only 0 trailing minutes
2026-10-09,1,560,Penders,CHE,GKP,4.4,0.0,0.0,0.0,0.0,0.0,0.0,0.0,0.0,0.0,0.0,0.0,0.0,Low,only 0 trailing minutes
2026-10-09,1,561,Anselmino,CHE,DEF,4.5,0.2,0.39,0.0,0.0,0.266,0.0,0.0,0.0,0.656,0.0,6.0,0.146,Low,only 0 trailing minutes
2026-10-09,1,568,Barco,CHE,MID,5.4,0.333,0.679,0.03,0.037,0.101,0.632,0.0,0.0,1.479,0.0,5.0,0.274,Low,only 115 trailing minutes
2026-10-09,1,569,Gonzalo,FUL,FWD,6.0,1.0,2.0,1.43,0.344,0.0,0.558,0.0,0.0,4.332,2.0,11.0,0.722,High,
2026-10-09,1,570,Palacios,FUL,MID,5.4,0.333,0.811,0.263,0.004,0.054,0.133,0.308,0.0,1.573,0.0,8.0,0.291,High,
2026-10-09,1,580,Charles,FUL,MID,5.0,1.0,2.0,0.05,0.102,0.159,2.0,0.0,0.0,4.311,4.0,7.0,0.862,High,
2026-10-09,1,583,Chavarria,CHE,DEF,4.9,0.333,1.0,0.015,0.029,0.41,0.418,0.0,0.0,1.871,0.0,8.0,0.382,High,
2026-10-09,1,610,De Fougerolles,FUL,DEF,4.0,0.0,0.0,0.0,0.0,0.0,0.0,0.0,0.0,0.0,0.0,0.0,0.0,Low,only 0 trailing minutes
2026-10-09,1,626,Zepa,FUL,MID,4.4,0.0,0.0,0.0,0.0,0.0,0.0,0.0,0.0,0.0,0.0,0.0,0.0,Low,only 0 trailing minutes
2026-10-09,1,635,Larsson,FUL,MID,5.0,0.0,0.511,0.0,0.0,0.0,0.0,0.0,0.0,0.511,0.0,1.0,0.102,Low,only 37 trailing minutes
2026-10-09,1,636,Ángel,FUL,MID,5.0,0.0,0.0,0.0,0.0,0.0,0.0,0.0,0.0,0.0,0.0,0.0,0.0,Low,only 0 trailing minutes
2026-10-09,1,650,Affengruber,FUL,DEF,4.5,1.0,2.0,0.0,0.012,0.674,2.0,0.0,0.0,4.686,4.0,8.0,1.041,High,
2026-10-09,1,662,Nicoll-Jazuli,CHE,MID,4.5,0.5,0.895,0.0,0.0,0.153,0.998,0.0,0.0,2.046,0.0,5.0,0.455,Low,no start probability yet; thin minutes history; only 3 trailing minutes
