league,season,date,home_team_raw,away_team_raw,home_team_id,away_team_id,is_result,home_goals,away_goals,home_xg,away_xg,home_npxg,away_npxg,home_npxga,away_npxga,home_ppda,away_ppda,home_deep,away_deep,home_xpts,away_xpts,understat_forecast_home_win,understat_forecast_draw,understat_forecast_away_win
D1,1718,2017-08-18,Bayern Munich,Bayer Leverkusen,,,True,3,1,2.77906,1.8866,2.02128,1.8866,1.8866,2.02128,13.090909090909092,11.846153846153847,13,14,2.0075000000000003,0.7928,0.6026,0.1997,0.1977
D1,1718,2017-08-19,Hoffenheim,Werder Bremen,,,True,1,0,0.97427,0.806833,0.97427,0.806833,0.806833,0.97427,7.541666666666667,15.227272727272727,8,2,1.4686,1.1677,0.3683,0.3637,0.268
D1,1718,2017-08-19,Hertha Berlin,VfB Stuttgart,,,True,2,0,0.436556,0.879388,0.436556,0.879388,0.879388,0.436556,8.545454545454545,12.62962962962963,1,6,0.8676999999999999,1.7623000000000002,0.1659,0.37,0.4641
D1,1718,2017-08-19,Hamburger SV,Augsburg,,,True,1,0,0.55238,0.573987,0.55238,0.573987,0.573987,0.55238,10.68,4.583333333333333,4,11,1.2538,1.3255,0.2777,0.4207,0.3016
D1,1718,2017-08-19,Mainz 05,Hannover 96,,,True,0,1,0.526663,0.610149,0.526663,0.610149,0.610149,0.526663,4.914285714285715,14.91304347826087,6,1,1.1633,1.409,0.2452,0.4277,0.3271
D1,1718,2017-08-19,Wolfsburg,Borussia Dortmund,,,True,0,3,0.495065,1.12424,0.495065,1.12424,1.12424,0.495065,19.11111111111111,3.09375,2,10,0.7408000000000001,1.9392999999999998,0.1403,0.3199,0.5398
D1,1718,2017-08-19,Schalke 04,RasenBallsport Leipzig,,,True,2,0,1.91233,0.791215,1.15456,0.791215,0.791215,1.15456,9.558823529411764,4.476190476190476,3,5,2.3082,0.4827,0.6997,0.2091,0.0912
D1,1718,2017-08-20,Freiburg,Eintracht Frankfurt,,,True,0,0,0.231368,1.54296,0.231368,1.54296,1.54296,0.231368,10.823529411764707,10.566666666666666,3,5,0.28800000000000003,2.5265999999999997,0.0342,0.1854,0.7804
D1,1718,2017-08-20,Borussia M.Gladbach,FC Cologne,,,True,1,0,1.62503,0.837903,1.62503,0.837903,0.837903,1.62503,14.181818181818182,15.727272727272727,10,4,1.9755000000000003,0.7776,0.5762,0.2469,0.1769
D1,1718,2017-08-25,FC Cologne,Hamburger SV,,,True,1,3,1.88741,1.64554,1.88741,1.64554,1.64554,1.88741,8.636363636363637,20.125,10,4,1.5215999999999998,1.2,0.4144,0.2784,0.3072
D1,1718,2017-08-26,Werder Bremen,Bayern Munich,,,True,0,2,0.229698,1.39955,0.229698,1.39955,1.39955,0.229698,24.428571428571427,5.875,3,11,0.3498,2.427,0.0422,0.2232,0.7346
D1,1718,2017-08-26,Eintracht Frankfurt,Wolfsburg,,,True,0,1,0.926888,1.07528,0.926888,1.07528,1.07528,0.926888,8.166666666666666,9.25,7,3,1.1555,1.5188000000000001,0.2766,0.3257,0.3977
D1,1718,2017-08-26,Bayer Leverkusen,Hoffenheim,,,True,2,2,2.43586,0.68001,1.67808,0.68001,0.68001,1.67808,6.068965517241379,13.909090909090908,14,4,2.6128,0.2566,0.8274,0.1306,0.042
D1,1718,2017-08-26,Augsburg,Borussia M.Gladbach,,,True,2,2,2.45658,1.3232,2.45658,1.3232,1.3232,2.45658,7.628571428571429,14.6,12,6,2.1084,0.6948,0.6372,0.1968,0.166
D1,1718,2017-08-26,VfB Stuttgart,Mainz 05,,,True,1,0,2.08775,0.385982,1.32997,0.385982,0.385982,1.32997,6.705882352941177,11.047619047619047,8,2,2.6414999999999997,0.2277,0.8369,0.1308,0.0323
D1,1718,2017-08-26,Borussia Dortmund,Hertha Berlin,,,True,2,0,2.06987,0.406341,2.06987,0.406341,0.406341,2.06987,6.782608695652174,21.94736842105263,7,2,2.5835,0.272,0.813,0.1445,0.0425
D1,1718,2017-08-27,RasenBallsport Leipzig,Freiburg,,,True,4,1,2.85363,0.456207,2.85363,0.456207,0.456207,2.85363,5.72,11.344827586206897,14,5,2.7293,0.17959999999999998,0.8794,0.0911,0.0295
D1,1718,2017-08-27,Hannover 96,Schalke 04,,,True,1,0,0.805466,0.403031,0.805466,0.403031,0.403031,0.805466,11.08,10.956521739130435,7,5,1.7398,0.8668,0.4488,0.3934,0.1578
D1,1718,2017-09-08,Hamburger SV,RasenBallsport Leipzig,,,True,0,2,1.17417,1.37657,1.17417,1.37657,1.37657,1.17417,15.5,3.739130434782609,2,11,1.214,1.4885000000000002,0.3055,0.2975,0.397
D1,1718,2017-09-09,Mainz 05,Bayer Leverkusen,,,True,3,1,1.33781,0.964768,1.33781,0.964768,0.964768,1.33781,10.709677419354838,4.966666666666667,2,1,1.722,0.9944999999999999,0.4795,0.2835,0.237
D1,1718,2017-09-09,Wolfsburg,Hannover 96,,,True,1,1,1.13451,0.480156,1.13451,0.480156,0.480156,1.13451,8.233333333333333,9.2,9,2,1.9461999999999997,0.7384,0.5436,0.3154,0.141
D1,1718,2017-09-09,Freiburg,Borussia Dortmund,,,True,0,0,0.490076,1.56801,0.490076,1.56801,1.56801,0.490076,33.18181818181818,2.7142857142857144,1,9,0.5545,2.1934,0.1008,0.2521,0.6471
D1,1718,2017-09-09,Borussia M.Gladbach,Eintracht Frankfurt,,,True,0,1,0.632041,0.614198,0.632041,0.614198,0.614198,0.632041,4.190476190476191,11.875,9,7,1.3269000000000002,1.2603,0.3047,0.4128,0.2825
D1,1718,2017-09-09,Augsburg,FC Cologne,,,True,3,0,2.27655,0.458374,1.51878,0.458374,0.458374,1.51878,11.84,5.5,1,8,2.6923,0.2017,0.8621,0.106,0.0319
D1,1718,2017-09-09,Hoffenheim,Bayern Munich,,,True,2,0,0.612108,1.51192,0.612108,1.51192,1.51192,0.612108,19.31578947368421,5.565217391304348,2,9,0.667,2.0683,0.1341,0.2647,0.6012
D1,1718,2017-09-10,Hertha Berlin,Werder Bremen,,,True,1,1,0.250761,0.569654,0.250761,0.569654,0.569654,0.250761,9.956521739130435,9.92,1,3,0.9039999999999999,1.5973,0.1351,0.4987,0.3662
D1,1718,2017-09-10,Schalke 04,VfB Stuttgart,,,True,3,1,1.98675,1.30096,1.22897,1.30096,1.30096,1.22897,19.708333333333332,8.516129032258064,2,2,1.8965,0.8576,0.5502,0.2459,0.2039
D1,1718,2017-09-15,Hannover 96,Hamburger SV,,,True,2,0,2.2982,0.453334,2.2982,0.453334,0.453334,2.2982,5.739130434782608,8.454545454545455,8,3,2.7603,0.1503,0.8903,0.0894,0.0203
D1,1718,2017-09-16,Werder Bremen,Schalke 04,,,True,1,2,0.982258,0.930766,0.982258,0.930766,0.930766,0.982258,8.709677419354838,8.5,6,3,1.3536,1.314,0.3404,0.3324,0.3272
D1,1718,2017-09-16,Eintracht Frankfurt,Augsburg,,,True,1,2,1.32498,0.72838,1.32498,0.72838,0.72838,1.32498,4.88,14.380952380952381,14,5,1.8418,0.8728,0.5188,0.2854,0.1958
D1,1718,2017-09-16,Bayern Munich,Mainz 05,,,True,4,0,4.4171,0.711282,4.4171,0.711282,0.711282,4.4171,5.0,24.210526315789473,25,1,2.9206,0.0511,0.9641,0.0283,0.0076
D1,1718,2017-09-16,VfB Stuttgart,Wolfsburg,,,True,1,0,1.13249,0.453375,1.13249,0.453375,0.453375,1.13249,12.074074074074074,9.785714285714286,6,4,2.0063999999999997,0.6843,0.5657,0.3093,0.125
D1,1718,2017-09-16,RasenBallsport Leipzig,Borussia M.Gladbach,,,True,2,2,0.736279,1.45024,0.736279,0.692461,0.692461,0.736279,9.827586206896552,9.108108108108109,8,10,0.7011999999999999,2.0266,0.143,0.2722,0.5848
D1,1718,2017-09-17,Hoffenheim,Hertha Berlin,,,True,1,1,0.576053,0.455083,0.576053,0.455083,0.455083,0.576053,12.7,11.78125,4,4,1.4104,1.1296,0.3168,0.46,0.2232
D1,1718,2017-09-17,Bayer Leverkusen,Freiburg,,,True,4,0,2.25411,0.429073,2.25411,0.429073,0.429073,2.25411,7.615384615384615,17.304347826086957,10,2,2.6807000000000003,0.1976,0.853,0.1217,0.0253
D1,1718,2017-09-17,Borussia Dortmund,FC Cologne,,,True,5,0,3.85155,0.461837,3.09377,0.461837,0.461837,3.09377,6.0476190476190474,22.6,9,1,2.9307999999999996,0.043,0.9682,0.0262,0.0056
D1,1718,2017-09-19,Borussia M.Gladbach,VfB Stuttgart,,,True,2,0,1.14939,0.49742,0.391613,0.49742,0.49742,0.391613,12.291666666666666,18.31578947368421,3,3,2.0501,0.6503,0.5835,0.2996,0.1169
D1,1718,2017-09-19,Schalke 04,Bayern Munich,,,True,0,3,1.16279,2.45506,1.16279,1.69728,1.69728,1.16279,18.59090909090909,7.964285714285714,2,14,0.526,2.2749999999999995,0.109,0.199,0.692
D1,1718,2017-09-19,Augsburg,RasenBallsport Leipzig,,,True,1,0,1.30034,1.00414,1.30034,1.00414,1.00414,1.30034,16.571428571428573,5.153846153846154,3,9,1.6292,1.0631,0.4405,0.3077,0.2518
D1,1718,2017-09-19,Wolfsburg,Werder Bremen,,,True,1,1,1.01688,1.12581,1.01688,1.12581,1.12581,1.01688,5.806451612903226,12.785714285714286,3,4,1.2641,1.4261,0.3181,0.3098,0.3721
D1,1718,2017-09-20,FC Cologne,Eintracht Frankfurt,,,True,0,1,1.84333,1.33101,1.84333,0.573238,0.573238,1.84333,6.580645161290323,10.074074074074074,6,4,1.8064,0.8875,0.5001,0.3061,0.1938
D1,1718,2017-09-20,Hertha Berlin,Bayer Leverkusen,,,True,2,1,0.501808,0.426791,0.501808,0.426791,0.426791,0.501808,16.454545454545453,7.0,3,5,1.3705,1.1542000000000001,0.2984,0.4753,0.2263
D1,1718,2017-09-20,Freiburg,Hannover 96,,,True,1,1,2.89359,1.03212,2.13581,1.03212,1.03212,2.13581,7.59375,9.5,4,1,2.6149,0.26890000000000003,0.8329,0.1162,0.0509
D1,1718,2017-09-20,Hamburger SV,Borussia Dortmund,,,True,0,3,0.186271,3.18132,0.186271,3.18132,3.18132,0.186271,5.967741935483871,5.03030303030303,4,10,0.0182,2.9666,0.001,0.0152,0.9838
D1,1718,2017-09-20,Mainz 05,Hoffenheim,,,True,2,3,1.1225,0.960305,1.1225,0.960305,0.960305,1.1225,10.517241379310345,9.947368421052632,8,5,1.4942,1.214,0.4008,0.2918,0.3074
D1,1718,2017-09-22,Bayern Munich,Wolfsburg,,,True,2,2,2.33812,0.470696,1.58034,0.470696,0.470696,1.58034,10.833333333333334,28.25,5,2,2.6724,0.2133,0.8527,0.1143,0.033
D1,1718,2017-09-23,VfB Stuttgart,Augsburg,,,True,0,0,0.437172,0.373592,0.437172,0.373592,0.373592,0.437172,7.55,18.3,8,2,1.2991,1.1857,0.2613,0.5152,0.2235
D1,1718,2017-09-23,Mainz 05,Hertha Berlin,,,True,1,0,1.17811,0.53695,0.42033,0.53695,0.53695,0.42033,12.545454545454545,5.896551724137931,1,2,1.9964,0.659,0.5506,0.3446,0.1048
D1,1718,2017-09-23,Werder Bremen,Freiburg,,,True,0,0,1.41802,0.859674,1.41802,0.859674,0.859674,1.41802,6.857142857142857,10.96,6,2,1.8176,0.9002,0.5118,0.2822,0.206
D1,1718,2017-09-23,RasenBallsport Leipzig,Eintracht Frankfurt,,,True,2,1,1.54654,0.539765,1.54654,0.539765,0.539765,1.54654,5.538461538461538,10.107142857142858,6,3,2.2138999999999998,0.542,0.6566,0.2441,0.0993
D1,1718,2017-09-23,Hoffenheim,Schalke 04,,,True,2,0,1.31728,1.0397,1.31728,1.0397,1.0397,1.31728,14.44,8.575757575757576,3,9,1.5654,1.1472000000000002,0.426,0.2874,0.2866
D1,1718,2017-09-23,Borussia Dortmund,Borussia M.Gladbach,,,True,6,1,4.84433,1.11994,4.84433,1.11994,1.11994,4.84433,6.611111111111111,43.333333333333336,12,2,2.9269,0.0487,0.9675,0.0244,0.0081
D1,1718,2017-09-24,Hannover 96,FC Cologne,,,True,0,0,1.35909,1.10618,1.35909,1.10618,1.10618,1.35909,8.615384615384615,14.4,6,3,1.5301,1.1500000000000001,0.4034,0.3199,0.2767
D1,1718,2017-09-24,Bayer Leverkusen,Hamburger SV,,,True,3,0,2.39337,0.443359,2.39337,0.443359,0.443359,2.39337,6.0,5.636363636363637,10,3,2.7138999999999998,0.1855,0.8711,0.1006,0.0283
D1,1718,2017-09-29,Schalke 04,Bayer Leverkusen,,,True,1,1,0.615732,1.13731,0.615732,1.13731,1.13731,0.615732,10.814814814814815,8.76923076923077,3,3,0.8517,1.8338999999999999,0.1791,0.3144,0.5065
D1,1718,2017-09-30,Borussia M.Gladbach,Hannover 96,,,True,2,1,2.29547,1.37232,1.53778,1.37232,1.37232,1.53778,8.0,16.375,6,7,2.0445,0.7221,0.6037,0.2334,0.1629
D1,1718,2017-09-30,Wolfsburg,Mainz 05,,,True,1,1,0.743969,0.90227,0.743969,0.90227,0.90227,0.743969,12.55,9.344827586206897,5,9,1.1936,1.4432,0.2768,0.3632,0.36
D1,1718,2017-09-30,Eintracht Frankfurt,VfB Stuttgart,,,True,2,1,1.12984,0.884399,1.12984,0.884399,0.884399,1.12984,12.423076923076923,8.208333333333334,2,3,1.549,1.1365,0.4115,0.3145,0.274
D1,1718,2017-09-30,Augsburg,Borussia Dortmund,,,True,1,2,1.04024,1.93835,1.04024,1.18058,1.18058,1.04024,9.88888888888889,3.5428571428571427,4,7,0.6880999999999999,2.0713999999999997,0.1492,0.2405,0.6103
D1,1718,2017-09-30,Hamburger SV,Werder Bremen,,,True,0,0,0.957096,0.426954,0.957096,0.426954,0.426954,0.957096,7.0,6.689655172413793,5,4,1.8103,0.8209,0.4805,0.3688,0.1507
D1,1718,2017-10-01,Freiburg,Hoffenheim,,,True,3,2,1.24882,0.627194,1.24882,0.627194,0.627194,1.24882,14.714285714285714,10.777777777777779,6,10,1.9307999999999998,0.7845,0.5487,0.2847,0.1666
D1,1718,2017-10-01,Hertha Berlin,Bayern Munich,,,True,2,2,1.66354,1.51044,1.66354,1.51044,1.51044,1.66354,18.05,8.333333333333334,3,13,1.5066,1.2207,0.4113,0.2727,0.316
D1,1718,2017-10-01,FC Cologne,RasenBallsport Leipzig,,,True,1,2,1.34012,3.09763,1.34012,3.09763,3.09763,1.34012,8.8,6.4375,3,13,0.3933,2.4669,0.0845,0.1398,0.7757
D1,1718,2017-10-13,VfB Stuttgart,FC Cologne,,,True,2,1,2.18945,1.58359,2.18945,1.58359,1.58359,2.18945,9.333333333333334,9.0,9,7,1.8317999999999999,0.9405,0.5347,0.2277,0.2376
D1,1718,2017-10-14,Bayern Munich,Freiburg,,,True,5,0,1.586,0.345885,1.586,0.345885,0.345885,1.586,10.578947368421053,30.857142857142858,16,2,2.3324,0.4397,0.7015,0.2279,0.0706
D1,1718,2017-10-14,Hoffenheim,Augsburg,,,True,2,2,1.92073,0.918991,1.92073,0.918991,0.918991,1.92073,15.785714285714286,12.782608695652174,10,4,2.0925000000000002,0.6765,0.6205,0.231,0.1485
D1,1718,2017-10-14,Hertha Berlin,Schalke 04,,,True,0,2,0.0254617,1.85479,0.0254617,1.09701,1.09701,0.0254617,17.08695652173913,5.0,0,7,0.0636,2.8779,0.0017,0.0585,0.9398
D1,1718,2017-10-14,Mainz 05,Hamburger SV,,,True,3,2,1.24944,1.99466,1.24944,1.23689,1.23689,1.24944,6.766666666666667,4.551724137931035,6,3,0.7544,1.9922,0.167,0.2534,0.5796
D1,1718,2017-10-14,Hannover 96,Eintracht Frankfurt,,,True,1,2,0.6536,0.876712,0.6536,0.876712,0.876712,0.6536,8.333333333333334,6.827586206896552,4,7,1.0656,1.572,0.2344,0.3624,0.4032
D1,1718,2017-10-14,Borussia Dortmund,RasenBallsport Leipzig,,,True,2,3,2.11212,2.39084,1.35434,1.63306,1.63306,1.35434,4.592592592592593,10.514285714285714,6,6,1.0998999999999999,1.6219000000000001,0.2739,0.2782,0.4479
D1,1718,2017-10-15,Bayer Leverkusen,Wolfsburg,,,True,2,2,1.45073,0.915577,1.45073,0.915577,0.915577,1.45073,7.884615384615385,9.909090909090908,5,2,1.7834,0.9443,0.5037,0.2723,0.224
D1,1718,2017-10-15,Werder Bremen,Borussia M.Gladbach,,,True,0,2,1.52059,1.45235,1.52059,1.45235,1.45235,1.52059,13.73913043478261,10.538461538461538,4,12,1.4126,1.3217,0.3823,0.2657,0.352
D1,1718,2017-10-20,Schalke 04,Mainz 05,,,True,2,0,1.78667,0.596599,1.78667,0.596599,0.596599,1.78667,4.340909090909091,11.290322580645162,4,1,2.4025,0.394,0.733,0.2035,0.0635
D1,1718,2017-10-21,RasenBallsport Leipzig,VfB Stuttgart,,,True,1,0,0.865444,0.605992,0.865444,0.605992,0.605992,0.865444,5.527777777777778,11.172413793103448,4,3,1.5585,1.0739999999999998,0.397,0.3675,0.2355
D1,1718,2017-10-21,Borussia M.Gladbach,Bayer Leverkusen,,,True,1,5,2.49876,2.24178,2.49876,2.24178,2.24178,2.49876,10.26086956521739,12.925925925925926,11,7,1.5544,1.2145,0.4411,0.2311,0.3278
D1,1718,2017-10-21,Eintracht Frankfurt,Borussia Dortmund,,,True,2,2,2.74141,2.08809,1.98363,2.08809,2.08809,1.98363,8.76923076923077,4.12,7,8,1.8373,0.9502,0.5416,0.2125,0.2459
D1,1718,2017-10-21,Augsburg,Hannover 96,,,True,1,2,0.864125,0.804724,0.864125,0.804724,0.804724,0.864125,6.444444444444445,6.038461538461538,4,4,1.3673000000000002,1.283,0.3392,0.3497,0.3111
D1,1718,2017-10-21,Hamburger SV,Bayern Munich,,,True,0,1,0.162992,2.29592,0.162992,2.29592,2.29592,0.162992,20.647058823529413,4.095238095238095,2,15,0.1163,2.7983,0.0103,0.0854,0.9043
D1,1718,2017-10-22,FC Cologne,Werder Bremen,,,True,0,0,1.79566,0.948887,1.79566,0.948887,0.948887,1.79566,9.909090909090908,7.681818181818182,9,5,2.0650999999999997,0.6943999999999999,0.6082,0.2405,0.1513
D1,1718,2017-10-22,Freiburg,Hertha Berlin,,,True,1,1,2.83818,1.83067,2.0804,0.315112,0.315112,2.0804,9.227272727272727,14.363636363636363,11,8,2.1050999999999997,0.6612,0.6238,0.2337,0.1425
D1,1718,2017-10-22,Wolfsburg,Hoffenheim,,,True,1,1,1.29664,1.91537,0.538861,1.15759,1.15759,0.538861,15.1875,8.65625,3,6,0.8331,1.8936000000000002,0.1866,0.2733,0.5401
D1,1718,2017-10-27,Mainz 05,Eintracht Frankfurt,,,True,1,1,0.284202,0.451566,0.284202,0.451566,0.451566,0.284202,6.1923076923076925,4.684210526315789,4,6,1.0356,1.4268,0.166,0.5376,0.2964
D1,1718,2017-10-28,Hoffenheim,Borussia M.Gladbach,,,True,1,3,1.08587,1.80818,1.08587,1.80818,1.80818,1.08587,8.518518518518519,8.71875,10,7,0.849,1.9101,0.2027,0.2409,0.5564
D1,1718,2017-10-28,Hertha Berlin,Hamburger SV,,,True,2,1,0.827213,0.972895,0.827213,0.972895,0.972895,0.827213,5.935483870967742,7.6923076923076925,4,6,1.188,1.4751,0.2837,0.3369,0.3794
D1,1718,2017-10-28,Schalke 04,Wolfsburg,,,True,1,1,1.44123,0.979437,0.683454,0.22166,0.22166,0.683454,7.571428571428571,13.368421052631579,3,6,1.7492999999999999,0.8853,0.4613,0.3654,0.1733
D1,1718,2017-10-28,Bayer Leverkusen,FC Cologne,,,True,2,1,1.44263,0.850339,1.44263,0.850339,0.850339,1.44263,4.48,12.782608695652174,8,5,1.8607,0.8239000000000001,0.5151,0.3154,0.1695
D1,1718,2017-10-28,Hannover 96,Borussia Dortmund,,,True,4,2,2.3406,0.85483,1.58282,0.85483,0.85483,1.58282,7.787878787878788,3.92,6,8,2.435,0.3977,0.7559,0.1673,0.0768
D1,1718,2017-10-28,Bayern Munich,RasenBallsport Leipzig,,,True,2,0,2.03827,0.314536,2.03827,0.314536,0.314536,2.03827,4.815789473684211,40.27272727272727,11,0,2.5955999999999997,0.2559,0.8157,0.1485,0.0358
D1,1718,2017-10-29,Werder Bremen,Augsburg,,,True,0,3,1.05484,2.80574,1.05484,2.04796,2.04796,1.05484,8.73913043478261,12.434782608695652,3,5,0.35650000000000004,2.5096000000000003,0.0742,0.1339,0.7919
D1,1718,2017-10-29,VfB Stuttgart,Freiburg,,,True,3,0,1.36244,0.210495,1.36244,0.210495,0.210495,1.36244,7.541666666666667,24.785714285714285,6,0,2.4022,0.3661,0.7235,0.2317,0.0448
D1,1718,2017-11-03,Eintracht Frankfurt,Werder Bremen,,,True,2,1,1.92121,1.08479,1.92121,1.08479,1.08479,1.92121,6.586206896551724,11.166666666666666,10,9,2.0404999999999998,0.7253000000000001,0.6021,0.2342,0.1637
D1,1718,2017-11-04,RasenBallsport Leipzig,Hannover 96,,,True,2,1,1.8547,0.769041,1.8547,0.769041,0.769041,1.8547,5.818181818181818,10.862068965517242,6,5,2.2822000000000005,0.5182,0.6942,0.1996,0.1062
D1,1718,2017-11-04,Freiburg,Schalke 04,,,True,0,1,0.902185,0.749202,0.902185,0.749202,0.749202,0.902185,11.666666666666666,8.54054054054054,3,3,1.4526,1.1886,0.3646,0.3588,0.2766
D1,1718,2017-11-04,Borussia M.Gladbach,Mainz 05,,,True,1,1,0.786005,0.834092,0.786005,0.834092,0.834092,0.786005,10.578947368421053,12.214285714285714,10,6,1.2612,1.3803,0.3009,0.3585,0.3406
D1,1718,2017-11-04,Augsburg,Bayer Leverkusen,,,True,1,1,1.40776,1.16695,1.40776,1.16695,1.16695,1.40776,10.307692307692308,9.222222222222221,4,8,1.544,1.1524999999999999,0.4135,0.3035,0.283
D1,1718,2017-11-04,Hamburger SV,VfB Stuttgart,,,True,3,1,2.0244,1.21993,2.0244,0.462156,0.462156,2.0244,4.545454545454546,21.1875,12,1,1.9553,0.7892000000000001,0.5666,0.2555,0.1779
D1,1718,2017-11-04,Borussia Dortmund,Bayern Munich,,,True,1,3,1.89107,1.27845,1.89107,1.27845,1.27845,1.89107,12.608695652173912,12.5,9,5,1.8273,0.9179999999999999,0.5242,0.2547,0.2211
D1,1718,2017-11-05,FC Cologne,Hoffenheim,,,True,0,3,0.857394,3.01942,0.857394,2.26164,2.26164,0.857394,15.625,9.25,5,7,0.2005,2.704,0.035,0.0955,0.8695
D1,1718,2017-11-05,Wolfsburg,Hertha Berlin,,,True,3,3,2.40074,1.4853,1.64297,1.4853,1.4853,1.64297,9.136363636363637,11.1,10,2,2.0568,0.7029000000000001,0.6055,0.2403,0.1542
D1,1718,2017-11-17,VfB Stuttgart,Borussia Dortmund,,,True,2,1,1.14326,1.79368,1.14326,1.0359,1.0359,1.14326,9.310344827586206,5.095238095238095,5,8,0.8384,1.8875,0.1881,0.2741,0.5378
D1,1718,2017-11-18,Bayern Munich,Augsburg,,,True,3,0,1.91503,0.28233,1.91503,0.28233,0.28233,1.91503,5.115384615384615,21.263157894736842,10,1,2.605,0.2488,0.8196,0.1462,0.0342
D1,1718,2017-11-18,Hoffenheim,Eintracht Frankfurt,,,True,1,1,1.30552,0.436613,1.30552,0.436613,0.436613,1.30552,3.6486486486486487,9.536585365853659,6,5,2.1736999999999997,0.5606,0.636,0.2657,0.0983
D1,1718,2017-11-18,Bayer Leverkusen,RasenBallsport Leipzig,,,True,2,2,1.61817,2.02873,1.61817,0.513259,0.513259,1.61817,8.09375,7.166666666666667,8,1,0.99,1.7403000000000002,0.2401,0.2697,0.4902
D1,1718,2017-11-18,Mainz 05,FC Cologne,,,True,1,0,1.45054,0.577082,0.692762,0.577082,0.577082,0.692762,11.9,10.24,4,8,2.1721999999999997,0.5681,0.6375,0.2597,0.1028
D1,1718,2017-11-18,Wolfsburg,Freiburg,,,True,3,1,1.90114,0.803719,1.90114,0.803719,0.803719,1.90114,10.5625,9.32258064516129,11,4,2.193,0.5823,0.6561,0.2247,0.1192
D1,1718,2017-11-18,Hertha Berlin,Borussia M.Gladbach,,,True,2,4,2.07401,2.07666,2.07401,1.31889,1.31889,2.07401,6.9,22.470588235294116,9,2,1.3523,1.3859,0.3635,0.2618,0.3747
D1,1718,2017-11-19,Schalke 04,Hamburger SV,,,True,2,0,2.0828,0.776725,1.32502,0.776725,0.776725,1.32502,7.583333333333333,6.309523809523809,4,5,2.3875,0.4243,0.7331,0.1882,0.0787
D1,1718,2017-11-19,Werder Bremen,Hannover 96,,,True,4,0,2.61572,1.13154,2.61572,1.13154,1.13154,2.61572,10.423076923076923,12.476190476190476,5,4,2.3678,0.4664,0.734,0.1658,0.1002
D1,1718,2017-11-24,Hannover 96,VfB Stuttgart,,,True,1,1,1.87707,1.59485,1.1193,1.59485,1.59485,1.1193,12.0,6.896551724137931,7,9,1.5994,1.1139999999999999,0.4376,0.2866,0.2758
D1,1718,2017-11-25,Borussia Dortmund,Schalke 04,,,True,4,4,2.39089,1.2544,2.39089,1.2544,1.2544,2.39089,9.56,6.625,5,6,2.2039,0.5995,0.6691,0.1966,0.1343
D1,1718,2017-11-25,RasenBallsport Leipzig,Werder Bremen,,,True,2,0,1.01767,1.07161,1.01767,1.07161,1.07161,1.01767,6.972222222222222,9.657142857142857,7,10,1.2917,1.3973,0.3269,0.311,0.3621
D1,1718,2017-11-25,Freiburg,Mainz 05,,,True,2,1,1.83095,0.713622,1.83095,0.713622,0.713622,1.83095,5.73469387755102,8.107142857142858,4,6,2.2096,0.5782,0.6658,0.2122,0.122
D1,1718,2017-11-25,Eintracht Frankfurt,Bayer Leverkusen,,,True,0,1,0.743407,0.943561,0.743407,0.943561,0.943561,0.743407,9.03125,9.961538461538462,5,9,1.1732999999999998,1.4868000000000001,0.2778,0.3399,0.3823
D1,1718,2017-11-25,Augsburg,Wolfsburg,,,True,2,1,2.0989,0.210553,2.0989,0.210553,0.210553,2.0989,6.769230769230769,26.88888888888889,16,2,2.7488,0.1487,0.8821,0.1025,0.0154
D1,1718,2017-11-25,Borussia M.Gladbach,Bayern Munich,,,True,2,1,2.12791,0.900051,1.37021,0.900051,0.900051,1.37021,12.344827586206897,5.375,1,11,2.3524000000000003,0.46809999999999996,0.7243,0.1795,0.0962
D1,1718,2017-11-26,Hamburger SV,Hoffenheim,,,True,3,0,1.8111,0.606966,1.8111,0.606966,0.606966,1.8111,7.085714285714285,3.3846153846153846,4,5,2.294,0.4964,0.6948,0.2096,0.0956
D1,1718,2017-11-26,FC Cologne,Hertha Berlin,,,True,0,2,0.73674,2.1997,0.73674,1.44193,1.44193,0.73674,12.25,25.571428571428573,9,2,0.2763,2.5878,0.0468,0.1359,0.8173
D1,1718,2017-12-01,Freiburg,Hamburger SV,,,True,0,0,0.981146,0.460208,0.981146,0.460208,0.460208,0.981146,7.0,5.916666666666667,8,4,1.7951000000000001,0.851,0.4804,0.3539,0.1657
D1,1718,2017-12-02,Bayern Munich,Hannover 96,,,True,3,1,3.86566,1.08319,3.10788,0.183806,0.183806,3.10788,5.074074074074074,20.4375,12,0,2.8546,0.09129999999999999,0.9335,0.0541,0.0124
D1,1718,2017-12-02,Hoffenheim,RasenBallsport Leipzig,,,True,4,0,1.69565,0.284209,1.69565,0.284209,0.284209,1.69565,14.038461538461538,6.15625,6,2,2.5113,0.30779999999999996,0.7768,0.1809,0.0423
D1,1718,2017-12-02,Werder Bremen,VfB Stuttgart,,,True,1,0,0.71301,1.1158,0.71301,1.1158,1.1158,0.71301,11.892857142857142,4.575,4,6,0.9554,1.7285,0.2131,0.3161,0.4708
D1,1718,2017-12-02,Bayer Leverkusen,Borussia Dortmund,,,True,1,1,2.1951,1.14867,2.1951,1.14867,1.14867,2.1951,19.666666666666668,3.2857142857142856,5,12,2.1769000000000003,0.6088,0.6542,0.2143,0.1315
D1,1718,2017-12-02,Mainz 05,Augsburg,,,True,1,3,0.578034,2.18855,0.578034,1.43078,1.43078,0.578034,3.675,5.425,5,4,0.2429,2.6348000000000003,0.0402,0.1223,0.8375
D1,1718,2017-12-02,Schalke 04,FC Cologne,,,True,2,2,2.34535,1.90135,2.34535,1.14358,1.14358,2.34535,3.606060606060606,11.916666666666666,10,4,1.6634000000000002,1.0796000000000001,0.4688,0.257,0.2742
D1,1718,2017-12-03,Hertha Berlin,Eintracht Frankfurt,,,True,1,2,1.14526,0.419465,1.14526,0.419465,0.419465,1.14526,10.73913043478261,9.285714285714286,0,3,2.0351,0.6662,0.5788,0.2987,0.1225
D1,1718,2017-12-03,Wolfsburg,Borussia M.Gladbach,,,True,3,0,1.57711,1.41032,1.57711,1.41032,1.41032,1.57711,30.636363636363637,10.458333333333334,7,9,1.4719,1.2496,0.3978,0.2785,0.3237
D1,1718,2017-12-08,VfB Stuttgart,Bayer Leverkusen,,,True,0,2,0.405005,1.90593,0.405005,1.90593,1.90593,0.405005,8.407407407407407,15.761904761904763,6,7,0.3225,2.517,0.054,0.1605,0.7855
D1,1718,2017-12-09,Borussia Dortmund,Werder Bremen,,,True,1,2,1.86761,0.944053,1.86761,0.944053,0.944053,1.86761,7.181818181818182,21.863636363636363,8,1,2.184,0.5784,0.6488,0.2376,0.1136
D1,1718,2017-12-09,RasenBallsport Leipzig,Mainz 05,,,True,2,2,1.25461,1.28316,0.496832,1.28316,1.28316,0.496832,6.423076923076923,10.387096774193548,5,1,1.3087,1.3708,0.3294,0.3205,0.3501
D1,1718,2017-12-09,Hamburger SV,Wolfsburg,,,True,0,0,0.929827,0.0876003,0.929827,0.0876003,0.0876003,0.929827,6.724137931034483,8.096774193548388,9,1,2.2053,0.4362,0.6156,0.3585,0.0259
D1,1718,2017-12-09,Eintracht Frankfurt,Bayern Munich,,,True,0,1,0.486786,0.364594,0.486786,0.364594,0.364594,0.486786,7.323529411764706,19.0,8,4,1.4026,1.105,0.3034,0.4924,0.2042
D1,1718,2017-12-09,Borussia M.Gladbach,Schalke 04,,,True,1,1,1.64999,0.771592,1.64999,0.771592,0.771592,1.64999,8.2,11.555555555555555,9,1,2.0829999999999997,0.6826000000000001,0.6162,0.2344,0.1494
D1,1718,2017-12-10,FC Cologne,Freiburg,,,True,3,4,1.45869,3.40591,0.700909,1.89035,1.89035,0.700909,7.433333333333334,3.8260869565217392,1,10,0.2784,2.5962,0.051,0.1254,0.8236
D1,1718,2017-12-10,Hannover 96,Hoffenheim,,,True,2,0,1.48558,0.750256,1.48558,0.750256,0.750256,1.48558,9.621621621621621,8.428571428571429,4,12,1.9913,0.7493000000000001,0.5773,0.2594,0.1633
D1,1718,2017-12-10,Augsburg,Hertha Berlin,,,True,1,1,1.63195,0.647387,1.63195,0.647387,0.647387,1.63195,5.235294117647059,14.055555555555555,5,2,2.1649000000000003,0.6025,0.6441,0.2326,0.1233
D1,1718,2017-12-12,Wolfsburg,RasenBallsport Leipzig,,,True,1,1,2.38829,0.583517,1.63052,0.583517,0.583517,1.63052,17.214285714285715,5.72093023255814,10,7,2.6768,0.2171,0.8569,0.1061,0.037
D1,1718,2017-12-12,Freiburg,Borussia M.Gladbach,,,True,1,0,1.63493,0.222306,0.877149,0.222306,0.222306,0.877149,10.84375,8.56,2,4,2.5945,0.24730000000000002,0.8121,0.1582,0.0297
D1,1718,2017-12-12,Hamburger SV,Eintracht Frankfurt,,,True,1,2,1.79316,1.02455,1.79316,1.02455,1.02455,1.79316,5.55,8.555555555555555,8,5,1.9633,0.7927,0.5731,0.244,0.1829
D1,1718,2017-12-12,Mainz 05,Borussia Dortmund,,,True,0,2,0.503881,2.02169,0.503881,2.02169,2.02169,0.503881,19.285714285714285,15.777777777777779,5,11,0.3305,2.5046,0.0552,0.1649,0.7799
D1,1718,2017-12-13,Hoffenheim,VfB Stuttgart,,,True,1,0,2.10144,0.616667,2.10144,0.616667,0.616667,2.10144,5.622222222222222,11.84375,3,3,2.5136,0.3323,0.7865,0.1541,0.0594
D1,1718,2017-12-13,Bayern Munich,FC Cologne,,,True,1,0,3.34396,0.303914,3.34396,0.303914,0.303914,3.34396,2.1142857142857143,39.111111111111114,15,1,2.9109,0.0552,0.959,0.0339,0.0071
D1,1718,2017-12-13,Hertha Berlin,Hannover 96,,,True,3,1,2.55607,1.88845,2.55607,1.88845,1.88845,2.55607,10.73913043478261,10.238095238095237,5,4,1.9242,0.8393999999999999,0.5626,0.2364,0.201
D1,1718,2017-12-13,Schalke 04,Augsburg,,,True,3,2,2.60823,1.41489,1.85045,0.65711,0.65711,1.85045,10.130434782608695,9.233333333333333,1,3,2.3535999999999997,0.45909999999999995,0.7221,0.1873,0.0906
D1,1718,2017-12-13,Bayer Leverkusen,Werder Bremen,,,True,1,0,2.27284,0.251631,2.27284,0.251631,0.251631,2.27284,11.523809523809524,4.918367346938775,3,5,2.8044,0.1176,0.9088,0.078,0.0132
D1,1718,2017-12-15,Borussia M.Gladbach,Hamburger SV,,,True,3,1,2.64643,0.569992,2.64643,0.569992,0.569992,2.64643,7.413793103448276,10.0,6,9,2.7622999999999998,0.149,0.8912,0.0887,0.0201
D1,1718,2017-12-16,FC Cologne,Wolfsburg,,,True,1,0,2.32178,1.15445,2.32178,1.15445,1.15445,2.32178,19.545454545454547,8.875,8,7,2.2177999999999995,0.5828,0.6728,0.1994,0.1278
D1,1718,2017-12-16,Augsburg,Freiburg,,,True,3,3,2.95093,1.76688,2.95093,1.76688,1.76688,2.95093,6.416666666666667,11.608695652173912,6,6,2.1925,0.6124,0.6658,0.1951,0.1391
D1,1718,2017-12-16,Eintracht Frankfurt,Schalke 04,,,True,2,2,1.53257,1.82598,1.53257,1.82598,1.82598,1.53257,7.205882352941177,3.774193548387097,3,8,1.1551,1.5535,0.2879,0.2914,0.4207
D1,1718,2017-12-16,Werder Bremen,Mainz 05,,,True,2,2,1.20149,1.04877,1.20149,1.04877,1.04877,1.20149,7.9375,4.296296296296297,1,4,1.4695999999999998,1.2130999999999998,0.3841,0.3173,0.2986
D1,1718,2017-12-16,VfB Stuttgart,Bayern Munich,,,True,0,1,1.0958,1.44251,0.338027,1.44251,1.44251,0.338027,7.714285714285714,12.0,4,7,1.0073,1.634,0.2162,0.3587,0.4251
D1,1718,2017-12-16,Borussia Dortmund,Hoffenheim,,,True,2,1,3.38052,1.31881,2.62274,1.31881,1.31881,2.62274,18.0,12.32,4,7,2.653,0.24280000000000002,0.8496,0.1042,0.0462
D1,1718,2017-12-17,Hannover 96,Bayer Leverkusen,,,True,4,4,2.17843,2.07116,1.42065,2.07116,2.07116,1.42065,8.095238095238095,10.5,10,4,1.4720999999999997,1.287,0.4104,0.2409,0.3487
D1,1718,2017-12-17,RasenBallsport Leipzig,Hertha Berlin,,,True,2,3,2.67409,1.85524,2.67409,1.85524,1.85524,2.67409,3.0344827586206895,11.173913043478262,21,1,1.9323000000000001,0.8517,0.5721,0.216,0.2119
D1,1718,2018-01-12,Bayer Leverkusen,Bayern Munich,,,True,1,3,0.615242,1.48773,0.615242,1.48773,1.48773,0.615242,10.62962962962963,13.117647058823529,4,6,0.6644,2.078,0.1356,0.2576,0.6068
D1,1718,2018-01-13,Werder Bremen,Hoffenheim,,,True,1,1,2.47477,1.30821,2.47477,1.30821,1.30821,2.47477,10.89655172413793,11.55,10,9,2.2113000000000005,0.591,0.6712,0.1977,0.1311
D1,1718,2018-01-13,Eintracht Frankfurt,Freiburg,,,True,1,1,1.81323,0.309107,1.81323,0.309107,0.309107,1.81323,5.4324324324324325,10.735294117647058,7,4,2.5322999999999998,0.2985,0.7877,0.1692,0.0431
D1,1718,2018-01-13,Augsburg,Hamburger SV,,,True,1,0,1.32144,0.362892,1.32144,0.362892,0.362892,1.32144,7.8,6.566666666666666,6,9,2.1761,0.5501,0.6341,0.2738,0.0921
D1,1718,2018-01-13,Hannover 96,Mainz 05,,,True,3,2,1.80008,0.431335,1.0423,0.431335,0.431335,1.0423,12.473684210526315,11.0,7,2,2.4821,0.34099999999999997,0.7684,0.1769,0.0547
D1,1718,2018-01-13,VfB Stuttgart,Hertha Berlin,,,True,1,0,0.282511,1.01714,0.282511,1.01714,1.01714,0.282511,11.875,12.631578947368421,6,5,0.5611999999999999,2.1206,0.081,0.3182,0.6008
D1,1718,2018-01-13,RasenBallsport Leipzig,Schalke 04,,,True,3,1,2.72958,0.529316,1.9718,0.529316,0.529316,1.9718,7.105263157894737,5.212765957446808,6,5,2.7956000000000003,0.12919999999999998,0.9068,0.0752,0.018
D1,1718,2018-01-14,FC Cologne,Borussia M.Gladbach,,,True,2,1,1.74295,2.11945,1.74295,2.11945,2.11945,1.74295,9.457142857142857,8.64,4,8,1.1028,1.6466999999999998,0.2841,0.2505,0.4654
D1,1718,2018-01-14,Borussia Dortmund,Wolfsburg,,,True,0,0,2.55723,0.698882,2.55723,0.698882,0.698882,2.55723,10.428571428571429,7.057142857142857,12,9,2.6219,0.2627,0.8355,0.1154,0.0491
D1,1718,2018-01-19,Hertha Berlin,Borussia Dortmund,,,True,1,1,0.800387,1.64967,0.800387,1.64967,1.64967,0.800387,13.125,6.933333333333334,2,10,0.6792,2.0643000000000002,0.1409,0.2565,0.6026
D1,1718,2018-01-20,Hoffenheim,Bayer Leverkusen,,,True,1,4,0.638704,2.20181,0.638704,2.20181,2.20181,0.638704,8.31578947368421,9.444444444444445,7,13,0.32289999999999996,2.5294000000000003,0.0584,0.1477,0.7939
D1,1718,2018-01-20,Freiburg,RasenBallsport Leipzig,,,True,2,1,0.536057,0.754386,0.536057,0.754386,0.754386,0.536057,9.555555555555555,5.085714285714285,5,7,1.0986,1.5119999999999998,0.2364,0.3894,0.3742
D1,1718,2018-01-20,Borussia M.Gladbach,Augsburg,,,True,2,0,1.58577,1.31181,1.58577,1.31181,1.31181,1.58577,8.241379310344827,6.96,5,4,1.5866,1.1456000000000002,0.4396,0.2678,0.2926
D1,1718,2018-01-20,Mainz 05,VfB Stuttgart,,,True,3,2,2.3724,0.718389,2.3724,0.718389,0.718389,2.3724,20.1875,8.23076923076923,5,5,2.5685,0.2945,0.8105,0.137,0.0525
D1,1718,2018-01-20,Wolfsburg,Eintracht Frankfurt,,,True,1,3,0.7221,1.78303,0.7221,1.78303,1.78303,0.7221,15.733333333333333,8.821428571428571,5,8,0.5716,2.2156,0.1196,0.2128,0.6676
D1,1718,2018-01-20,Hamburger SV,FC Cologne,,,True,0,2,0.899507,1.38156,0.899507,1.38156,1.38156,0.899507,5.241379310344827,7.85,6,4,0.9395,1.7695999999999998,0.2162,0.2909,0.4929
D1,1718,2018-01-21,Bayern Munich,Werder Bremen,,,True,4,2,1.89433,0.862595,1.89433,0.862595,0.862595,1.89433,8.318181818181818,18.227272727272727,12,5,2.1223,0.6451,0.6299,0.2326,0.1375
D1,1718,2018-01-21,Schalke 04,Hannover 96,,,True,1,1,0.635085,0.897268,0.635085,0.897268,0.897268,0.635085,8.925,9.833333333333334,4,3,1.0242,1.605,0.2178,0.3708,0.4114
D1,1718,2018-01-26,Eintracht Frankfurt,Borussia M.Gladbach,,,True,2,0,1.33681,1.41602,1.33681,0.658247,0.658247,1.33681,11.541666666666666,6.6571428571428575,6,4,1.2887,1.3757000000000001,0.3177,0.3356,0.3467
D1,1718,2018-01-27,Borussia Dortmund,Freiburg,,,True,2,2,0.675137,0.759035,0.675137,0.759035,0.759035,0.675137,4.05,21.31578947368421,3,8,1.1444,1.4699,0.2529,0.3857,0.3614
D1,1718,2018-01-27,Bayern Munich,Hoffenheim,,,True,5,2,2.83832,1.01591,2.83832,0.114303,0.114303,2.83832,10.416666666666666,10.878787878787879,12,5,2.6756,0.2054,0.8522,0.119,0.0288
D1,1718,2018-01-27,FC Cologne,Augsburg,,,True,1,1,0.9238,0.688597,0.9238,0.688597,0.688597,0.9238,11.142857142857142,14.166666666666666,13,3,1.5540999999999998,1.0927,0.4003,0.3532,0.2465
D1,1718,2018-01-27,RasenBallsport Leipzig,Hamburger SV,,,True,1,1,1.09746,0.987601,1.09746,0.987601,0.987601,1.09746,4.3,9.962962962962964,5,4,1.4068,1.2652,0.3596,0.328,0.3124
D1,1718,2018-01-27,VfB Stuttgart,Schalke 04,,,True,0,2,0.503564,2.63904,0.503564,1.88126,1.88126,0.503564,5.341463414634147,14.107142857142858,3,4,0.15849999999999997,2.7559,0.0243,0.0856,0.8901
D1,1718,2018-01-27,Werder Bremen,Hertha Berlin,,,True,0,0,1.56245,0.788324,1.56245,0.788324,0.788324,1.56245,7.310344827586207,11.52,7,0,1.9996,0.7129,0.5707,0.2875,0.1418
D1,1718,2018-01-28,Bayer Leverkusen,Mainz 05,,,True,2,0,1.5045,0.142135,0.746721,0.142135,0.142135,0.746721,7.9,11.742857142857142,6,3,2.6447,0.20270000000000002,0.8307,0.1526,0.0167
D1,1718,2018-01-28,Hannover 96,Wolfsburg,,,True,0,1,0.784672,0.25357,0.784672,0.25357,0.25357,0.784672,7.413793103448276,14.045454545454545,5,1,1.8248,0.7574000000000001,0.469,0.4178,0.1132
D1,1718,2018-02-02,FC Cologne,Borussia Dortmund,,,True,2,3,2.00798,2.4117,2.00798,2.4117,2.4117,2.00798,13.545454545454545,12.5,4,10,1.1181999999999999,1.6509999999999998,0.2958,0.2308,0.4734
D1,1718,2018-02-03,Hertha Berlin,Hoffenheim,,,True,1,1,1.24795,2.05596,1.24795,1.29818,1.29818,1.24795,13.727272727272727,14.052631578947368,2,17,0.7630999999999999,1.9784,0.1682,0.2585,0.5733
D1,1718,2018-02-03,Freiburg,Bayer Leverkusen,,,True,0,0,0.683392,0.761203,0.683392,0.761203,0.761203,0.683392,8.777777777777779,7.217391304347826,2,12,1.2658,1.3563999999999998,0.296,0.3778,0.3262
D1,1718,2018-02-03,Schalke 04,Werder Bremen,,,True,1,2,0.736859,1.90873,0.736859,1.90873,1.90873,0.736859,13.52,8.088235294117647,3,2,0.4112,2.4122,0.0782,0.1766,0.7452
D1,1718,2018-02-03,Mainz 05,Bayern Munich,,,True,0,2,1.12443,1.61624,1.12443,1.61624,1.61624,1.12443,13.428571428571429,6.869565217391305,5,14,0.9698,1.7804,0.24,0.2498,0.5102
D1,1718,2018-02-03,Wolfsburg,VfB Stuttgart,,,True,1,1,0.810006,1.85583,0.810006,1.85583,1.85583,0.810006,16.866666666666667,12.62962962962963,2,4,0.5573,2.2304,0.115,0.2123,0.6727
D1,1718,2018-02-03,Borussia M.Gladbach,RasenBallsport Leipzig,,,True,0,1,1.46815,1.47738,1.46815,1.47738,1.47738,1.46815,11.952380952380953,8.84,3,8,1.3697,1.3489999999999998,0.3628,0.2813,0.3559
D1,1718,2018-02-04,Augsburg,Eintracht Frankfurt,,,True,3,0,3.37224,0.35277,3.37224,0.35277,0.35277,3.37224,12.607142857142858,6.36,4,3,2.9134,0.052,0.9596,0.0346,0.0058
D1,1718,2018-02-04,Hamburger SV,Hannover 96,,,True,1,1,1.47817,1.12675,1.47817,1.12675,1.12675,1.47817,6.90625,8.757575757575758,4,2,1.6577000000000002,1.0631,0.4595,0.2792,0.2613
D1,1718,2018-02-09,RasenBallsport Leipzig,Augsburg,,,True,2,0,1.94548,0.813412,1.94548,0.813412,0.813412,1.94548,8.655172413793103,9.652173913043478,11,2,2.2102999999999997,0.5765,0.6657,0.2132,0.1211
D1,1718,2018-02-10,Bayer Leverkusen,Hertha Berlin,,,True,0,2,1.55781,0.935771,1.55781,0.935771,0.935771,1.55781,8.157894736842104,8.916666666666666,7,2,1.9082,0.8050999999999999,0.5405,0.2867,0.1728
D1,1718,2018-02-10,Hannover 96,Freiburg,,,True,2,1,0.974571,1.23823,0.974571,1.23823,1.23823,0.974571,6.666666666666667,5.631578947368421,3,7,1.0755,1.6101,0.2537,0.3144,0.4319
D1,1718,2018-02-10,Borussia Dortmund,Hamburger SV,,,True,2,0,2.58479,0.4947,2.58479,0.4947,0.4947,2.58479,5.909090909090909,12.73076923076923,5,7,2.7868,0.1333,0.9023,0.0799,0.0178
D1,1718,2018-02-10,Hoffenheim,Mainz 05,,,True,4,2,2.97721,1.45197,2.97721,1.45197,1.45197,2.97721,6.421052631578948,9.0,7,2,2.5052,0.3257,0.7787,0.1691,0.0522
D1,1718,2018-02-10,Eintracht Frankfurt,FC Cologne,,,True,4,2,2.44799,1.30881,2.44799,0.55103,0.55103,2.44799,8.74074074074074,12.833333333333334,7,2,2.2409999999999997,0.5517,0.6779,0.2073,0.1148
D1,1718,2018-02-10,Bayern Munich,Schalke 04,,,True,2,1,1.20152,0.90129,1.20152,0.90129,0.90129,1.20152,9.038461538461538,9.8,8,6,1.6280000000000001,1.046,0.434,0.326,0.24
D1,1718,2018-02-11,VfB Stuttgart,Borussia M.Gladbach,,,True,1,0,0.648719,0.467987,0.648719,0.467987,0.467987,0.648719,13.96,7.105263157894737,1,6,1.5226,1.0546,0.3666,0.4228,0.2106
D1,1718,2018-02-11,Werder Bremen,Wolfsburg,,,True,3,1,1.13687,1.58428,1.13687,0.64383,0.64383,1.13687,9.090909090909092,7.090909090909091,5,3,0.8905000000000001,1.8034000000000001,0.1948,0.3061,0.4991
D1,1718,2018-02-16,Hertha Berlin,Mainz 05,,,True,0,2,0.405793,1.22486,0.405793,1.22486,1.22486,0.405793,6.722222222222222,13.12,1,4,0.5949,2.1189,0.1029,0.2862,0.6109
D1,1718,2018-02-17,FC Cologne,Hannover 96,,,True,1,1,0.244916,1.20598,0.244916,1.20598,1.20598,0.244916,6.96,5.9,4,6,0.4865,2.2316,0.0682,0.2819,0.6499
D1,1718,2018-02-17,Freiburg,Werder Bremen,,,True,1,0,1.80201,0.353523,0.286453,0.353523,0.353523,0.286453,17.272727272727273,10.894736842105264,5,6,2.6761,0.199,0.8504,0.1249,0.0247
D1,1718,2018-02-17,Hamburger SV,Bayer Leverkusen,,,True,1,2,0.771028,2.12545,0.771028,2.12545,2.12545,0.771028,8.121212121212121,10.789473684210526,4,9,0.3798,2.4501000000000004,0.0699,0.1701,0.76
D1,1718,2018-02-17,Wolfsburg,Bayern Munich,,,True,1,2,0.469077,3.22804,0.469077,1.71249,1.71249,0.469077,35.5,3.3548387096774195,3,7,0.0536,2.9120000000000004,0.0064,0.0344,0.9592
D1,1718,2018-02-17,Schalke 04,Hoffenheim,,,True,2,1,1.03034,0.4915,1.03034,0.4915,0.4915,1.03034,6.75,3.6216216216216215,5,4,1.8669999999999998,0.7996000000000001,0.5112,0.3334,0.1554
D1,1718,2018-02-18,Augsburg,VfB Stuttgart,,,True,0,1,0.321031,1.40418,0.321031,1.40418,1.40418,0.321031,6.478260869565218,8.535714285714286,3,3,0.4405,2.3205999999999998,0.0672,0.2389,0.6939
D1,1718,2018-02-18,Borussia M.Gladbach,Borussia Dortmund,,,True,0,1,1.84628,0.362785,1.84628,0.362785,0.362785,1.84628,4.8108108108108105,5.473684210526316,9,7,2.4871,0.3328,0.769,0.1801,0.0509
D1,1718,2018-02-19,Eintracht Frankfurt,RasenBallsport Leipzig,,,True,2,1,1.64582,0.650812,1.64582,0.650812,0.650812,1.64582,6.277777777777778,9.941176470588236,7,4,2.1946,0.565,0.6514,0.2404,0.1082
D1,1718,2018-02-23,Mainz 05,Wolfsburg,,,True,1,1,0.773004,1.00505,0.773004,1.00505,1.00505,0.773004,11.310344827586206,9.2,2,4,1.122,1.5477,0.2639,0.3303,0.4058
D1,1718,2018-02-24,Bayern Munich,Hertha Berlin,,,True,0,0,1.65693,0.0979538,1.65693,0.0979538,0.0979538,1.65693,5.15,21.55,13,2,2.5915000000000004,0.2296,0.8042,0.1789,0.0169
D1,1718,2018-02-24,Hoffenheim,Freiburg,,,True,1,1,0.564931,1.00896,0.564931,0.251186,0.251186,0.564931,7.612903225806452,12.666666666666666,9,6,0.7983,1.8681,0.1549,0.3336,0.5115
D1,1718,2018-02-24,VfB Stuttgart,Eintracht Frankfurt,,,True,1,0,1.94602,0.263378,1.94602,0.263378,0.263378,1.94602,10.774193548387096,5.5,4,4,2.7843,0.12390000000000001,0.8975,0.0918,0.0107
D1,1718,2018-02-24,Hannover 96,Borussia M.Gladbach,,,True,0,1,2.15161,1.51236,2.15161,1.51236,1.51236,2.15161,4.609756097560975,8.681818181818182,16,4,1.8277,0.94,0.5318,0.2323,0.2359
D1,1718,2018-02-24,Werder Bremen,Hamburger SV,,,True,1,0,0.888389,0.225135,0.888389,0.225135,0.225135,0.888389,5.6521739130434785,13.409090909090908,8,3,1.9653,0.6441,0.5249,0.3906,0.0845
D1,1718,2018-02-25,Bayer Leverkusen,Schalke 04,,,True,0,2,0.417132,1.99241,0.417132,1.23464,1.23464,0.417132,10.52,6.55,3,2,0.245,2.6237,0.0379,0.1313,0.8308
D1,1718,2018-02-25,RasenBallsport Leipzig,FC Cologne,,,True,1,2,2.11128,1.31216,2.11128,1.31216,1.31216,2.11128,9.285714285714286,10.228571428571428,8,5,1.9988,0.7567999999999999,0.5848,0.2444,0.1708
D1,1718,2018-02-26,Borussia Dortmund,Augsburg,,,True,1,1,1.19993,1.01277,1.19993,1.01277,1.01277,1.19993,7.115384615384615,15.904761904761905,13,3,1.4798,1.1387,0.3661,0.3815,0.2524
D1,1718,2018-03-02,Borussia M.Gladbach,Werder Bremen,,,True,2,2,1.85046,2.00266,1.85046,2.00266,2.00266,1.85046,10.304347826086957,9.791666666666666,8,17,1.2707000000000002,1.4717,0.3377,0.2576,0.4047
D1,1718,2018-03-03,Schalke 04,Hertha Berlin,,,True,1,0,0.332588,0.965273,0.332588,0.965273,0.965273,0.332588,7.424242424242424,15.0,1,6,0.6223,2.0425,0.0957,0.3352,0.5691
D1,1718,2018-03-03,Eintracht Frankfurt,Hannover 96,,,True,1,0,2.17331,0.775015,2.17331,0.775015,0.775015,2.17331,12.777777777777779,10.4,6,2,2.3977,0.4234,0.7396,0.1789,0.0815
D1,1718,2018-03-03,Augsburg,Hoffenheim,,,True,0,2,0.52869,1.84153,0.52869,1.84153,1.84153,0.52869,9.333333333333334,10.88,4,9,0.4058,2.4092,0.0736,0.185,0.7414
D1,1718,2018-03-03,Hamburger SV,Mainz 05,,,True,0,0,1.74881,0.405966,0.991036,0.405966,0.405966,0.991036,2.5813953488372094,10.608695652173912,10,1,2.5071,0.31889999999999996,0.7777,0.174,0.0483
D1,1718,2018-03-03,Wolfsburg,Bayer Leverkusen,,,True,1,2,0.198069,2.04714,0.198069,1.28936,1.28936,0.198069,12.6,15.85,0,13,0.13440000000000002,2.7705,0.0131,0.0951,0.8918
D1,1718,2018-03-03,RasenBallsport Leipzig,Borussia Dortmund,,,True,1,1,1.03725,1.66037,1.03725,1.66037,1.66037,1.03725,8.483870967741936,6.0285714285714285,9,7,0.7307999999999999,1.9982999999999997,0.1533,0.2709,0.5758
D1,1718,2018-03-04,FC Cologne,VfB Stuttgart,,,True,2,3,1.19883,0.510854,1.19883,0.510854,0.510854,1.19883,7.538461538461538,18.8,19,3,1.9594999999999998,0.7358,0.5516,0.3047,0.1437
D1,1718,2018-03-04,Freiburg,Bayern Munich,,,True,0,4,0.471821,1.98824,0.471821,1.98824,1.98824,0.471821,33.666666666666664,12.894736842105264,2,8,0.237,2.6103,0.0281,0.1527,0.8192
D1,1718,2018-03-09,Mainz 05,Schalke 04,,,True,0,1,0.492366,0.213037,0.492366,0.213037,0.213037,0.492366,7.653846153846154,5.805555555555555,7,1,1.555,0.8989,0.3363,0.5461,0.1176
D1,1718,2018-03-10,Bayern Munich,Hamburger SV,,,True,6,0,4.9158,0.00671621,3.40025,0.00671621,0.00671621,3.40025,7.0,38.81818181818182,11,2,2.9992,0.0004,0.9996,0.0004,0.0
D1,1718,2018-03-10,Hoffenheim,Wolfsburg,,,True,3,0,1.41466,0.226156,1.41466,0.226156,0.226156,1.41466,18.842105263157894,13.789473684210526,11,3,2.3759,0.3869,0.7129,0.2372,0.0499
D1,1718,2018-03-10,Hannover 96,Augsburg,,,True,1,3,0.741256,2.09117,0.741256,2.09117,2.09117,0.741256,9.785714285714286,9.8,7,4,0.46509999999999996,2.3520999999999996,0.0941,0.1828,0.7231
D1,1718,2018-03-10,Hertha Berlin,Freiburg,,,True,0,0,1.08096,0.303864,1.08096,0.303864,0.303864,1.08096,23.923076923076923,20.526315789473685,3,3,2.0824000000000003,0.5971,0.5873,0.3205,0.0922
D1,1718,2018-03-10,Bayer Leverkusen,Borussia M.Gladbach,,,True,2,0,2.72895,0.710644,2.72895,0.710644,0.710644,2.72895,11.12,12.961538461538462,9,5,2.6614,0.2308,0.8512,0.1078,0.041
D1,1718,2018-03-11,VfB Stuttgart,RasenBallsport Leipzig,,,True,0,0,1.1338,0.660324,1.1338,0.660324,0.660324,1.1338,9.185185185185185,12.055555555555555,3,4,1.831,0.8515,0.5045,0.3175,0.178
D1,1718,2018-03-11,Borussia Dortmund,Eintracht Frankfurt,,,True,3,2,1.28057,1.23331,1.28057,1.23331,1.23331,1.28057,7.2592592592592595,7.85,2,4,1.3821999999999999,1.3273,0.3639,0.2905,0.3456
D1,1718,2018-03-12,Werder Bremen,FC Cologne,,,True,3,1,1.35381,0.404235,1.35381,0.404235,0.404235,1.35381,16.6,10.473684210526315,3,6,2.2306,0.5176000000000001,0.6596,0.2518,0.0886
D1,1718,2018-03-16,Freiburg,VfB Stuttgart,,,True,1,2,0.298809,1.62394,0.298809,1.62394,1.62394,0.298809,11.9,20.176470588235293,7,0,0.1849,2.6854,0.0184,0.1297,0.8519
D1,1718,2018-03-17,Eintracht Frankfurt,Mainz 05,,,True,3,0,2.11519,0.527164,2.11519,0.527164,0.527164,2.11519,10.321428571428571,18.05263157894737,9,5,2.543,0.3077,0.7979,0.1493,0.0528
D1,1718,2018-03-17,Borussia M.Gladbach,Hoffenheim,,,True,3,3,2.29819,2.23407,2.29819,1.47629,1.47629,2.29819,7.620689655172414,21.647058823529413,11,8,1.3980000000000001,1.3665,0.3875,0.2355,0.377
D1,1718,2018-03-17,Hamburger SV,Hertha Berlin,,,True,1,2,0.775841,2.42384,0.775841,2.42384,2.42384,0.775841,12.105263157894736,10.96551724137931,10,4,0.3443,2.5100000000000002,0.0662,0.1457,0.7881
D1,1718,2018-03-17,Augsburg,Werder Bremen,,,True,1,3,0.547431,2.27046,0.547431,2.27046,2.27046,0.547431,10.380952380952381,12.19047619047619,4,10,0.3205,2.5332999999999997,0.0581,0.1462,0.7957
D1,1718,2018-03-17,Wolfsburg,Schalke 04,,,True,0,1,1.57629,1.29568,0.806266,1.29568,1.29568,0.806266,13.8,16.80952380952381,1,8,1.5833,1.1069,0.4245,0.3098,0.2657
D1,1718,2018-03-18,Borussia Dortmund,Hannover 96,,,True,1,0,2.43612,0.659875,2.43612,0.659875,0.659875,2.43612,5.6875,14.222222222222221,10,5,2.5347,0.3216,0.797,0.1437,0.0593
D1,1718,2018-03-18,FC Cologne,Bayer Leverkusen,,,True,2,0,1.50233,0.407088,1.50233,0.407088,0.407088,1.50233,8.54054054054054,11.73076923076923,9,6,2.5035,0.3078,0.7716,0.1887,0.0397
D1,1718,2018-03-18,RasenBallsport Leipzig,Bayern Munich,,,True,2,1,2.78372,1.40277,2.78372,1.40277,1.40277,2.78372,10.121212121212121,6.0,9,7,2.3057000000000003,0.5255000000000001,0.7123,0.1688,0.1189
D1,1718,2018-03-31,Bayern Munich,Borussia Dortmund,,,True,6,0,4.59926,0.485044,4.59926,0.485044,0.485044,4.59926,13.55,34.15384615384615,9,2,2.976,0.0147,0.9889,0.0093,0.0018
D1,1718,2018-03-31,Schalke 04,Freiburg,,,True,2,0,2.05172,0.223581,1.29394,0.223581,0.223581,1.29394,6.372093023255814,15.333333333333334,5,2,2.7593,0.1415,0.8867,0.0992,0.0141
D1,1718,2018-03-31,Hertha Berlin,Wolfsburg,,,True,0,0,0.365312,1.17225,0.365312,1.17225,1.17225,0.365312,13.68421052631579,12.565217391304348,11,0,0.5692999999999999,2.1443,0.0943,0.2864,0.6193
D1,1718,2018-03-31,Hoffenheim,FC Cologne,,,True,6,0,3.02461,0.786962,3.02461,0.786962,0.786962,3.02461,14.52,9.956521739130435,7,3,2.7395,0.1703,0.8831,0.0902,0.0267
D1,1718,2018-03-31,Bayer Leverkusen,Augsburg,,,True,0,0,0.884077,0.301791,0.884077,0.301791,0.301791,0.884077,7.5,14.75,10,3,1.8817,0.7354,0.4996,0.3829,0.1175
D1,1718,2018-03-31,Hannover 96,RasenBallsport Leipzig,,,True,2,3,1.33572,3.09004,1.33572,3.09004,3.09004,1.33572,9.655172413793103,6.592592592592593,13,12,0.38160000000000005,2.4816,0.0816,0.1368,0.7816
D1,1718,2018-03-31,VfB Stuttgart,Hamburger SV,,,True,1,1,1.08797,0.900691,1.08797,0.900691,0.900691,1.08797,12.714285714285714,15.5625,4,4,1.4764,1.15,0.3676,0.3736,0.2588
D1,1718,2018-04-01,Werder Bremen,Eintracht Frankfurt,,,True,2,1,1.06787,0.822039,1.06787,0.822039,0.822039,1.06787,16.65,21.90909090909091,5,5,1.5643000000000002,1.1017000000000001,0.4101,0.334,0.2559
D1,1718,2018-04-01,Mainz 05,Borussia M.Gladbach,,,True,0,0,0.633771,0.658951,0.633771,0.658951,0.658951,0.633771,8.96774193548387,11.9,3,4,1.2902,1.3117999999999999,0.2974,0.398,0.3046
D1,1718,2018-04-06,Hannover 96,Werder Bremen,,,True,2,1,1.60318,1.81065,1.60318,1.81065,1.81065,1.60318,16.58823529411765,7.576923076923077,3,9,1.2229,1.5046,0.3168,0.2725,0.4107
D1,1718,2018-04-07,FC Cologne,Mainz 05,,,True,1,1,1.31169,1.09441,1.31169,1.09441,1.09441,1.31169,7.04,6.275862068965517,16,8,1.5144,1.1768999999999998,0.4019,0.3087,0.2894
D1,1718,2018-04-07,Freiburg,Wolfsburg,,,True,0,2,1.20901,0.679271,0.45123,0.679271,0.679271,0.45123,7.894736842105263,14.444444444444445,7,1,1.8906,0.8012999999999999,0.5275,0.3081,0.1644
D1,1718,2018-04-07,Borussia M.Gladbach,Hertha Berlin,,,True,2,1,1.4326,2.30928,0.674821,2.30928,2.30928,0.674821,13.4375,13.541666666666666,2,6,0.7323999999999999,2.0335,0.1661,0.2341,0.5998
D1,1718,2018-04-07,Augsburg,Bayern Munich,,,True,1,4,0.886211,2.32217,0.886211,2.32217,2.32217,0.886211,12.966666666666667,12.25,1,10,0.44409999999999994,2.3776,0.0886,0.1783,0.7331
D1,1718,2018-04-07,Hamburger SV,Schalke 04,,,True,3,2,2.29435,1.35788,2.29435,1.35788,1.35788,2.29435,4.405405405405405,8.064516129032258,11,6,2.0589,0.7061999999999999,0.608,0.2349,0.1571
D1,1718,2018-04-08,Borussia Dortmund,VfB Stuttgart,,,True,3,0,1.60177,0.613194,1.60177,0.613194,0.613194,1.60177,11.5625,7.24,13,3,2.1636,0.5961000000000001,0.6411,0.2403,0.1186
D1,1718,2018-04-08,Eintracht Frankfurt,Hoffenheim,,,True,1,1,1.82811,0.621143,1.82811,0.621143,0.621143,1.82811,9.4,19.55,5,1,2.4081,0.40559999999999996,0.7406,0.1863,0.0731
D1,1718,2018-04-09,RasenBallsport Leipzig,Bayer Leverkusen,,,True,1,4,1.57617,2.20677,1.57617,2.20677,2.20677,1.57617,15.166666666666666,6.970588235294118,10,14,0.9211999999999999,1.8458,0.2294,0.233,0.5376
D1,1718,2018-04-13,Wolfsburg,Augsburg,,,True,0,0,0.789397,0.213724,0.789397,0.213724,0.213724,0.789397,6.0,14.227272727272727,4,2,1.9169,0.6791,0.5043,0.404,0.0917
D1,1718,2018-04-14,Hoffenheim,Hamburger SV,,,True,2,0,3.47924,0.338639,3.47924,0.338639,0.338639,3.47924,14.722222222222221,7.5,9,7,2.9195,0.0479,0.9623,0.0326,0.0051
D1,1718,2018-04-14,Hertha Berlin,FC Cologne,,,True,2,1,1.65421,1.41628,1.65421,1.41628,1.41628,1.65421,9.19047619047619,13.952380952380953,10,8,1.5742000000000003,1.1665,0.4383,0.2593,0.3024
D1,1718,2018-04-14,Bayer Leverkusen,Eintracht Frankfurt,,,True,4,1,2.50515,0.856191,2.50515,0.856191,0.856191,2.50515,10.551724137931034,17.05263157894737,5,3,2.6379000000000006,0.2328,0.8362,0.1293,0.0345
D1,1718,2018-04-14,VfB Stuttgart,Hannover 96,,,True,1,1,0.852341,0.382079,0.852341,0.382079,0.382079,0.852341,11.823529411764707,17.529411764705884,5,4,1.7939,0.8186,0.4688,0.3875,0.1437
D1,1718,2018-04-14,Bayern Munich,Borussia M.Gladbach,,,True,5,1,3.36215,0.196571,3.36215,0.196571,0.196571,3.36215,8.777777777777779,47.111111111111114,16,0,2.9534,0.027800000000000002,0.9782,0.0188,0.003
D1,1718,2018-04-15,Schalke 04,Borussia Dortmund,,,True,2,0,0.858968,0.925683,0.858968,0.925683,0.925683,0.858968,11.041666666666666,8.217391304347826,5,6,1.2734,1.3859,0.3109,0.3407,0.3484
D1,1718,2018-04-15,Werder Bremen,RasenBallsport Leipzig,,,True,1,1,0.9886,1.0854,0.9886,1.0854,1.0854,0.9886,10.387096774193548,8.590909090909092,3,5,1.2508,1.4392,0.3136,0.31,0.3764
D1,1718,2018-04-16,Mainz 05,Freiburg,,,True,2,0,2.06006,0.3674,1.30228,0.3674,0.3674,1.30228,8.478260869565217,10.7,6,5,2.6729999999999996,0.2079,0.8513,0.1191,0.0296
D1,1718,2018-04-20,Borussia M.Gladbach,Wolfsburg,,,True,3,0,1.89902,0.18377,1.89902,0.18377,0.18377,1.89902,7.892857142857143,18.666666666666668,7,1,2.6234,0.2261,0.8243,0.1505,0.0252
D1,1718,2018-04-21,RasenBallsport Leipzig,Hoffenheim,,,True,2,5,1.59229,3.43682,1.59229,3.43682,3.43682,1.59229,15.875,10.7,8,3,0.2911,2.5882,0.0568,0.1207,0.8225
D1,1718,2018-04-21,Eintracht Frankfurt,Hertha Berlin,,,True,0,3,1.16277,1.53898,1.16277,0.781205,0.781205,1.16277,11.523809523809524,9.296296296296296,4,2,0.9496,1.7398,0.213,0.3106,0.4764
D1,1718,2018-04-21,Hamburger SV,Freiburg,,,True,1,0,1.72754,0.896138,1.72754,0.896138,0.896138,1.72754,6.9,9.375,5,7,2.0462,0.7085,0.6003,0.2453,0.1544
D1,1718,2018-04-21,Hannover 96,Bayern Munich,,,True,0,3,0.243137,2.00929,0.243137,2.00929,2.00929,0.243137,22.095238095238095,4.392857142857143,2,11,0.1737,2.7117,0.0197,0.1146,0.8657
D1,1718,2018-04-21,VfB Stuttgart,Werder Bremen,,,True,2,0,2.08957,0.392824,2.08957,0.392824,0.392824,2.08957,17.866666666666667,10.533333333333333,6,7,2.6547,0.22139999999999999,0.8436,0.1239,0.0325
D1,1718,2018-04-21,Borussia Dortmund,Bayer Leverkusen,,,True,4,0,3.53524,0.409487,2.77746,0.409487,0.409487,2.77746,9.37037037037037,7.64,11,8,2.9154999999999998,0.0511,0.9607,0.0334,0.0059
D1,1718,2018-04-22,Augsburg,Mainz 05,,,True,2,0,1.66389,0.293261,1.66389,0.293261,0.293261,1.66389,8.535714285714286,6.035714285714286,2,5,2.459,0.34730000000000005,0.7551,0.1937,0.0512
D1,1718,2018-04-22,FC Cologne,Schalke 04,,,True,2,2,0.751725,2.56921,0.751725,2.56921,2.56921,0.751725,9.476190476190476,11.678571428571429,5,7,0.2868,2.5866,0.0534,0.1266,0.82
D1,1718,2018-04-27,Hoffenheim,Hannover 96,,,True,3,1,1.88985,1.26677,1.88985,1.26677,1.26677,1.88985,10.25,14.772727272727273,15,5,1.8825,0.8376000000000001,0.5342,0.2799,0.1859
D1,1718,2018-04-28,Bayern Munich,Eintracht Frankfurt,,,True,4,1,1.89862,1.25053,1.89862,1.25053,1.25053,1.89862,16.3125,15.777777777777779,7,5,1.8784,0.8764,0.5444,0.2452,0.2104
D1,1718,2018-04-28,Hertha Berlin,Augsburg,,,True,2,2,1.46846,0.668665,0.71068,0.668665,0.668665,0.71068,11.38888888888889,9.923076923076923,3,5,2.1394,0.6103000000000001,0.6297,0.2503,0.12
D1,1718,2018-04-28,Freiburg,FC Cologne,,,True,3,2,3.3782,1.34976,2.62043,1.34976,1.34976,2.62043,13.846153846153847,12.411764705882353,7,2,2.6321999999999997,0.2586,0.841,0.1092,0.0498
D1,1718,2018-04-28,Schalke 04,Borussia M.Gladbach,,,True,1,1,1.21432,1.8312,0.456544,1.8312,1.8312,0.456544,20.863636363636363,5.8,4,7,0.8449,1.8805,0.1901,0.2746,0.5353
D1,1718,2018-04-28,Wolfsburg,Hamburger SV,,,True,1,3,0.910012,2.91172,0.910012,1.24807,1.24807,0.910012,10.2,9.7,6,6,0.2066,2.6915,0.0349,0.1019,0.8632
D1,1718,2018-04-28,Bayer Leverkusen,VfB Stuttgart,,,True,0,1,2.48527,0.632526,1.72749,0.632526,0.632526,1.72749,6.041666666666667,17.833333333333332,14,2,2.6549,0.2144,0.8414,0.1307,0.0279
D1,1718,2018-04-29,Mainz 05,RasenBallsport Leipzig,,,True,3,0,2.16729,1.04843,1.40951,1.04843,1.04843,1.40951,9.035714285714286,4.103448275862069,8,8,2.2118,0.5741,0.6659,0.2141,0.12
D1,1718,2018-04-29,Werder Bremen,Borussia Dortmund,,,True,1,1,1.2344,2.47525,1.2344,2.47525,2.47525,1.2344,37.5,12.909090909090908,6,10,0.6034999999999999,2.2157,0.1409,0.1808,0.6783
D1,1718,2018-05-05,Augsburg,Schalke 04,,,True,1,2,0.968124,2.01034,0.968124,2.01034,2.01034,0.968124,6.0,17.5,10,3,0.6134999999999999,2.1648000000000005,0.1306,0.2217,0.6477
D1,1718,2018-05-05,Hannover 96,Hertha Berlin,,,True,3,1,1.53367,1.07207,1.53367,1.07207,1.07207,1.53367,13.642857142857142,5.206896551724138,5,5,1.7508,0.9771,0.4929,0.2721,0.235
D1,1718,2018-05-05,VfB Stuttgart,Hoffenheim,,,True,2,0,0.980831,1.18053,0.980831,1.18053,1.18053,0.980831,26.2,7.619047619047619,6,15,1.2269,1.4624,0.3054,0.3107,0.3839
D1,1718,2018-05-05,Borussia Dortmund,Mainz 05,,,True,1,2,0.552018,1.2057,0.552018,1.2057,1.2057,0.552018,4.5588235294117645,14.68421052631579,18,5,0.7314,1.9832999999999998,0.1487,0.2853,0.566
D1,1718,2018-05-05,RasenBallsport Leipzig,Wolfsburg,,,True,4,1,1.88692,0.680762,1.88692,0.680762,0.680762,1.88692,11.80952380952381,12.117647058823529,12,2,2.2938,0.5079,0.6985,0.1983,0.1032
D1,1718,2018-05-05,FC Cologne,Bayern Munich,,,True,1,3,1.9373,2.76039,1.9373,2.76039,2.76039,1.9373,29.25,11.421052631578947,7,15,0.8869,1.9110999999999998,0.2283,0.202,0.5697
D1,1718,2018-05-05,Werder Bremen,Bayer Leverkusen,,,True,0,0,0.175221,0.890747,0.175221,0.890747,0.890747,0.175221,18.75,6.035714285714286,5,7,0.5516,2.0864,0.0632,0.362,0.5748
D1,1718,2018-05-05,Borussia M.Gladbach,Freiburg,,,True,3,1,2.43316,1.45979,2.43316,1.45979,1.45979,2.43316,10.130434782608695,14.789473684210526,3,12,2.0792,0.7046,0.621,0.2162,0.1628
D1,1718,2018-05-05,Eintracht Frankfurt,Hamburger SV,,,True,3,0,1.64906,0.848806,1.64906,0.848806,0.848806,1.64906,10.925925925925926,5.681818181818182,4,2,2.0058000000000002,0.7476,0.5864,0.2466,0.167
D1,1718,2018-05-12,Bayern Munich,VfB Stuttgart,,,True,1,4,1.92541,2.45916,1.92541,2.45916,2.45916,1.92541,2.193548387096774,40.9,13,2,0.9753000000000001,1.7877,0.2461,0.237,0.5169
D1,1718,2018-05-12,Hoffenheim,Borussia Dortmund,,,True,3,1,1.07393,1.57779,1.07393,1.57779,1.57779,1.07393,28.76923076923077,19.7,7,7,0.9126,1.8039,0.2097,0.2835,0.5068
D1,1718,2018-05-12,Hertha Berlin,RasenBallsport Leipzig,,,True,2,6,1.50613,1.22103,1.50613,1.22103,1.22103,1.50613,9.875,9.26923076923077,2,8,1.6382,1.0859,0.4541,0.2759,0.27
D1,1718,2018-05-12,Freiburg,Augsburg,,,True,2,0,0.707853,0.237381,0.707853,0.237381,0.237381,0.707853,10.26923076923077,11.35,3,4,1.8096999999999999,0.7459,0.4551,0.4444,0.1005
D1,1718,2018-05-12,Schalke 04,Eintracht Frankfurt,,,True,1,0,1.69009,0.281816,1.69009,0.281816,0.281816,1.69009,7.852941176470588,11.25,7,5,2.5054,0.3124,0.7744,0.1822,0.0434
D1,1718,2018-05-12,Bayer Leverkusen,Hannover 96,,,True,3,2,4.42734,1.56701,3.66956,1.56701,1.56701,3.66956,17.214285714285715,11.545454545454545,13,6,2.7868,0.1483,0.9073,0.0649,0.0278
D1,1718,2018-05-12,Hamburger SV,Borussia M.Gladbach,,,True,2,1,2.35888,1.2463,1.6011,1.2463,1.2463,1.6011,12.7,11.363636363636363,9,6,2.1648,0.6204,0.65,0.2148,0.1352
D1,1718,2018-05-12,Mainz 05,Werder Bremen,,,True,1,2,0.539651,1.0587,0.539651,1.0587,1.0587,0.539651,9.583333333333334,9.347826086956522,5,3,0.836,1.8332000000000002,0.1684,0.3308,0.5008
D1,1718,2018-05-12,Wolfsburg,FC Cologne,,,True,4,1,1.84524,1.59763,1.84524,1.59763,1.59763,1.84524,14.130434782608695,8.272727272727273,7,5,1.5483,1.1802000000000001,0.4256,0.2715,0.3029
