canonical_id,display_name,fpl_id,understat_id,statsbomb_id,birth_date,confidence,method,verified_at
fpl-player-1,David Raya Martín,1,,,,1.0,exact,
fpl-player-2,Kepa Arrizabalaga Revuelta,2,,,,1.0,exact,
fpl-player-3,Illan Meslier,3,,,,1.0,exact,
fpl-player-4,Gabriel dos Santos Magalhães,4,,,,1.0,exact,
fpl-player-5,Jurriën Timber,5,,,,1.0,exact,
fpl-player-6,William Saliba,6,,,,1.0,exact,
fpl-player-7,Myles Lewis-Skelly,7,,,,1.0,exact,
fpl-player-8,Riccardo Calafiori,8,,,,1.0,exact,
fpl-player-9,Piero Hincapié,9,,,,1.0,exact,
fpl-player-10,Benjamin White,10,,,,1.0,exact,
fpl-player-11,Cristhian Mosquera,11,,,,1.0,exact,
fpl-player-12,Bukayo Saka,12,,,,1.0,exact,
fpl-player-13,Declan Rice,13,,,,1.0,exact,
fpl-player-14,Eberechi Eze,14,,,,1.0,exact,
fpl-player-15,Martin Ødegaard,15,,,,1.0,exact,
fpl-player-16,Noni Madueke,16,,,,1.0,exact,
fpl-player-17,Mikel Merino Zazón,17,,,,1.0,exact,
fpl-player-18,Gabriel Martinelli Silva,18,,,,1.0,exact,
fpl-player-19,Martín Zubimendi Ibáñez,19,,,,1.0,exact,
fpl-player-20,Max Dowman,20,,,,1.0,exact,
fpl-player-22,Ethan Nwaneri,22,,,,1.0,exact,
fpl-player-23,Fábio Ferreira Vieira,23,,,,1.0,exact,
fpl-player-24,Reiss Nelson,24,,,,1.0,exact,
fpl-player-25,Viktor Gyökeres,25,,,,1.0,exact,
fpl-player-26,Kai Havertz,26,,,,1.0,exact,
fpl-player-27,Gabriel Fernando de Jesus,27,,,,1.0,exact,
fpl-player-31,Ezri Konsa Ngoyo,31,,,,1.0,exact,
fpl-player-452,Bruno Guimarães Rodriguez Moura,452,,,,1.0,exact,
fpl-player-557,Christos Tzolis,557,,,,1.0,exact,
fpl-player-28,Emiliano Martínez Romero,28,,,,1.0,exact,
fpl-player-29,Marco Bizot,29,,,,1.0,exact,
fpl-player-30,Lucas Digne,30,,,,1.0,exact,
fpl-player-32,Matty Cash,32,,,,1.0,exact,
fpl-player-33,Tyrone Mings,33,,,,1.0,exact,
fpl-player-34,Pau Torres,34,,,,1.0,exact,
fpl-player-35,Lamare Bogarde,35,,,,1.0,exact,
fpl-player-36,Ian Maatsen,36,,,,1.0,exact,
fpl-player-37,Victor Lindelöf,37,,,,1.0,exact,
fpl-player-38,Andrés García,38,,,,1.0,exact,
fpl-player-39,Kosta Nedeljkovic,39,,,,1.0,exact,
fpl-player-41,Emiliano Buendía Stati,41,,,,1.0,exact,
fpl-player-44,Leon Bailey,44,,,,1.0,exact,
fpl-player-45,John McGinn,45,,,,1.0,exact,
fpl-player-46,Ross Barkley,46,,,,1.0,exact,
fpl-player-47,Boubacar Kamara,47,,,,1.0,exact,
fpl-player-48,Amadou Onana,48,,,,1.0,exact,
fpl-player-49,Samuel Iling-Junior,49,,,,1.0,exact,
fpl-player-50,Bradley Burrowes,50,,,,1.0,exact,
fpl-player-51,George Hemmings,51,,,,1.0,exact,
fpl-player-52,Alysson Edward Franco da Rocha dos Santos,52,,,,1.0,exact,
fpl-player-53,Johan Manzambi,53,,,,1.0,exact,
fpl-player-54,Joao Gomes,54,,,,1.0,exact,
fpl-player-55,Ollie Watkins,55,,,,1.0,exact,
fpl-player-56,Tammy Abraham,56,,,,1.0,exact,
fpl-player-160,Alejandro Garnacho Ferreyra,160,,,,1.0,exact,
fpl-player-582,Brian Madjo,582,,,,1.0,exact,
fpl-player-596,Matteo Ruggeri,596,,,,1.0,exact,
fpl-player-597,Zion Suzuki,597,,,,1.0,exact,
fpl-player-606,Triston Rowe,606,,,,1.0,exact,
fpl-player-607,Luka Lynch,607,,,,1.0,exact,
fpl-player-57,Đorđe Petrović,57,,,,1.0,exact,
fpl-player-58,Fraser Forster,58,,,,1.0,exact,
fpl-player-59,Will Dennis,59,,,,1.0,exact,
fpl-player-60,James Hill,60,,,,1.0,exact,
fpl-player-61,Adrien Truffert,61,,,,1.0,exact,
fpl-player-62,Bafodé Diakité,62,,,,1.0,exact,
fpl-player-63,Veljko Milosavljevic,63,,,,1.0,exact,
fpl-player-64,Adam Smith,64,,,,1.0,exact,
fpl-player-65,Julián Araujo Zúñiga,65,,,,1.0,exact,
fpl-player-66,Julio Soler Barreto,66,,,,1.0,exact,
fpl-player-67,Rayan Vitor Simplício Rocha,67,,,,1.0,exact,
fpl-player-68,Marcus Tavernier,68,,,,1.0,exact,
fpl-player-69,Alex Scott,69,,,,1.0,exact,
fpl-player-70,Justin Kluivert,70,,,,1.0,exact,
fpl-player-71,Lewis Cook,71,,,,1.0,exact,
fpl-player-72,Ben Gannon-Doak,72,,,,1.0,exact,
fpl-player-73,Tyler Adams,73,,,,1.0,exact,
fpl-player-74,David Brooks,74,,,,1.0,exact,
fpl-player-75,Ryan Christie,75,,,,1.0,exact,
fpl-player-76,Alex Tóth,76,,,,1.0,exact,
fpl-player-77,Amine Adli,77,,,,1.0,exact,
fpl-player-78,Junior Kroupi,78,,,,1.0,exact,
fpl-player-79,Francisco Evanilson de Lima Barbosa,79,,,,1.0,exact,
fpl-player-80,Enes Ünal,80,,,,1.0,exact,
fpl-player-81,Álvaro Rodríguez,81,,,,1.0,exact,
fpl-player-566,António João Pereira de Albuquerque Tavares da Silva,566,,,,1.0,exact,
fpl-player-573,Juanlu Sánchez,573,,,,1.0,exact,
fpl-player-608,Daniel Jebbison,608,,,,1.0,exact,
fpl-player-82,Caoimhín Kelleher,82,,,,1.0,exact,
fpl-player-83,Hákon Rafn Valdimarsson,83,,,,1.0,exact,
fpl-player-84,Nathan Collins,84,,,,1.0,exact,
fpl-player-85,Sepp van den Berg,85,,,,1.0,exact,
fpl-player-86,Keane Lewis-Potter,86,,,,1.0,exact,
fpl-player-87,Kristoffer Ajer,87,,,,1.0,exact,
fpl-player-88,Michael Kayode,88,,,,1.0,exact,
fpl-player-89,Rico Henry,89,,,,1.0,exact,
fpl-player-90,Aaron Hickey,90,,,,1.0,exact,
fpl-player-91,Ethan Pinnock,91,,,,1.0,exact,
fpl-player-92,Kim Ji-soo,92,,,,1.0,exact,
fpl-player-93,Jannik Schuster,93,,,,1.0,exact,
fpl-player-94,Kevin Schade,94,,,,1.0,exact,
fpl-player-95,Dango Ouattara,95,,,,1.0,exact,
fpl-player-96,Mikkel Damsgaard,96,,,,1.0,exact,
fpl-player-97,Mathias Jensen,97,,,,1.0,exact,
fpl-player-98,Vitaly Janelt,98,,,,1.0,exact,
fpl-player-99,Antoni Milambo,99,,,,1.0,exact,
fpl-player-100,Fábio Freitas Gouveia Carvalho,100,,,,1.0,exact,
fpl-player-102,Yehor Yarmoliuk,102,,,,1.0,exact,
fpl-player-103,Josh Dasilva,103,,,,1.0,exact,
fpl-player-105,Jaidon Anthony,105,,,,1.0,exact,
fpl-player-106,Igor Thiago Nascimento Rodrigues,106,,,,1.0,exact,
fpl-player-107,Kaye Furo,107,,,,1.0,exact,
fpl-player-108,Callum Wilson,108,,,,1.0,exact,
fpl-player-565,Mamadou Sangaré,565,,,,1.0,exact,
fpl-player-109,Bart Verbruggen,109,,,,1.0,exact,
fpl-player-111,Jason Steele,111,,,,1.0,exact,
fpl-player-113,Ferdi Kadıoğlu,113,,,,1.0,exact,
fpl-player-114,Olivier Boscagli,114,,,,1.0,exact,
fpl-player-115,Maxim De Cuyper,115,,,,1.0,exact,
fpl-player-116,Lewis Dunk,116,,,,1.0,exact,
fpl-player-117,Diego Coppola,117,,,,1.0,exact,
fpl-player-118,Igor Julio dos Santos de Paulo,118,,,,1.0,exact,
fpl-player-119,João Pedro Loureiro da Costa,119,,,,1.0,exact,
fpl-player-120,Michael Svoboda,120,,,,1.0,exact,
fpl-player-121,Mitoma Kaoru,121,,,,1.0,exact,
fpl-player-122,Yankuba Minteh,122,,,,1.0,exact,
fpl-player-123,Jack Hinshelwood,123,,,,1.0,exact,
fpl-player-124,Pascal Groß,124,,,,1.0,exact,
fpl-player-125,Georginio Rutter,125,,,,1.0,exact,
fpl-player-126,Matt O'Riley,126,,,,1.0,exact,
fpl-player-127,Diego Gómez Amarilla,127,,,,1.0,exact,
fpl-player-128,Facundo Buonanotte,128,,,,1.0,exact,
fpl-player-129,Yasin Ayari,129,,,,1.0,exact,
fpl-player-130,Mats Wieffer,130,,,,1.0,exact,
fpl-player-131,Carlos Baleba,131,,,,1.0,exact,
fpl-player-132,Harry Howell,132,,,,1.0,exact,
fpl-player-133,Tom Watson,133,,,,1.0,exact,
fpl-player-134,Nehemiah Oriola,134,,,,1.0,exact,
fpl-player-135,Zadok Yohanna,135,,,,1.0,exact,
fpl-player-137,Stefanos Tzimas,137,,,,1.0,exact,
fpl-player-138,Charalampos Kostoulas,138,,,,1.0,exact,
fpl-player-139,Evan Ferguson,139,,,,1.0,exact,
fpl-player-328,Pascal Struijk,328,,,,1.0,exact,
fpl-player-504,Luka Vušković,504,,,,1.0,exact,
fpl-player-594,Promise David,594,,,,1.0,exact,
fpl-player-600,Ibrahim Osman,600,,,,1.0,exact,
fpl-player-605,Malick Yalcouyé,605,,,,1.0,exact,
fpl-player-40,Morgan Rogers,40,,,,1.0,exact,
fpl-player-101,Jordan Henderson,101,,,,1.0,exact,
fpl-player-136,Danny Welbeck,136,,,,1.0,exact,
fpl-player-140,Robert Lynch Sánchez,140,,,,1.0,exact,
fpl-player-141,Filip Jörgensen,141,,,,1.0,exact,
fpl-player-142,Reece James,142,,,,1.0,exact,
fpl-player-143,Trevoh Chalobah,143,,,,1.0,exact,
fpl-player-144,Malo Gusto,144,,,,1.0,exact,
fpl-player-145,Wesley Fofana,145,,,,1.0,exact,
fpl-player-146,Benoît Badiashile Mukinayi,146,,,,1.0,exact,
fpl-player-147,Tosin Adarabioyo,147,,,,1.0,exact,
fpl-player-148,Jorrel Hato,148,,,,1.0,exact,
fpl-player-149,Levi Samuels Colwill,149,,,,1.0,exact,
fpl-player-150,Mamadou Sarr,150,,,,1.0,exact,
fpl-player-151,Josh Acheampong,151,,,,1.0,exact,
fpl-player-152,Marco Palestra,152,,,,1.0,exact,
fpl-player-153,Axel Disasi,153,,,,1.0,exact,
fpl-player-154,Cole Palmer,154,,,,1.0,exact,
fpl-player-155,Enzo Fernández,155,,,,1.0,exact,
fpl-player-156,Pedro Lomba Neto,156,,,,1.0,exact,
fpl-player-157,Estêvão Almeida de Oliveira Gonçalves,157,,,,1.0,exact,
fpl-player-158,Jamie Bynoe-Gittens,158,,,,1.0,exact,
fpl-player-159,Moisés Caicedo Corozo,159,,,,1.0,exact,
fpl-player-161,Roméo Lavia,161,,,,1.0,exact,
fpl-player-163,Dário Luís Essugo,163,,,,1.0,exact,
fpl-player-164,Geovany Quenda,164,,,,1.0,exact,
fpl-player-165,João Pedro Junqueira de Jesus,165,,,,1.0,exact,
fpl-player-166,Nicolas Jackson,166,,,,1.0,exact,
fpl-player-167,Liam Delap,167,,,,1.0,exact,
fpl-player-168,Marc Guiu Paz,168,,,,1.0,exact,
fpl-player-169,Shumaira Mheuka,169,,,,1.0,exact,
fpl-player-170,Emmanuel Emegha,170,,,,1.0,exact,
fpl-player-200,Maxence Lacroix,200,,,,1.0,exact,
fpl-player-560,Mike Penders,560,,,,1.0,exact,
fpl-player-561,Aaron Anselmino,561,,,,1.0,exact,
fpl-player-568,Valentín Barco,568,,,,1.0,exact,
fpl-player-578,Mykhailo Mudryk,578,,,,1.0,exact,
fpl-player-583,Pep Chavarría,583,,,,1.0,exact,
fpl-player-104,Frank Onyeka,104,,,,1.0,exact,
fpl-player-110,Carl Rushworth,110,,,,1.0,exact,
fpl-player-171,Oliver Dovin,171,,,,1.0,exact,
fpl-player-172,Ben Wilson,172,,,,1.0,exact,
fpl-player-173,Bobby Thomas,173,,,,1.0,exact,
fpl-player-174,Liam Kitching,174,,,,1.0,exact,
fpl-player-175,Milan van Ewijk,175,,,,1.0,exact,
fpl-player-176,Jay Dasilva,176,,,,1.0,exact,
fpl-player-177,Kaine Kesler-Hayden,177,,,,1.0,exact,
fpl-player-178,Jake Bidwell,178,,,,1.0,exact,
fpl-player-179,Joel Latibeaudiere,179,,,,1.0,exact,
fpl-player-180,Luke Woolfenden,180,,,,1.0,exact,
fpl-player-181,Miguel Brau,181,,,,1.0,exact,
fpl-player-182,Aurèle Amenda,182,,,,1.0,exact,
fpl-player-183,Jack Rudoni,183,,,,1.0,exact,
fpl-player-184,Matt Grimes,184,,,,1.0,exact,
fpl-player-185,Tatsuhiro Sakamoto,185,,,,1.0,exact,
fpl-player-186,Ephron Mason-Clark,186,,,,1.0,exact,
fpl-player-187,Josh Eccles,187,,,,1.0,exact,
fpl-player-188,Victor Torp,188,,,,1.0,exact,
fpl-player-189,George Shepherd,189,,,,1.0,exact,
fpl-player-190,Loum Tchaouna,190,,,,1.0,exact,
fpl-player-191,Raphael Borges Rodrigues,191,,,,1.0,exact,
fpl-player-192,Kaine Andrews,192,,,,1.0,exact,
fpl-player-193,Haji Wright,193,,,,1.0,exact,
fpl-player-194,Brandon Thomas-Asante,194,,,,1.0,exact,
fpl-player-195,Ellis Simms,195,,,,1.0,exact,
fpl-player-196,Jahnoah Markelo,196,,,,1.0,exact,
fpl-player-197,Norman Bassette,197,,,,1.0,exact,
fpl-player-492,Taiwo Awoniyi,492,,,,1.0,exact,
fpl-player-575,Caleb Yirenkyi,575,,,,1.0,exact,
fpl-player-584,Gustavo Hamer,584,,,,1.0,exact,
fpl-player-599,Sidiki Cherif,599,,,,1.0,exact,
fpl-player-42,Evann Guessand,42,,,,1.0,exact,
fpl-player-198,Dean Henderson,198,,,,1.0,exact,
fpl-player-199,Walter Benítez,199,,,,1.0,exact,
fpl-player-201,Daniel Muñoz Mejía,201,,,,1.0,exact,
fpl-player-202,Chris Richards,202,,,,1.0,exact,
fpl-player-203,Jaydee Canvot,203,,,,1.0,exact,
fpl-player-204,Tyrick Mitchell,204,,,,1.0,exact,
fpl-player-205,Borna Sosa,205,,,,1.0,exact,
fpl-player-206,Chadi Riad Dnanou,206,,,,1.0,exact,
fpl-player-207,Oscar Mingueza,207,,,,1.0,exact,
fpl-player-208,Ismaïla Sarr,208,,,,1.0,exact,
fpl-player-210,Adam Wharton,210,,,,1.0,exact,
fpl-player-211,Yéremy Pino Santos,211,,,,1.0,exact,
fpl-player-212,Will Hughes,212,,,,1.0,exact,
fpl-player-213,Jefferson Lerma Solís,213,,,,1.0,exact,
fpl-player-214,Daichi Kamada,214,,,,1.0,exact,
fpl-player-215,Justin Devenny,215,,,,1.0,exact,
fpl-player-216,Romain Esse,216,,,,1.0,exact,
fpl-player-217,Matheus França de Oliveira,217,,,,1.0,exact,
fpl-player-218,Cheick Doucouré,218,,,,1.0,exact,
fpl-player-219,Jesurun Rak-Sakyi,219,,,,1.0,exact,
fpl-player-220,Rio Cardines,220,,,,1.0,exact,
fpl-player-221,Joél Drakes-Thomas,221,,,,1.0,exact,
fpl-player-222,Jørgen Strand Larsen,222,,,,1.0,exact,
fpl-player-223,Jean-Philippe Mateta,223,,,,1.0,exact,
fpl-player-224,Eddie Nketiah,224,,,,1.0,exact,
fpl-player-225,Christantus Uche,225,,,,1.0,exact,
fpl-player-241,Dwight McNeil,241,,,,1.0,exact,
fpl-player-555,Remi Matthews,555,,,,1.0,exact,
fpl-player-577,Takehiro Tomiyasu,577,,,,1.0,exact,
fpl-player-588,Anan Khalaili,588,,,,1.0,exact,
fpl-player-595,Zavier Gozo,595,,,,1.0,exact,
fpl-player-21,Christian Nørgaard,21,,,,1.0,exact,
fpl-player-209,Brennan Johnson,209,,,,1.0,exact,
fpl-player-226,Jordan Pickford,226,,,,1.0,exact,
fpl-player-227,Mark Travers,227,,,,1.0,exact,
fpl-player-228,Tom King,228,,,,1.0,exact,
fpl-player-229,James Tarkowski,229,,,,1.0,exact,
fpl-player-230,Jarrad Branthwaite,230,,,,1.0,exact,
fpl-player-231,Michael Keane,231,,,,1.0,exact,
fpl-player-232,Jake O'Brien,232,,,,1.0,exact,
fpl-player-233,Vitalii Mykolenko,233,,,,1.0,exact,
fpl-player-234,Nathan Patterson,234,,,,1.0,exact,
fpl-player-235,Adam Aznou,235,,,,1.0,exact,
fpl-player-236,Kiernan Dewsbury-Hall,236,,,,1.0,exact,
fpl-player-237,Iliman Ndiaye,237,,,,1.0,exact,
fpl-player-239,James Garner,239,,,,1.0,exact,
fpl-player-240,Tim Iroegbunam,240,,,,1.0,exact,
fpl-player-242,Tyrique George,242,,,,1.0,exact,
fpl-player-243,Carlos Alcaraz Durán,243,,,,1.0,exact,
fpl-player-244,Harrison Armstrong,244,,,,1.0,exact,
fpl-player-245,Tyler Dibling,245,,,,1.0,exact,
fpl-player-246,Merlin Röhl,246,,,,1.0,exact,
fpl-player-247,Hayden Hackney,247,,,,1.0,exact,
fpl-player-248,Norberto Bercique Gomes Betuncal,248,,,,1.0,exact,
fpl-player-249,Thierno Barry,249,,,,1.0,exact,
fpl-player-250,Bernd Leno,250,,,,1.0,exact,
fpl-player-251,Benjamin Lecomte,251,,,,1.0,exact,
fpl-player-252,Alfie McNally,252,,,,1.0,exact,
fpl-player-253,Joachim Andersen,253,,,,1.0,exact,
fpl-player-254,Antonee Robinson,254,,,,1.0,exact,
fpl-player-255,Jorge Cuenca Barreno,255,,,,1.0,exact,
fpl-player-256,Kenny Tete,256,,,,1.0,exact,
fpl-player-257,Calvin Bassey,257,,,,1.0,exact,
fpl-player-258,Timothy Castagne,258,,,,1.0,exact,
fpl-player-261,Alex Iwobi,261,,,,1.0,exact,
fpl-player-262,Emile Smith Rowe,262,,,,1.0,exact,
fpl-player-263,Kevin Santos Lopes de Macedo,263,,,,1.0,exact,
fpl-player-264,Oscar Bobb,264,,,,1.0,exact,
fpl-player-265,Sander Berge,265,,,,1.0,exact,
fpl-player-266,Tom Cairney,266,,,,1.0,exact,
fpl-player-268,Josh King,268,,,,1.0,exact,
fpl-player-269,Ryan Sessegnon,269,,,,1.0,exact,
fpl-player-270,Harrison Reed,270,,,,1.0,exact,
fpl-player-271,Rodrigo Muniz Carvalho,271,,,,1.0,exact,
fpl-player-272,Jonah Kusi-Asare,272,,,,1.0,exact,
fpl-player-569,Gonzalo García,569,,,,1.0,exact,
fpl-player-570,César Palacios,570,,,,1.0,exact,
fpl-player-580,Shea Charles,580,,,,1.0,exact,
fpl-player-273,Dillon Phillips,273,,,,1.0,exact,
fpl-player-274,Jack Butland,274,,,,1.0,exact,
fpl-player-275,Harvey Cartwright,275,,,,1.0,exact,
fpl-player-276,Thimothée Lo-Tutala,276,,,,1.0,exact,
fpl-player-277,John Egan,277,,,,1.0,exact,
fpl-player-278,Charlie Hughes,278,,,,1.0,exact,
fpl-player-279,Semi Ajayi,279,,,,1.0,exact,
fpl-player-280,Lewie Coyle,280,,,,1.0,exact,
fpl-player-281,Cody Drameh,281,,,,1.0,exact,
fpl-player-282,Ryan Giles,282,,,,1.0,exact,
fpl-player-283,Matty Jacob,283,,,,1.0,exact,
fpl-player-284,Cathal McCarthy,284,,,,1.0,exact,
fpl-player-285,Paddy McNair,285,,,,1.0,exact,
fpl-player-286,Mohamed Belloumi,286,,,,1.0,exact,
fpl-player-287,Liam Millar,287,,,,1.0,exact,
fpl-player-288,Kieran Dowell,288,,,,1.0,exact,
fpl-player-289,Matt Crooks,289,,,,1.0,exact,
fpl-player-290,Regan Slater,290,,,,1.0,exact,
fpl-player-291,Eliot Matazo,291,,,,1.0,exact,
fpl-player-292,Abdülkadir Ömür,292,,,,1.0,exact,
fpl-player-293,Abu Kamara,293,,,,1.0,exact,
fpl-player-294,Óscar Zambrano,294,,,,1.0,exact,
fpl-player-295,Oli McBurnie,295,,,,1.0,exact,
fpl-player-296,David Akintola,296,,,,1.0,exact,
fpl-player-297,Darko Gyabi,297,,,,1.0,exact,
fpl-player-298,Enis Destan,298,,,,1.0,exact,
fpl-player-299,Mason Burstow,299,,,,1.0,exact,
fpl-player-340,Joe Gelhardt,340,,,,1.0,exact,
fpl-player-556,Matt Targett,556,,,,1.0,exact,
fpl-player-563,Hidemasa Morita,563,,,,1.0,exact,
fpl-player-572,Konstantinos Tzolakis,572,,,,1.0,exact,
fpl-player-574,Jens Hjertø-Dahl,574,,,,1.0,exact,
fpl-player-576,Elliot Stroud,576,,,,1.0,exact,
fpl-player-585,Lucas Herrington,585,,,,1.0,exact,
fpl-player-586,Nobel Mendy,586,,,,1.0,exact,
fpl-player-589,Lucas Gourna-Douath,589,,,,1.0,exact,
fpl-player-259,Issa Diop,259,,,,1.0,exact,
fpl-player-267,Saša Lukić,267,,,,1.0,exact,
fpl-player-300,Christian Walton,300,,,,1.0,exact,
fpl-player-301,Alex Palmer,301,,,,1.0,exact,
fpl-player-302,David Button,302,,,,1.0,exact,
fpl-player-303,Cédric Kipré,303,,,,1.0,exact,
fpl-player-304,Dara O'Shea,304,,,,1.0,exact,
fpl-player-305,Leif Davis,305,,,,1.0,exact,
fpl-player-306,Jacob Greaves,306,,,,1.0,exact,
fpl-player-307,Ben Johnson,307,,,,1.0,exact,
fpl-player-308,Darnell Furlong,308,,,,1.0,exact,
fpl-player-309,Marcelino Núñez,309,,,,1.0,exact,
fpl-player-310,Azor Matusiwa,310,,,,1.0,exact,
fpl-player-311,Wes Burns,311,,,,1.0,exact,
fpl-player-312,Jack Taylor,312,,,,1.0,exact,
fpl-player-313,Jack Clarke,313,,,,1.0,exact,
fpl-player-314,Chiedozie Ogbene,314,,,,1.0,exact,
fpl-player-315,Abdul Fatawu,315,,,,1.0,exact,
fpl-player-316,Emersonn Correia da Silva,316,,,,1.0,exact,
fpl-player-317,George Hirst,317,,,,1.0,exact,
fpl-player-318,Jaden Philogene,318,,,,1.0,exact,
fpl-player-319,Sam Szmodics,319,,,,1.0,exact,
fpl-player-320,Chuba Akpom,320,,,,1.0,exact,
fpl-player-321,Sindre Walle Egeli,321,,,,1.0,exact,
fpl-player-322,Ali Al-Hamadi,322,,,,1.0,exact,
fpl-player-323,Kasey McAteer,323,,,,1.0,exact,
fpl-player-324,Anis Mehmeti,324,,,,1.0,exact,
fpl-player-554,Kayne van Oevelen,554,,,,1.0,exact,
fpl-player-562,Daizen Maeda,562,,,,1.0,exact,
fpl-player-564,Kjell Scherpen,564,,,,1.0,exact,
fpl-player-571,Florentino Ibrain Morris Luís,571,,,,1.0,exact,
fpl-player-591,Julio Enciso,591,,,,1.0,exact,
fpl-player-592,Abdoul Ouattara,592,,,,1.0,exact,
fpl-player-602,Cameron Humphreys,602,,,,1.0,exact,
fpl-player-260,Harry Wilson,260,,,,1.0,exact,
fpl-player-326,Lucas Estella Perri,326,,,,1.0,exact,
fpl-player-327,Jaka Bijol,327,,,,1.0,exact,
fpl-player-329,Joe Rodon,329,,,,1.0,exact,
fpl-player-330,Jayden Bogle,330,,,,1.0,exact,
fpl-player-331,Gabriel Gudmundsson,331,,,,1.0,exact,
fpl-player-332,James Justin,332,,,,1.0,exact,
fpl-player-333,Sebastiaan Bornauw,333,,,,1.0,exact,
fpl-player-334,Tarik Muharemović,334,,,,1.0,exact,
fpl-player-335,Anton Stach,335,,,,1.0,exact,
fpl-player-336,Noah Okafor,336,,,,1.0,exact,
fpl-player-337,Brenden Aaronson,337,,,,1.0,exact,
fpl-player-338,Ethan Ampadu,338,,,,1.0,exact,
fpl-player-339,Sean Longstaff,339,,,,1.0,exact,
fpl-player-341,Wilfried Gnonto,341,,,,1.0,exact,
fpl-player-342,Jack Harrison,342,,,,1.0,exact,
fpl-player-343,Daniel James,343,,,,1.0,exact,
fpl-player-344,Ilia Gruev,344,,,,1.0,exact,
fpl-player-345,Tanaka Ao,345,,,,1.0,exact,
fpl-player-346,Dominic Calvert-Lewin,346,,,,1.0,exact,
fpl-player-347,Lukas Nmecha,347,,,,1.0,exact,
fpl-player-348,Joël Piroe,348,,,,1.0,exact,
fpl-player-349,Mateo Joseph Fernández-Regatillo,349,,,,1.0,exact,
fpl-player-385,James Trafford,385,,,,1.0,exact,
fpl-player-598,Nico Elvedi,598,,,,1.0,exact,
fpl-player-603,Jayden Lienou,603,,,,1.0,exact,
fpl-player-604,Alfie Cresswell,604,,,,1.0,exact,
fpl-player-350,Alisson Becker,350,,,,1.0,exact,
fpl-player-351,Giorgi Mamardashvili,351,,,,1.0,exact,
fpl-player-352,Freddie Woodman,352,,,,1.0,exact,
fpl-player-353,Armin Pecsi,353,,,,1.0,exact,
fpl-player-354,Vitezslav Jaros,354,,,,1.0,exact,
fpl-player-355,Harvey Davies,355,,,,1.0,exact,
fpl-player-356,Virgil van Dijk,356,,,,1.0,exact,
fpl-player-357,Jeremie Frimpong,357,,,,1.0,exact,
fpl-player-358,Milos Kerkez,358,,,,1.0,exact,
fpl-player-359,Joe Gomez,359,,,,1.0,exact,
fpl-player-360,Conor Bradley,360,,,,1.0,exact,
fpl-player-361,Wellity Lucky,361,,,,1.0,exact,
fpl-player-362,Jeremy Jacquet,362,,,,1.0,exact,
fpl-player-363,Giovanni Leoni,363,,,,1.0,exact,
fpl-player-364,Kostas Tsimikas,364,,,,1.0,exact,
fpl-player-365,Calvin Ramsay,365,,,,1.0,exact,
fpl-player-366,Florian Wirtz,366,,,,1.0,exact,
fpl-player-367,Cody Gakpo,367,,,,1.0,exact,
fpl-player-368,Dominik Szoboszlai,368,,,,1.0,exact,
fpl-player-369,Rio Ngumoha,369,,,,1.0,exact,
fpl-player-370,Federico Chiesa,370,,,,1.0,exact,
fpl-player-371,Ryan Gravenberch,371,,,,1.0,exact,
fpl-player-372,Alexis Mac Allister,372,,,,1.0,exact,
fpl-player-373,Curtis Jones,373,,,,1.0,exact,
fpl-player-374,Endo Wataru,374,,,,1.0,exact,
fpl-player-375,Trey Nyoni,375,,,,1.0,exact,
fpl-player-376,Stefan Bajčetić Maquieira,376,,,,1.0,exact,
fpl-player-377,Victor Munoz,377,,,,1.0,exact,
fpl-player-378,James McConnell,378,,,,1.0,exact,
fpl-player-379,Alexander Isak,379,,,,1.0,exact,
fpl-player-380,Hugo Ekitiké,380,,,,1.0,exact,
fpl-player-381,Lewis Koumas,381,,,,1.0,exact,
fpl-player-382,Jayden Danns,382,,,,1.0,exact,
fpl-player-383,Harvey Elliott,383,,,,1.0,exact,
fpl-player-579,Ronald Araujo,579,,,,1.0,exact,
fpl-player-238,Jack Grealish,238,,,,1.0,exact,
fpl-player-384,Gianluigi Donnarumma,384,,,,1.0,exact,
fpl-player-386,Marcus Bettinelli,386,,,,1.0,exact,
fpl-player-387,Nico O'Reilly,387,,,,1.0,exact,
fpl-player-388,Marc Guéhi,388,,,,1.0,exact,
fpl-player-389,Matheus Nunes,389,,,,1.0,exact,
fpl-player-390,Rúben dos Santos Gato Alves Dias,390,,,,1.0,exact,
fpl-player-391,Joško Gvardiol,391,,,,1.0,exact,
fpl-player-392,Rayan Aït-Nouri,392,,,,1.0,exact,
fpl-player-393,Abdukodir Khusanov,393,,,,1.0,exact,
fpl-player-394,Max Alleyne,394,,,,1.0,exact,
fpl-player-395,Rico Lewis,395,,,,1.0,exact,
fpl-player-396,Vitor de Oliveira Nunes dos Reis,396,,,,1.0,exact,
fpl-player-397,Antoine Semenyo,397,,,,1.0,exact,
fpl-player-398,Phil Foden,398,,,,1.0,exact,
fpl-player-399,Rayan Cherki,399,,,,1.0,exact,
fpl-player-400,Jérémy Doku,400,,,,1.0,exact,
fpl-player-401,Omar Marmoush,401,,,,1.0,exact,
fpl-player-402,Rodrigo 'Rodri' Hernandez Cascante,402,,,,1.0,exact,
fpl-player-403,Sávio Moreira de Oliveira,403,,,,1.0,exact,
fpl-player-404,Tijjani Reijnders,404,,,,1.0,exact,
fpl-player-405,Nico González Iglesias,405,,,,1.0,exact,
fpl-player-406,Mateo Kovačić,406,,,,1.0,exact,
fpl-player-407,Claudio Echeverri,407,,,,1.0,exact,
fpl-player-408,Kalvin Phillips,408,,,,1.0,exact,
fpl-player-409,Divine Mukasa,409,,,,1.0,exact,
fpl-player-410,Jeremy Monga,410,,,,1.0,exact,
fpl-player-411,Erling Haaland,411,,,,1.0,exact,
fpl-player-481,Elliot Anderson,481,,,,1.0,exact,
fpl-player-587,Gerónimo Rulli,587,,,,1.0,exact,
fpl-player-43,Youri Tielemans,43,,,,1.0,exact,
fpl-player-162,Andrey Nascimento dos Santos,162,,,,1.0,exact,
fpl-player-325,Karl Darlow,325,,,,1.0,exact,
fpl-player-412,Senne Lammens,412,,,,1.0,exact,
fpl-player-413,Altay Bayındır,413,,,,1.0,exact,
fpl-player-414,Tom Heaton,414,,,,1.0,exact,
fpl-player-415,Patrick Dorgu,415,,,,1.0,exact,
fpl-player-416,Matthijs de Ligt,416,,,,1.0,exact,
fpl-player-417,Diogo Dalot Teixeira,417,,,,1.0,exact,
fpl-player-418,Harry Maguire,418,,,,1.0,exact,
fpl-player-419,Lisandro Martínez,419,,,,1.0,exact,
fpl-player-420,Leny Yoro,420,,,,1.0,exact,
fpl-player-421,Ayden Heaven,421,,,,1.0,exact,
fpl-player-422,Noussair Mazraoui,422,,,,1.0,exact,
fpl-player-423,Luke Shaw,423,,,,1.0,exact,
fpl-player-424,Harry Amass,424,,,,1.0,exact,
fpl-player-425,Tyler Fredricson,425,,,,1.0,exact,
fpl-player-426,Bruno Borges Fernandes,426,,,,1.0,exact,
fpl-player-427,Bryan Mbeumo,427,,,,1.0,exact,
fpl-player-428,Matheus Santos Carneiro da Cunha,428,,,,1.0,exact,
fpl-player-429,Marcus Rashford,429,,,,1.0,exact,
fpl-player-430,Mason Mount,430,,,,1.0,exact,
fpl-player-431,Amad Diallo,431,,,,1.0,exact,
fpl-player-432,Kobbie Mainoo,432,,,,1.0,exact,
fpl-player-433,Manuel Ugarte Ribeiro,433,,,,1.0,exact,
fpl-player-434,Jack Fletcher,434,,,,1.0,exact,
fpl-player-435,Shea Lacey,435,,,,1.0,exact,
fpl-player-436,Toby Collyer,436,,,,1.0,exact,
fpl-player-437,Bendito Mantato,437,,,,1.0,exact,
fpl-player-438,Tyler Fletcher,438,,,,1.0,exact,
fpl-player-439,Benjamin Sesko,439,,,,1.0,exact,
fpl-player-440,Joshua Zirkzee,440,,,,1.0,exact,
fpl-player-441,Chido Obi,441,,,,1.0,exact,
fpl-player-442,Nick Pope,442,,,,1.0,exact,
fpl-player-443,Mark Gillespie,443,,,,1.0,exact,
fpl-player-444,Ewen Jaouen,444,,,,1.0,exact,
fpl-player-445,Malick Thiaw,445,,,,1.0,exact,
fpl-player-446,Fabian Schär,446,,,,1.0,exact,
fpl-player-447,Sven Botman,447,,,,1.0,exact,
fpl-player-448,Dan Burn,448,,,,1.0,exact,
fpl-player-449,Lewis Hall,449,,,,1.0,exact,
fpl-player-450,Tino Livramento,450,,,,1.0,exact,
fpl-player-451,Alex Murphy,451,,,,1.0,exact,
fpl-player-453,Harvey Barnes,453,,,,1.0,exact,
fpl-player-454,Anthony Elanga,454,,,,1.0,exact,
fpl-player-456,Jacob Ramsey,456,,,,1.0,exact,
fpl-player-457,Jacob Murphy,457,,,,1.0,exact,
fpl-player-458,Joelinton Cássio Apolinário de Lira,458,,,,1.0,exact,
fpl-player-459,Lewis Miley,459,,,,1.0,exact,
fpl-player-460,Joe Willock,460,,,,1.0,exact,
fpl-player-461,Bazoumana Touré,461,,,,1.0,exact,
fpl-player-462,Sean Steur,462,,,,1.0,exact,
fpl-player-463,Nick Woltemade,463,,,,1.0,exact,
fpl-player-464,Yoane Wissa,464,,,,1.0,exact,
fpl-player-465,William Osula,465,,,,1.0,exact,
fpl-player-466,Sean Neave,466,,,,1.0,exact,
fpl-player-559,Aladji Bamba,559,,,,1.0,exact,
fpl-player-567,Lukás Hornícek,567,,,,1.0,exact,
fpl-player-593,Amar Dedic,593,,,,1.0,exact,
fpl-player-609,Leo Shahar,609,,,,1.0,exact,
fpl-player-467,Matz Sels,467,,,,1.0,exact,
fpl-player-468,John Victor Maciel Furtado,468,,,,1.0,exact,
fpl-player-469,Neco Williams,469,,,,1.0,exact,
fpl-player-470,Felipe Rodrigues da Silva,470,,,,1.0,exact,
fpl-player-471,Nikola Milenković,471,,,,1.0,exact,
fpl-player-472,Murillo Costa dos Santos,472,,,,1.0,exact,
fpl-player-473,Ola Aina,473,,,,1.0,exact,
fpl-player-474,Jair Paula da Cunha Filho,474,,,,1.0,exact,
fpl-player-475,Nicolò Savona,475,,,,1.0,exact,
fpl-player-476,Omar Richards,476,,,,1.0,exact,
fpl-player-477,Zach Abbott,477,,,,1.0,exact,
fpl-player-478,Luca Netz,478,,,,1.0,exact,
fpl-player-479,Tyler Bindon,479,,,,1.0,exact,
fpl-player-480,Morgan Gibbs-White,480,,,,1.0,exact,
fpl-player-482,Callum Hudson-Odoi,482,,,,1.0,exact,
fpl-player-483,Dan Ndoye,483,,,,1.0,exact,
fpl-player-484,Omari Hutchinson,484,,,,1.0,exact,
fpl-player-485,Dilane Bakwa,485,,,,1.0,exact,
fpl-player-486,James McAtee,486,,,,1.0,exact,
fpl-player-487,Nicolás Domínguez,487,,,,1.0,exact,
fpl-player-488,Ibrahim Sangaré,488,,,,1.0,exact,
fpl-player-489,Ryan Yates,489,,,,1.0,exact,
fpl-player-490,Chris Wood,490,,,,1.0,exact,
fpl-player-491,Igor Jesus Maciel da Cruz,491,,,,1.0,exact,
fpl-player-493,Arnaud Kalimuendo,493,,,,1.0,exact,
fpl-player-558,Xaver Schlager,558,,,,1.0,exact,
fpl-player-581,Ousmane Diomande,581,,,,1.0,exact,
fpl-player-590,Steven Benda,590,,,,1.0,exact,
fpl-player-112,Jan Paul van Hecke,112,,,,1.0,exact,
fpl-player-455,Sandro Tonali,455,,,,1.0,exact,
fpl-player-494,Guglielmo Vicario,494,,,,1.0,exact,
fpl-player-495,Brandon Austin,495,,,,1.0,exact,
fpl-player-496,Antonín Kinský,496,,,,1.0,exact,
fpl-player-497,Martin Dubravka,497,,,,1.0,exact,
fpl-player-498,Marcos Senesi Barón,498,,,,1.0,exact,
fpl-player-499,Pedro Porro Sauceda,499,,,,1.0,exact,
fpl-player-500,Cristian Romero,500,,,,1.0,exact,
fpl-player-501,Kevin Danso,501,,,,1.0,exact,
fpl-player-502,Andrew Robertson,502,,,,1.0,exact,
fpl-player-503,Micky van de Ven,503,,,,1.0,exact,
fpl-player-505,Djed Spence,505,,,,1.0,exact,
fpl-player-506,Destiny Udogie,506,,,,1.0,exact,
fpl-player-507,Ashley Phillips,507,,,,1.0,exact,
fpl-player-508,Ben Davies,508,,,,1.0,exact,
fpl-player-509,Jun'ai Byfield,509,,,,1.0,exact,
fpl-player-510,James Rowswell,510,,,,1.0,exact,
fpl-player-511,João Victor de Souza Menezes,511,,,,1.0,exact,
fpl-player-512,Mohammed Kudus,512,,,,1.0,exact,
fpl-player-513,Xavi Simons,513,,,,1.0,exact,
fpl-player-514,Mathys Tel,514,,,,1.0,exact,
fpl-player-515,James Maddison,515,,,,1.0,exact,
fpl-player-516,Rodrigo Bentancur,516,,,,1.0,exact,
fpl-player-517,Wilson Odobert,517,,,,1.0,exact,
fpl-player-518,Pape Matar Sarr,518,,,,1.0,exact,
fpl-player-519,Conor Gallagher,519,,,,1.0,exact,
fpl-player-520,Lucas Bergvall,520,,,,1.0,exact,
fpl-player-521,Dejan Kulusevski,521,,,,1.0,exact,
fpl-player-522,Archie Gray,522,,,,1.0,exact,
fpl-player-523,Mikey Moore,523,,,,1.0,exact,
fpl-player-524,Callum Olusesi,524,,,,1.0,exact,
fpl-player-525,Mateus Fernandes,525,,,,1.0,exact,
fpl-player-526,Dominic Solanke-Mitchell,526,,,,1.0,exact,
fpl-player-527,Richarlison de Andrade,527,,,,1.0,exact,
fpl-player-528,Dane Scarlett,528,,,,1.0,exact,
fpl-player-601,Luca Williams-Barnett,601,,,,1.0,exact,
fpl-player-529,Robin Roefs,529,,,,1.0,exact,
fpl-player-530,Anthony Patterson,530,,,,1.0,exact,
fpl-player-531,Melker Ellborg,531,,,,1.0,exact,
fpl-player-532,Daniel Ballard,532,,,,1.0,exact,
fpl-player-533,Nordi Mukiele,533,,,,1.0,exact,
fpl-player-534,Trai Hume,534,,,,1.0,exact,
fpl-player-535,Omar Alderete,535,,,,1.0,exact,
fpl-player-536,Reinildo Mandava,536,,,,1.0,exact,
fpl-player-537,Jenson Seelt,537,,,,1.0,exact,
fpl-player-538,Leo Fuhr Hjelde,538,,,,1.0,exact,
fpl-player-539,Luke O'Nien,539,,,,1.0,exact,
fpl-player-540,Arthur Masuaku,540,,,,1.0,exact,
fpl-player-541,Thomas Meunier,541,,,,1.0,exact,
fpl-player-542,Enzo Le Fée,542,,,,1.0,exact,
fpl-player-543,Habib Diarra,543,,,,1.0,exact,
fpl-player-544,Granit Xhaka,544,,,,1.0,exact,
fpl-player-545,Noah Sadiki,545,,,,1.0,exact,
fpl-player-546,Simon Adingra,546,,,,1.0,exact,
fpl-player-547,Romaine Mundle,547,,,,1.0,exact,
fpl-player-548,Chris Rigg,548,,,,1.0,exact,
fpl-player-549,Chemsdine Talbi,549,,,,1.0,exact,
fpl-player-550,Djiamgone Jocelin Ta Bi,550,,,,1.0,exact,
fpl-player-551,Nilson Angulo,551,,,,1.0,exact,
fpl-player-552,Brian Brobbey,552,,,,1.0,exact,
fpl-player-553,Wilson Isidor,553,,,,1.0,exact,
fpl-player-610,Luc De Fougerolles,610,,,,1.0,exact,
