league,season,date,home_team_raw,away_team_raw,home_goals,away_goals,result,home_team_id,away_team_id,prob_home_proportional,prob_draw_proportional,prob_away_proportional,prob_home_shin,prob_draw_shin,prob_away_shin,shin_z,prob_over25_proportional,prob_under25_proportional,prob_over25_shin,prob_under25_shin
I1,1415,2014-08-30,Chievo,Juventus,0.0,1.0,A,,,0.1355172343310327,0.2435835417078306,0.6208992239611367,0.1278821618538316,0.23997305182794126,0.6321447863182271,0.026702998904511333,0.4761904761904762,0.5238095238095238,0.4747474747483622,0.5252525252516378
I1,1415,2014-08-30,Roma,Fiorentina,2.0,0.0,H,,,0.549183623496407,0.25887947374626274,0.19193690275733014,0.5576071257061225,0.25593922338259856,0.18645365091127905,0.026436829357407987,0.5132275132275131,0.48677248677248675,0.5140071716723167,0.4859928283276833
I1,1415,2014-08-31,Atalanta,Verona,0.0,0.0,D,,,0.44998175348964514,0.28897910774564367,0.2610391387647113,0.4550181511456555,0.2870563613191493,0.2579254875351952,0.029178183060139418,0.44619422572178474,0.5538057742782152,0.44284917758618875,0.5571508224138112
I1,1415,2014-08-31,Cesena,Parma,1.0,0.0,H,,,0.2966598259430761,0.30234659576946094,0.400993578287463,0.29512015867203717,0.30104416975782583,0.40383567157013706,0.028366416692733765,0.4066496163682865,0.5933503836317136,0.4010518325644492,0.5989481674355508
I1,1415,2014-08-31,Genoa,Napoli,1.0,2.0,A,,,0.24985890867241362,0.2802571735257339,0.46988391780185246,0.24623002062476157,0.27793285466546863,0.4758371247097698,0.02947733737528324,0.4814814814814815,0.5185185185185185,0.4803767660946392,0.5196232339053608
I1,1415,2014-08-31,Milan,Lazio,3.0,1.0,H,,,0.47542277052404996,0.28073926211954287,0.24383796735640714,0.4814282137322567,0.2785039701134826,0.24006781615426076,0.02857057680375874,0.4722955145118733,0.5277044854881265,0.47067039106305425,0.5293296089369458
I1,1415,2014-08-31,Palermo,Sampdoria,1.0,1.0,D,,,0.42938737188013454,0.2952038181675925,0.27540880995227285,0.43355753852332096,0.2935440022881714,0.2728984591885077,0.029333742568269372,0.4285714285714286,0.5714285714285715,0.42424242423297087,0.5757575757670291
I1,1415,2014-08-31,Sassuolo,Cagliari,1.0,1.0,D,,,0.4086021505376344,0.28091397849462363,0.31048387096774194,0.41191637088017446,0.2786110256599244,0.30947260345990113,0.02975938469171524,0.549738219895288,0.450261780104712,0.5526024363159369,0.44739756368406325
I1,1415,2014-08-31,Torino,Inter,0.0,0.0,D,,,0.30151137711206794,0.28864198906460165,0.4098466338233305,0.3001828116285343,0.2867811047577541,0.41303608361371164,0.028147399192675948,0.467018469656992,0.5329815303430079,0.4650388767684244,0.5349611232315755
I1,1415,2014-08-31,Udinese,Empoli,2.0,0.0,H,,,0.5232742802396765,0.27216277219362484,0.20456294756669857,0.5311437089263572,0.26959595579666995,0.19926033527697284,0.028061562101356685,0.4591029023746703,0.5408970976253298,0.4565461171848933,0.5434538828151066
I1,1415,2014-09-13,Empoli,Roma,0.0,1.0,A,,,0.15251678855389275,0.243244724309029,0.6042384871370783,0.14532525872903482,0.2395464534059283,0.6151282878650369,0.02738159103319049,0.5,0.5,0.5,0.5
I1,1415,2014-09-13,Juventus,Udinese,2.0,0.0,H,,,0.681543837916023,0.20594476841375478,0.11251139367022232,0.6959183564630693,0.20052988808845082,0.10355175544847978,0.02843333687633276,0.5171503957783641,0.48284960422163586,0.5181220029000937,0.4818779970999063
I1,1415,2014-09-14,Cagliari,Atalanta,1.0,2.0,A,,,0.4177632484785542,0.2830813653869606,0.2991553861344852,0.42117457501387734,0.28105366998312636,0.2977717550029963,0.027272426057606936,0.5473684210526316,0.4526315789473684,0.5503130590336057,0.4496869409663943
I1,1415,2014-09-14,Fiorentina,Genoa,0.0,0.0,D,,,0.6080633040095486,0.24136863975951547,0.15056805623093583,0.6191241409410247,0.23758656497458375,0.14328929408439153,0.027435149997472763,0.5238095238095238,0.4761904761904762,0.5252525252516378,0.4747474747483622
I1,1415,2014-09-14,Inter,Sassuolo,7.0,0.0,H,,,0.6495653178046487,0.22158069252214652,0.12885398967320477,0.6623547479027129,0.21694739960062803,0.1206978524966591,0.027695913100615144,0.5447368421052632,0.4552631578947368,0.547471447312235,0.4525285526877652
I1,1415,2014-09-14,Lazio,Cesena,3.0,0.0,H,,,0.7140923117010384,0.19343030031820388,0.09247738798075766,0.7290596832873427,0.1877217348150697,0.0832185818975875,0.027253811480477452,0.4947089947089948,0.5052910052910053,0.49440042556694624,0.5055995744330538
I1,1415,2014-09-14,Napoli,Chievo,0.0,1.0,A,,,0.7009971521271785,0.1951229186333384,0.1038799292394831,0.7164776523275417,0.18911575810534842,0.0944065895671099,0.029127687448635697,0.5303430079155673,0.4696569920844328,0.5321426574931143,0.4678573425068856
I1,1415,2014-09-14,Parma,Milan,4.0,5.0,A,,,0.33571022372077447,0.2887720161488729,0.37551776013035254,0.3357996864792469,0.2870401870652108,0.37716012645554226,0.026291863061487675,0.48941798941798953,0.5105820105820106,0.48879708724282345,0.5112029127571766
I1,1415,2014-09-14,Sampdoria,Torino,2.0,0.0,H,,,0.38572808119825613,0.3031600893762652,0.31111182942547877,0.3878194145853336,0.3019565129044928,0.3102240725101737,0.02694067673292011,0.4040920716112532,0.5959079283887467,0.39813657847100176,0.6018634215289983
I1,1415,2014-09-15,Verona,Palermo,2.0,1.0,H,,,0.43519703695634415,0.28704485416269504,0.2777581088809608,0.4396431274457455,0.28502222980356906,0.2753346427506854,0.029491952620446682,0.4708994708994709,0.5291005291005291,0.4691011235925061,0.5308988764074939
I1,1415,2014-09-20,Cesena,Empoli,2.0,2.0,D,,,0.3405931151287933,0.3074184610578069,0.3519884238133998,0.34089368311118706,0.30634344477565234,0.35276287211316065,0.02807041327469051,0.4020356234096692,0.5979643765903307,0.39631026126011987,0.6036897387398802
I1,1415,2014-09-20,Milan,Juventus,0.0,1.0,A,,,0.28684472370864245,0.2930419862579033,0.42011329003345427,0.28501017513890364,0.2914500823632879,0.42353974249780846,0.026642723008990288,0.4593175853018373,0.5406824146981627,0.45700416089548346,0.5429958391045165
I1,1415,2014-09-21,Atalanta,Fiorentina,0.0,1.0,A,,,0.291273533631897,0.29766511587460326,0.4110613504934997,0.28961733192234684,0.29625887117943117,0.414123796898222,0.026584688457660377,0.4386422976501305,0.5613577023498694,0.43493909191841096,0.5650609080815892
I1,1415,2014-09-21,Chievo,Parma,2.0,3.0,A,,,0.32533884378203354,0.30644820123985095,0.36821295497811546,0.32502589766750256,0.3054007586358361,0.36957334369666134,0.026326333871111274,0.4066496163682865,0.5933503836317136,0.4010518325644492,0.5989481674355508
I1,1415,2014-09-21,Genoa,Lazio,1.0,0.0,H,,,0.3197060323267314,0.3004832012691115,0.379810766404157,0.3191676475491588,0.29919085967004383,0.3816414927807974,0.026586058549582958,0.422279792746114,0.5777202072538861,0.41746678039253876,0.5825332196074612
I1,1415,2014-09-21,Palermo,Inter,1.0,1.0,D,,,0.23736727163189997,0.2818736350628812,0.4807590933052187,0.23340516219862809,0.27972593532649054,0.48686890247488146,0.028014604467898607,0.4696569920844328,0.5303430079155673,0.4678573425068856,0.5321426574931143
I1,1415,2014-09-21,Roma,Cagliari,2.0,0.0,H,,,0.7335247124444462,0.176868575523988,0.08960671203156588,0.7504090633126812,0.17002370880885234,0.07956722787846646,0.029419028665870428,0.6180904522613065,0.38190954773869346,0.6256953359021532,0.37430466409784674
I1,1415,2014-09-21,Sassuolo,Sampdoria,0.0,0.0,D,,,0.3554426545840915,0.2956485631587303,0.34890878225717803,0.35632070570831453,0.2941527286204406,0.34952656567124485,0.026858409633859992,0.47493403693931396,0.5250659630606861,0.47347850363148986,0.5265214963685101
I1,1415,2014-09-21,Torino,Verona,0.0,1.0,A,,,0.50130046364356,0.2778468845414452,0.2208526518149949,0.5082128842878993,0.27554083380644123,0.21624628190565937,0.027839530492201447,0.4593175853018373,0.5406824146981627,0.45700416089548346,0.5429958391045165
I1,1415,2014-09-21,Udinese,Napoli,1.0,0.0,H,,,0.2844752818733738,0.2888117953165655,0.4267129228100607,0.28246096991377756,0.28697464377666865,0.4305643863095538,0.027846373501233757,0.4788359788359788,0.5211640211640212,0.47756401267728427,0.5224359873227157
I1,1415,2014-09-23,Empoli,Milan,2.0,2.0,D,,,0.20902724805452882,0.27408472007150037,0.5168880318739707,0.20430292044292714,0.2717957781595197,0.5239013013975532,0.025838383240625262,0.4593175853018373,0.5406824146981627,0.45700416089548346,0.5429958391045165
I1,1415,2014-09-24,Cagliari,Torino,1.0,2.0,A,,,0.37417190298825737,0.2877370560973529,0.33809104091438963,0.3758745986921667,0.2858395377868292,0.3382858635210041,0.028186357347294688,0.5065963060686015,0.49340369393139843,0.5069630124784155,0.49303698752158454
I1,1415,2014-09-24,Fiorentina,Sassuolo,0.0,0.0,D,,,0.6581971192749635,0.21492150833468196,0.1268813723903544,0.6714870975440415,0.20995975315454785,0.11855314930141078,0.0280445609241724,0.5662337662337663,0.43376623376623374,0.5700433994285419,0.42995660057145807
I1,1415,2014-09-24,Inter,Atalanta,2.0,0.0,H,,,0.6584332205319586,0.21746418292798633,0.12410259654005502,0.6716404629759268,0.2126327136980498,0.11572682332602337,0.0278606740757823,0.5289473684210526,0.4710526315789474,0.5305733900309719,0.4694266099690281
I1,1415,2014-09-24,Juventus,Cesena,3.0,0.0,H,,,0.8466352700710659,0.11051649213048878,0.04284823779844527,0.8674472197194517,0.10076832369203641,0.03178445658851196,0.0300886498298496,0.634567901234568,0.36543209876543215,0.6432853086549314,0.35671469134506845
I1,1415,2014-09-24,Napoli,Palermo,3.0,3.0,D,,,0.66750977672447,0.2120500856708607,0.12044013760466929,0.681163439668421,0.20696216397760583,0.11187439635397314,0.028058207011781633,0.5433070866141733,0.45669291338582685,0.5458104281191385,0.4541895718808615
I1,1415,2014-09-24,Parma,Roma,1.0,2.0,A,,,0.24986681651329276,0.28008669697655236,0.47004648651015474,0.24657972087593116,0.27797593127659875,0.4754443478474701,0.02666011219844222,0.49340369393139843,0.5065963060686015,0.49303698752158454,0.5069630124784155
I1,1415,2014-09-24,Sampdoria,Chievo,2.0,1.0,H,,,0.4912935539918037,0.2856013732542714,0.22310507275392494,0.4976973189519161,0.28364420586566785,0.21865847518241607,0.027415078599005938,0.411764705882353,0.588235294117647,0.4068322981224806,0.5931677018775194
I1,1415,2014-09-24,Verona,Genoa,2.0,2.0,D,,,0.4522095528348484,0.28690032052966213,0.26089012663548944,0.45688778643709455,0.28506692124101685,0.2580452923218886,0.026563219958916306,0.4631578947368421,0.536842105263158,0.46100713011761374,0.5389928698823863
I1,1415,2014-09-25,Lazio,Udinese,0.0,1.0,A,,,0.5168880318739707,0.27408472007150037,0.20902724805452882,0.5239013013975532,0.2717957781595197,0.20430292044292714,0.025838383240625262,0.4696569920844328,0.5303430079155673,0.4678573425068856,0.5321426574931143
I1,1415,2014-09-27,Atalanta,Juventus,0.0,3.0,A,,,0.14068302300836302,0.24757273500688426,0.6117442419847527,0.1329704545949345,0.24399528822529262,0.6230342571797729,0.027684355154633522,0.45669291338582685,0.5433070866141733,0.4541895718808615,0.5458104281191385
I1,1415,2014-09-27,Roma,Verona,2.0,0.0,H,,,0.7054162552656748,0.18970357462323925,0.10488017011108601,0.719272083827406,0.1842162129238294,0.09651170324876447,0.02564498409628868,0.5625,0.4375,0.5661375661393959,0.43386243386060414
I1,1415,2014-09-28,Cesena,Milan,1.0,1.0,D,,,0.16124293424456299,0.25350493405294927,0.5852521317024879,0.1543191042601982,0.2501916641762392,0.5954892315635626,0.027645604219287634,0.4684210526315789,0.531578947368421,0.4666258760707563,0.5333741239292438
I1,1415,2014-09-28,Chievo,Empoli,1.0,1.0,D,,,0.41729680301058636,0.30204340027432913,0.2806597967150846,0.42047657195262966,0.3008553052241728,0.2786681228231975,0.025543612893670797,0.39593908629441626,0.6040609137055837,0.3895712130861784,0.6104287869138215
I1,1415,2014-09-28,Genoa,Sampdoria,0.0,1.0,A,,,0.33600761213875885,0.30380240969734423,0.3601899781638968,0.3361086370242145,0.302674280471038,0.3612170825047474,0.025820556096732616,0.41282051282051285,0.5871794871794872,0.4077816051400617,0.5922183948599383
I1,1415,2014-09-28,Inter,Cagliari,1.0,4.0,A,,,0.6681186163064436,0.21224349779757268,0.11963788589598359,0.6815599577506937,0.20725168989624887,0.11118835235305743,0.02756267343647778,0.5572916666666667,0.44270833333333337,0.5604727872513917,0.4395272127486084
I1,1415,2014-09-28,Sassuolo,Napoli,0.0,1.0,A,,,0.2117276367795268,0.2642172180424179,0.5240551451780553,0.20685277079201717,0.26140909364070725,0.5317381355672756,0.027260979171842337,0.5065963060686015,0.49340369393139843,0.5069630124784155,0.49303698752158454
I1,1415,2014-09-28,Torino,Fiorentina,1.0,1.0,D,,,0.3377802603735582,0.30132143861895183,0.36089830100748993,0.3379550762297909,0.30005369689484845,0.36199122687536056,0.026784777641296387,0.42010309278350516,0.5798969072164949,0.4154737559778157,0.5845262440221842
I1,1415,2014-09-29,Palermo,Lazio,0.0,4.0,A,,,0.3047773571299802,0.2952827354125353,0.39993990745748453,0.3036118919567972,0.2937327030057855,0.40265540503741726,0.027521743206307292,0.43376623376623374,0.5662337662337663,0.42995660057145807,0.5700433994285419
I1,1415,2014-09-29,Udinese,Parma,4.0,2.0,H,,,0.4280587492523427,0.292882302120024,0.2790589486276334,0.4320658633228025,0.2911682314263563,0.2767659052508412,0.02857074746862054,0.44386422976501305,0.556135770234987,0.4406241369777816,0.5593758630222184
I1,1415,2014-10-04,Milan,Chievo,2.0,0.0,H,,,0.6725901671337883,0.21504583575025882,0.11236399711595278,0.6863112372734566,0.210106469545559,0.10358229318098441,0.027828700141981244,0.5,0.5,0.5,0.5
I1,1415,2014-10-04,Verona,Cagliari,1.0,0.0,H,,,0.4571114025166922,0.2807776270651492,0.2621109704181587,0.46232886589282507,0.2785570369933797,0.2591140971137952,0.028476784471422434,0.5406824146981627,0.4593175853018373,0.5429958391045165,0.45700416089548346
I1,1415,2014-10-05,Empoli,Palermo,3.0,0.0,H,,,0.404200548525237,0.29836885916373956,0.2974305923110234,0.40720745971271216,0.29688516443699847,0.2959073758502894,0.02865642705000937,0.4138817480719795,0.5861182519280206,0.4087392394195746,0.5912607605804253
I1,1415,2014-10-05,Fiorentina,Inter,3.0,0.0,H,,,0.39288348602775497,0.290444540284322,0.31667197368792294,0.39535956219943585,0.28866440470272986,0.31597603309783423,0.02808198845013976,0.44386422976501305,0.556135770234987,0.4406241369777816,0.5593758630222184
I1,1415,2014-10-05,Juventus,Roma,3.0,2.0,H,,,0.5044683040824437,0.2765015777478117,0.2190301181697446,0.5113795151131233,0.2741839514183532,0.21443653346852337,0.027314931619912386,0.4696569920844328,0.5303430079155673,0.4678573425068856,0.5321426574931143
I1,1415,2014-10-05,Lazio,Sassuolo,3.0,2.0,H,,,0.6391748148402729,0.2301651401371299,0.13066004502259723,0.6521391797397523,0.2256669642481358,0.12219385601211187,0.029046764597296715,0.5277044854881265,0.4722955145118733,0.5293296089369458,0.47067039106305425
I1,1415,2014-10-05,Napoli,Torino,2.0,1.0,H,,,0.6247635425623388,0.23800515907136713,0.13723129836629408,0.6362424237530049,0.23415313521222147,0.12960444103477364,0.026893702102825046,0.49340369393139843,0.5065963060686015,0.49303698752158454,0.5069630124784155
I1,1415,2014-10-05,Parma,Genoa,1.0,2.0,A,,,0.5007824349375257,0.27755976599176635,0.22165779907070807,0.5078078114775932,0.27519681816535996,0.21699537035704677,0.02838883432559669,0.4643799472295515,0.5356200527704486,0.4622145096316831,0.537785490368317
I1,1415,2014-10-05,Sampdoria,Atalanta,1.0,0.0,H,,,0.502293366169001,0.28357703555487146,0.2141295982761274,0.5096813283449637,0.281369941875796,0.2089487297792403,0.029620168963447213,0.4123711340206186,0.5876288659793815,0.4067982456114384,0.5932017543885617
I1,1415,2014-10-05,Udinese,Cesena,1.0,1.0,D,,,0.6308860890531791,0.2432722708431282,0.12584164010369264,0.6434057107929261,0.23934284074298928,0.11725144846408457,0.02885271655395627,0.4514435695538058,0.5485564304461943,0.44853677534952663,0.5514632246504734
I1,1415,2014-10-18,Roma,Chievo,3.0,0.0,H,,,0.7295712003702901,0.1786144181697509,0.09181438145995907,0.7455759226387031,0.17215274726079652,0.0822713301005004,0.028072591638192534,0.5598958333333334,0.44010416666666663,0.5632998486409446,0.4367001513590554
I1,1415,2014-10-18,Sassuolo,Juventus,1.0,1.0,D,,,0.1138643387735184,0.21026947893509731,0.6758661822913843,0.10476298471379598,0.2049137873743278,0.6903232279118762,0.029074212070554495,0.5263157894736842,0.47368421052631576,0.5277777777735805,0.47222222222641946
I1,1415,2014-10-19,Atalanta,Parma,1.0,0.0,H,,,0.3765816624489002,0.2984232042047888,0.3249951333463111,0.3783039061305643,0.29703507409303076,0.3246610197764048,0.026886009611189365,0.450261780104712,0.549738219895288,0.44739756368406325,0.5526024363159369
I1,1415,2014-10-19,Cagliari,Sampdoria,2.0,2.0,D,,,0.3704218596294399,0.29449688218986525,0.3350812581806948,0.37191936499995804,0.29293132325729093,0.3351493117427511,0.02727804658934474,0.48157894736842105,0.5184210526315789,0.4805830628839423,0.5194169371160577
I1,1415,2014-10-19,Fiorentina,Lazio,0.0,2.0,A,,,0.462609748713291,0.28913109294580686,0.2482591583409022,0.4678334776077929,0.2873338701491623,0.24483265224304482,0.027293477789498866,0.43116883116883115,0.5688311688311688,0.42710568301330365,0.5728943169866965
I1,1415,2014-10-19,Inter,Napoli,2.0,2.0,D,,,0.3803635479360447,0.28963462824487807,0.3300018238190771,0.382308093337337,0.28783138248924045,0.3298605241734226,0.027935656951740384,0.4802110817941952,0.5197889182058046,0.47908183187353065,0.5209181681264694
I1,1415,2014-10-19,Palermo,Cesena,2.0,1.0,H,,,0.554780201898183,0.26723215359039243,0.17798764451142457,0.5636745815176518,0.2645254083954289,0.17180001008691922,0.027257386362180114,0.4412532637075718,0.5587467362924282,0.43778687164624175,0.5622131283537581
I1,1415,2014-10-19,Torino,Udinese,1.0,0.0,H,,,0.42319778658725093,0.29716709779167466,0.2796351156210744,0.42685540524517196,0.29569188073278274,0.27745271402204535,0.027476190123707056,0.4138817480719795,0.5861182519280206,0.4087392394195746,0.5912607605804253
I1,1415,2014-10-19,Verona,Milan,1.0,3.0,A,,,0.2723895144829484,0.2846593124326308,0.44295117308442084,0.26990847562402404,0.28267272553394046,0.44741879884203545,0.027516095666214824,0.5013192612137204,0.4986807387862796,0.5013923698131533,0.49860763018684684
I1,1415,2014-10-20,Genoa,Empoli,1.0,1.0,D,,,0.45302564835321857,0.2931342430520826,0.25384010859469885,0.4580106316375809,0.2914496573600956,0.25053971100232353,0.028138221707195044,0.42010309278350516,0.5798969072164949,0.4154737559778157,0.5845262440221842
I1,1415,2014-10-25,Empoli,Cagliari,0.0,4.0,A,,,0.45613693833884456,0.2832133826103871,0.2606496790507683,0.4610577476200429,0.281199354393192,0.25774289798676514,0.02705353999044746,0.49340369393139843,0.5065963060686015,0.49303698752158454,0.5069630124784155
I1,1415,2014-10-25,Parma,Sassuolo,1.0,3.0,A,,,0.5399040746662058,0.2661711964740958,0.19392472885969836,0.5479398043502784,0.26352379177069085,0.1885364038790307,0.026344783371314406,0.5065963060686015,0.49340369393139843,0.5069630124784155,0.49303698752158454
I1,1415,2014-10-25,Sampdoria,Roma,0.0,0.0,D,,,0.23918963703693027,0.28601893344476303,0.4747914295183066,0.23549320695445897,0.2841408492181641,0.48036594382737685,0.026618144009262323,0.4581151832460733,0.5418848167539266,0.45583160800374806,0.544168391996252
I1,1415,2014-10-26,Cesena,Inter,0.0,1.0,A,,,0.1520738034961437,0.25757758044739787,0.5903486160564583,0.14513360501948494,0.25456977182276735,0.6002966231577477,0.02634036773815751,0.450261780104712,0.549738219895288,0.44739756368406325,0.5526024363159369
I1,1415,2014-10-26,Chievo,Genoa,1.0,2.0,A,,,0.3884711779448622,0.30576441102756896,0.30576441102756896,0.39071801989095956,0.30464099005452017,0.30464099005452017,0.02750986418686807,0.40561224489795916,0.5943877551020408,0.40012686587796026,0.5998731341220397
I1,1415,2014-10-26,Juventus,Palermo,2.0,0.0,H,,,0.7829084139259201,0.15304025538778082,0.06405133068629908,0.8014707934778521,0.1451775698520765,0.05335163667007147,0.029389458475634456,0.5662337662337663,0.43376623376623374,0.5700433994285419,0.42995660057145807
I1,1415,2014-10-26,Lazio,Torino,2.0,1.0,H,,,0.5342346271260359,0.27169646750981247,0.19406890536415175,0.5419330864301048,0.26929982977504613,0.18876708379484908,0.025943848304450512,0.4476439790575916,0.5523560209424083,0.44456916381726636,0.5554308361827337
I1,1415,2014-10-26,Milan,Fiorentina,1.0,1.0,D,,,0.4667951121933609,0.28118518627671285,0.2520197015299262,0.47227130609989204,0.27903691257846075,0.2486917813216471,0.027717825025320053,0.47631578947368425,0.5236842105263159,0.4750131874840955,0.5249868125159045
I1,1415,2014-10-26,Napoli,Verona,6.0,2.0,H,,,0.662793126401824,0.21298745410215913,0.12421941949601681,0.6762737285532044,0.207939922039335,0.11578634940746056,0.028071114094927907,0.5751295336787565,0.4248704663212435,0.5796528235537732,0.42034717644622677
I1,1415,2014-10-26,Udinese,Atalanta,2.0,0.0,H,,,0.5104418363824647,0.2808940283051433,0.20866413531239217,0.5174457156216494,0.27879178422357476,0.20376250015477584,0.026756678940728307,0.43116883116883115,0.5688311688311688,0.42710568301330365,0.5728943169866965
I1,1415,2014-10-28,Sassuolo,Empoli,3.0,1.0,H,,,0.43418673484665266,0.2925750613274367,0.2732382038259107,0.4380538507697839,0.2910086774689456,0.2709374717612705,0.02586747519671917,0.44908616187989553,0.5509138381201044,0.44626915021678265,0.5537308497832173
I1,1415,2014-10-29,Atalanta,Napoli,1.0,1.0,D,,,0.23061291950103516,0.27314671445223476,0.4962403660467301,0.2264315013746981,0.27067144510799057,0.5028970535173113,0.02762598160188645,0.48412698412698413,0.5158730158730157,0.48318621269531237,0.5168137873046875
I1,1415,2014-10-29,Cagliari,Milan,1.0,1.0,D,,,0.2785207955770687,0.27689201899474664,0.4445871854281848,0.27624400890362133,0.27454837764463313,0.44920761345174554,0.028045002138242126,0.549738219895288,0.450261780104712,0.5526024363159369,0.44739756368406325
I1,1415,2014-10-29,Fiorentina,Udinese,3.0,0.0,H,,,0.5570596725227691,0.26526651072512814,0.17767381675210273,0.5663521820677675,0.2623839889168073,0.17126382901542522,0.028206188464537263,0.46194225721784776,0.5380577427821522,0.4598115299356801,0.5401884700643199
I1,1415,2014-10-29,Genoa,Juventus,1.0,0.0,H,,,0.1253374469726186,0.24296182028538374,0.6317007327419976,0.11692850950820188,0.23911536698965147,0.6439561235021467,0.02815085300244391,0.4722955145118733,0.5277044854881265,0.47067039106305425,0.5293296089369458
I1,1415,2014-10-29,Inter,Sampdoria,1.0,0.0,H,,,0.5331217371042803,0.26958996933114177,0.19728829356457778,0.5411006294321992,0.26700943610605465,0.1918899344617462,0.027049586176872253,0.4593175853018373,0.5406824146981627,0.45700416089548346,0.5429958391045165
I1,1415,2014-10-29,Palermo,Chievo,1.0,0.0,H,,,0.48442753651370574,0.28342626016921285,0.2321462033170815,0.49039527738101985,0.2814388764007438,0.2281658462182364,0.026687360950745642,0.40816326530612246,0.5918367346938775,0.40301724137260087,0.5969827586273991
I1,1415,2014-10-29,Roma,Cesena,2.0,0.0,H,,,0.7988355440917295,0.1431648038357166,0.05799965207255388,0.8168022050430545,0.13540347100399378,0.04779432395295179,0.027563695330172777,0.5861182519280206,0.4138817480719795,0.5912607605804253,0.4087392394195746
I1,1415,2014-10-29,Torino,Parma,1.0,0.0,H,,,0.5021370806555764,0.2750837920113157,0.22277912733310778,0.508866349287457,0.2727421457473838,0.2183915049651592,0.02695260988548398,0.4528795811518324,0.5471204188481674,0.45021710872652343,0.5497828912734765
I1,1415,2014-10-30,Verona,Lazio,1.0,1.0,D,,,0.2901757580001401,0.28240319305370776,0.4274210489461523,0.2884496085322081,0.28036930839617497,0.43118108307161696,0.026970443315804005,0.5065963060686015,0.49340369393139843,0.5069630124784155,0.49303698752158454
I1,1415,2014-11-01,Empoli,Juventus,0.0,2.0,A,,,0.11604561928309838,0.22176399375880163,0.6621903869581,0.10716216283978129,0.2169663996971478,0.6758714374630709,0.028611962217837572,0.4789473684210527,0.5210526315789473,0.47779997779921773,0.5222000222007822
I1,1415,2014-11-01,Napoli,Roma,2.0,0.0,H,,,0.3991358885017422,0.28526829268292686,0.31559581881533105,0.40170646275166144,0.28339420961753314,0.31489932763080547,0.026363132754340768,0.5236842105263159,0.47631578947368425,0.5249868125159045,0.4750131874840955
I1,1415,2014-11-01,Parma,Inter,2.0,0.0,H,,,0.2846109751185202,0.2871905307842469,0.428198494097233,0.28273270213282836,0.285410827345271,0.4318564705219006,0.02601192332804203,0.4645669291338583,0.5354330708661418,0.46261216351077283,0.5373878364892272
I1,1415,2014-11-02,Chievo,Sassuolo,0.0,0.0,D,,,0.3918716474170009,0.29821678828589376,0.3099115642971053,0.3942352529217008,0.2968002120993684,0.3089645349789308,0.027255534194409847,0.41645244215938304,0.583547557840617,0.4116223418841733,0.5883776581158268
I1,1415,2014-11-02,Milan,Palermo,0.0,2.0,A,,,0.6290767672821251,0.232250835842545,0.13867239687532978,0.6406639483034433,0.22819898771262298,0.13113706398393368,0.026744008995592594,0.5263157894736842,0.47368421052631576,0.5277777777735805,0.47222222222641946
I1,1415,2014-11-02,Sampdoria,Fiorentina,3.0,1.0,H,,,0.32517302476068455,0.2995284644483277,0.37529851079098775,0.3248496186713085,0.2981984655163025,0.376951915812389,0.026597154093906283,0.43116883116883115,0.5688311688311688,0.42710568301330365,0.5728943169866965
I1,1415,2014-11-02,Torino,Atalanta,0.0,0.0,D,,,0.5079718675279373,0.2818716297558584,0.21015650271620417,0.514808799372689,0.2798297921205348,0.20536140850677628,0.026481669745408,0.422279792746114,0.5777202072538861,0.41746678039253876,0.5825332196074612
I1,1415,2014-11-02,Udinese,Genoa,2.0,4.0,A,,,0.46729480905372955,0.290094331002774,0.2426108599434964,0.4726796243018789,0.2883429201181777,0.23897745557994352,0.027154913870617747,0.42894056847545214,0.5710594315245477,0.4250395246198356,0.5749604753801645
I1,1415,2014-11-03,Cesena,Verona,1.0,1.0,D,,,0.3246226261970459,0.2962181464048044,0.37915922739814967,0.32426557319673255,0.29470969093985183,0.3810247358634156,0.027491974644362926,0.4464751958224543,0.5535248041775457,0.4434513957758167,0.5565486042241833
I1,1415,2014-11-03,Lazio,Cagliari,4.0,2.0,H,,,0.6121553961041334,0.23603006566204152,0.1518145382338251,0.6233232034160825,0.2320579863058197,0.14461881027809786,0.02728868997655809,0.5509138381201044,0.44908616187989553,0.5537308497832173,0.44626915021678265
I1,1415,2014-11-08,Sampdoria,Milan,2.0,2.0,D,,,0.35327872514102154,0.2960497727817283,0.3506715020772501,0.35404984990900557,0.29460864430429967,0.3513415057866948,0.02614395576529205,0.4464751958224543,0.5535248041775457,0.4434513957758167,0.5565486042241833
I1,1415,2014-11-08,Sassuolo,Atalanta,0.0,0.0,D,,,0.4375630235991028,0.29037056917738624,0.2720664072235109,0.4416748916559219,0.28867198631268676,0.2696531220313914,0.026623215060681105,0.43376623376623374,0.5662337662337663,0.42995660057145807,0.5700433994285419
I1,1415,2014-11-09,Cagliari,Genoa,1.0,1.0,D,,,0.42629922665311143,0.2820911796547295,0.29160959369215905,0.4298802804148895,0.2801189421490158,0.29000077743609476,0.02598512009717524,0.531578947368421,0.4684210526315789,0.5333741239292438,0.4666258760707563
I1,1415,2014-11-09,Chievo,Cesena,2.0,1.0,H,,,0.49660972278793397,0.28830534058509233,0.21508493662697364,0.50318468064585,0.28646539222777034,0.2103499271263796,0.02724217576906085,0.3949367088607595,0.6050632911392405,0.3886922004051118,0.6113077995948881
I1,1415,2014-11-09,Empoli,Lazio,2.0,1.0,H,,,0.26966506011253494,0.28677371951544495,0.44356122037202006,0.26714171907431056,0.2849219754367776,0.44793630548891195,0.026789119467139244,0.47368421052631576,0.5263157894736842,0.47222222222641946,0.5277777777735805
I1,1415,2014-11-09,Fiorentina,Napoli,0.0,1.0,A,,,0.36681993329663565,0.29143056050254185,0.34174950620082245,0.36812296795984095,0.28980230017608194,0.34207473186407705,0.026287946035154164,0.47368421052631576,0.5263157894736842,0.47222222222641946,0.5277777777735805
I1,1415,2014-11-09,Inter,Verona,2.0,2.0,D,,,0.6433887298671338,0.2194044516597599,0.13720681847310634,0.6549575147431805,0.215073494576016,0.12996899068080348,0.025456061586737633,0.5699481865284974,0.43005181347150256,0.5739320919957633,0.42606790800423666
I1,1415,2014-11-09,Juventus,Parma,7.0,0.0,H,,,0.7759787077023746,0.15596277156456295,0.06805852073306233,0.7944849535030389,0.14816038094513062,0.0573546655518305,0.029653484001755714,0.5662337662337663,0.43376623376623374,0.5700433994285419,0.42995660057145807
I1,1415,2014-11-09,Palermo,Udinese,1.0,1.0,D,,,0.43486496182823287,0.29350019095527796,0.2716348472164893,0.4389947497158769,0.29187542271995986,0.26912982756416326,0.0274605939630419,0.42894056847545214,0.5710594315245477,0.4250395246198356,0.5749604753801645
I1,1415,2014-11-09,Roma,Torino,3.0,0.0,H,,,0.6507929411573444,0.22251936629735902,0.1266876925452964,0.6631663334145187,0.21808974926795263,0.11874391731752872,0.026676921639591455,0.5197889182058046,0.4802110817941952,0.5209181681264694,0.47908183187353065
I1,1415,2014-11-22,Atalanta,Roma,1.0,2.0,A,,,0.20345504413045462,0.27561061210695303,0.5209343437625925,0.19821083373864962,0.2732326214533441,0.5285565448080063,0.0275123039027676,0.44908616187989553,0.5509138381201044,0.44626915021678265,0.5537308497832173
I1,1415,2014-11-22,Lazio,Juventus,0.0,3.0,A,,,0.24309340349558353,0.2804923886487502,0.4764142078556661,0.23943674078607818,0.2783326363060791,0.48223062290784274,0.027465692721307278,0.4802110817941952,0.5197889182058046,0.47908183187353065,0.5209181681264694
I1,1415,2014-11-23,Cesena,Sampdoria,1.0,1.0,D,,,0.22349760835918733,0.28803339192794963,0.4884689997128631,0.21901709889323276,0.2861532961926197,0.4948296049141475,0.027730190195143223,0.3924050632911393,0.6075949367088608,0.38575268815532404,0.614247311844676
I1,1415,2014-11-23,Milan,Inter,1.0,1.0,D,,,0.3584056416756037,0.2949611647330278,0.34663319359136846,0.3593865940047076,0.29346109533662773,0.3471523106586647,0.026446355041116476,0.4593175853018373,0.5406824146981627,0.45700416089548346,0.5429958391045165
I1,1415,2014-11-23,Napoli,Cagliari,3.0,3.0,D,,,0.6918254044223222,0.19342873552215947,0.11474586005551834,0.7064973461196502,0.18756577158766372,0.10593688229268612,0.028180842055007815,0.614609571788413,0.38539042821158687,0.6218793528291058,0.3781206471708942
I1,1415,2014-11-23,Parma,Empoli,0.0,2.0,A,,,0.4480001209299513,0.2852132902016507,0.266786588868398,0.4525013523645466,0.2833202280954496,0.2641784195400038,0.026492431992664933,0.4710526315789474,0.5289473684210526,0.4694266099690281,0.5305733900309719
I1,1415,2014-11-23,Torino,Sassuolo,0.0,1.0,A,,,0.518419478324545,0.2757871062017202,0.20579341547373478,0.5258477287704544,0.27344721393007043,0.2007050572994752,0.027166594984009862,0.4375,0.5625,0.43386243386060414,0.5661375661393959
I1,1415,2014-11-23,Udinese,Chievo,1.0,1.0,D,,,0.5010054582016663,0.28181557023843723,0.21717897155989657,0.5079814429108686,0.2796460282679716,0.2123725288211598,0.028155601117759943,0.42377260981912146,0.5762273901808785,0.4193371978686282,0.5806628021313719
I1,1415,2014-11-23,Verona,Fiorentina,1.0,2.0,A,,,0.26555687673404677,0.2829964328180737,0.4514466904478795,0.26280531464452295,0.2809453241850517,0.45624936117042525,0.027454746421426535,0.4881266490765172,0.5118733509234827,0.48746168849481736,0.5125383115051826
I1,1415,2014-11-24,Genoa,Palermo,1.0,1.0,D,,,0.4363897389982131,0.2922733745759637,0.27133688642582304,0.4406692250486043,0.2905636992471295,0.2687670757042663,0.028042438556440175,0.4020356234096692,0.5979643765903307,0.39631026126011987,0.6036897387398802
I1,1415,2014-11-29,Chievo,Lazio,0.0,0.0,D,,,0.2550364209407308,0.2910231551839014,0.4539404238753678,0.25190645132201905,0.28931811703359167,0.4587754316443892,0.027069931151345372,0.43005181347150256,0.5699481865284974,0.42606790800423666,0.5739320919957633
I1,1415,2014-11-29,Sassuolo,Verona,2.0,1.0,H,,,0.46082107561053487,0.2783845794010856,0.2607943449883796,0.46587536246483185,0.2762015752016047,0.25792306233356344,0.026763455010950565,0.5145118733509234,0.48548812664907653,0.5153288740238595,0.48467112597614054
I1,1415,2014-11-30,Cagliari,Fiorentina,0.0,4.0,A,,,0.2728484040942402,0.27926836654351644,0.44788322936224334,0.2704632314827645,0.2771336149769039,0.45240315354033156,0.02662955631967634,0.5509138381201044,0.44908616187989553,0.5537308497832173,0.44626915021678265
I1,1415,2014-11-30,Cesena,Genoa,0.0,3.0,A,,,0.2818559638320166,0.3015411422583797,0.4166028939096036,0.2798433971332393,0.30029326136461326,0.41986334150214755,0.026420033304020762,0.3888888888888889,0.6111111111111112,0.3819362455758829,0.6180637544241171
I1,1415,2014-11-30,Empoli,Atalanta,0.0,0.0,D,,,0.4429550693882536,0.29077418665363886,0.2662707439581075,0.4474218282132435,0.28903443265752016,0.2635437391292363,0.02751246001571417,0.43005181347150256,0.5699481865284974,0.42606790800423666,0.5739320919957633
I1,1415,2014-11-30,Juventus,Torino,2.0,1.0,H,,,0.7424881465618015,0.1773106021640123,0.08020125127418615,0.7583576471999735,0.1710011869713396,0.0706411658286869,0.027080531930550933,0.5277044854881265,0.4722955145118733,0.5293296089369458,0.47067039106305425
I1,1415,2014-11-30,Milan,Udinese,2.0,0.0,H,,,0.5960386587487746,0.24808938937448993,0.15587195187673547,0.6068025419847135,0.24452018168007617,0.14867727633521033,0.027904213406145573,0.48548812664907653,0.5145118733509234,0.48467112597614054,0.5153288740238595
I1,1415,2014-11-30,Palermo,Parma,2.0,1.0,H,,,0.5078134741567277,0.2728767806531842,0.219309745190088,0.5146880461109328,0.2704742899307547,0.21483766395831255,0.026639880146831274,0.4631578947368421,0.536842105263158,0.46100713011761374,0.5389928698823863
I1,1415,2014-11-30,Roma,Inter,4.0,2.0,H,,,0.5307101209614707,0.2675974976115585,0.20169238142697085,0.5384299283778045,0.26499663123952494,0.1965734403826705,0.02647364465519786,0.47631578947368425,0.5236842105263159,0.4750131874840955,0.5249868125159045
I1,1415,2014-12-01,Sampdoria,Napoli,1.0,1.0,D,,,0.27655267348646384,0.2883208723582283,0.4351264541553078,0.27427181531967915,0.2865084172196891,0.4392197674606316,0.027142226230353117,0.4657894736842106,0.5342105263157895,0.4638195430185368,0.5361804569814632
I1,1415,2014-12-05,Fiorentina,Juventus,0.0,0.0,D,,,0.25056242969628795,0.29386951631046115,0.4555680539932509,0.24748267212876088,0.2923873207172035,0.4601300071540355,0.0251822080463171,0.42783505154639173,0.5721649484536083,0.4240204059478852,0.5759795940521147
I1,1415,2014-12-06,Roma,Sassuolo,2.0,2.0,D,,,0.7056252779174262,0.19205526717510593,0.10231945490746781,0.7194015242230909,0.18668056548250261,0.09391791029440649,0.02549669169820845,0.5636363636363637,0.4363636363636364,0.567204301068432,0.43279569893156794
I1,1415,2014-12-06,Torino,Palermo,2.0,2.0,D,,,0.49931995919755173,0.28748724923495406,0.21319279156749402,0.505979369507802,0.2856203613540271,0.20840026913817097,0.027143306331709027,0.41645244215938304,0.583547557840617,0.4116223418841733,0.5883776581158268
I1,1415,2014-12-07,Atalanta,Cesena,3.0,2.0,H,,,0.5793587258784866,0.2668955928204264,0.15374568130108707,0.588941262876234,0.264231810560085,0.14682692656368102,0.026501380372792482,0.41902313624678666,0.5809768637532133,0.4144904717974111,0.5855095282025888
I1,1415,2014-12-07,Genoa,Milan,1.0,0.0,H,,,0.3160468719736587,0.2953709083865969,0.3885822196397444,0.3153441351852696,0.2938346836576696,0.3908211811570609,0.027359764790162444,0.4581151832460733,0.5418848167539266,0.45583160800374806,0.544168391996252
I1,1415,2014-12-07,Inter,Udinese,1.0,2.0,A,,,0.6361279356233795,0.23403225285897175,0.1298398115176487,0.6485016340007338,0.22985500221221372,0.12164336378705246,0.027976343873888254,0.4960422163588391,0.503957783641161,0.49582265790303864,0.5041773420969614
I1,1415,2014-12-07,Napoli,Empoli,2.0,2.0,D,,,0.7246356748968814,0.18504341795612375,0.09032090714699476,0.7401709052553194,0.17893819785113413,0.08089089689354646,0.027579511515796185,0.5714285714285715,0.4285714285714286,0.5757575757670291,0.42424242423297087
I1,1415,2014-12-07,Parma,Lazio,1.0,2.0,A,,,0.26468956162525437,0.29083174055120536,0.44447869782354027,0.26158309321032064,0.2888961142316653,0.4495207925580141,0.030675948597490788,0.4881266490765172,0.5118733509234827,0.48746168849481736,0.5125383115051826
I1,1415,2014-12-08,Cagliari,Chievo,0.0,2.0,A,,,0.5033197686870852,0.2717926750910259,0.22488755622188905,0.5097872040061262,0.26943515268598633,0.22077764330788746,0.025704899104312062,0.513157894736842,0.48684210526315796,0.5138600138599122,0.48613998614008774
I1,1415,2014-12-08,Verona,Sampdoria,1.0,3.0,A,,,0.35675814311361886,0.2956313584679832,0.34761049841839786,0.3576896483446994,0.29413314317481265,0.348177208480488,0.02688913280144334,0.47368421052631576,0.5263157894736842,0.47222222222641946,0.5277777777735805
I1,1415,2014-12-13,Lazio,Atalanta,3.0,0.0,H,,,0.6052021380527853,0.24679671603710984,0.14800114591010483,0.6157930401923613,0.2433457730588986,0.1408611867487401,0.026535137090831995,0.48157894736842105,0.5184210526315789,0.4805830628839423,0.5194169371160577
I1,1415,2014-12-13,Palermo,Sassuolo,2.0,1.0,H,,,0.46911373355112224,0.2795308972782498,0.25135536917062784,0.47468357714693826,0.27731545054945045,0.24800097230361123,0.02771113521885127,0.4710526315789474,0.5289473684210526,0.4694266099690281,0.5305733900309719
I1,1415,2014-12-14,Cesena,Fiorentina,1.0,4.0,A,,,0.1330752610731005,0.2435722002160605,0.6233525387108391,0.12495589857661511,0.2397635128401681,0.6352805885832168,0.028135311789810658,0.43376623376623374,0.5662337662337663,0.42995660057145807,0.5700433994285419
I1,1415,2014-12-14,Genoa,Roma,0.0,1.0,A,,,0.24756622680095558,0.283038402581391,0.4693953706176534,0.24409840211855377,0.28098837271389804,0.4749132251675482,0.027394460048526525,0.4593175853018373,0.5406824146981627,0.45700416089548346,0.5429958391045165
I1,1415,2014-12-14,Juventus,Sampdoria,1.0,1.0,D,,,0.7187753547596577,0.1905187687314755,0.09070587650886693,0.7342291023560589,0.18456812958321625,0.08120276806072489,0.02784923743456602,0.5145118733509234,0.48548812664907653,0.5153288740238595,0.48467112597614054
I1,1415,2014-12-14,Milan,Napoli,2.0,0.0,H,,,0.3465709261430246,0.2867086752637749,0.36672039859320044,0.3471252886141259,0.2847492859790099,0.36812542540686427,0.02847421122714877,0.5197889182058046,0.4802110817941952,0.5209181681264694,0.47908183187353065
I1,1415,2014-12-14,Parma,Cagliari,0.0,0.0,D,,,0.4214827444294197,0.2830854253630431,0.29543183020753716,0.42504370166875516,0.2810577428582611,0.29389855547298377,0.027266853023320436,0.5471204188481674,0.4528795811518324,0.5497828912734765,0.45021710872652343
I1,1415,2014-12-14,Udinese,Verona,1.0,2.0,A,,,0.48637821933105274,0.27651239874505906,0.2371093819238882,0.4925538598740368,0.274206327553507,0.23323981257245624,0.027267739409580827,0.49473684210526314,0.5052631578947367,0.4944592198579216,0.5055407801420785
I1,1415,2014-12-15,Chievo,Inter,0.0,2.0,A,,,0.2251234929304899,0.2863353188028285,0.4885411882666817,0.2207205230935013,0.28439215834965803,0.49488731855684065,0.02765047806315124,0.4285714285714286,0.5714285714285715,0.42424242423297087,0.5757575757670291
I1,1415,2014-12-15,Empoli,Torino,0.0,0.0,D,,,0.39823008849557523,0.30088495575221236,0.30088495575221236,0.40087952720563136,0.2995602363971844,0.2995602363971844,0.027559769456274807,0.427461139896373,0.5725388601036269,0.4232140408465464,0.5767859591534537
I1,1415,2014-12-18,Cagliari,Juventus,1.0,3.0,A,,,0.11430494709813309,0.21202547106818884,0.6736695818336781,0.10585571601594684,0.20713081419708962,0.6870134697869635,0.026937852147966623,0.5511811023622047,0.4488188976377953,0.554302422726646,0.44569757727335396
I1,1415,2014-12-18,Napoli,Parma,2.0,0.0,H,,,0.7136118745444255,0.18944187487905909,0.09694625057651543,0.7287636667636409,0.18351724169110106,0.08771909154525809,0.02759081916883588,0.5762273901808785,0.42377260981912146,0.5806628021313719,0.4193371978686282
I1,1415,2014-12-20,Roma,Milan,0.0,0.0,D,,,0.5389840704859066,0.2591835967363922,0.20183233277770116,0.547257355697332,0.256171376408995,0.19657126789367302,0.027244721073657274,0.5118733509234827,0.4881266490765172,0.5125383115051826,0.48746168849481736
I1,1415,2014-12-20,Sassuolo,Cesena,1.0,1.0,D,,,0.6190648081301715,0.24286388626645194,0.13807130560337644,0.6308947019856104,0.23901051948649749,0.13009477852789209,0.02829687623307109,0.47757255936675463,0.5224274406332454,0.4762821585986352,0.5237178414013648
I1,1415,2014-12-21,Atalanta,Palermo,3.0,3.0,D,,,0.40570897124052085,0.29854056374302473,0.2957504650164544,0.4085715872993874,0.297164052009984,0.29426436069062856,0.026689032092690468,0.427461139896373,0.5725388601036269,0.4232140408465464,0.5767859591534537
I1,1415,2014-12-21,Fiorentina,Empoli,1.0,1.0,D,,,0.6284359825469599,0.23201426250511234,0.13954975494792785,0.6402314360670806,0.22787092984332905,0.13189763408959043,0.027292744256556034,0.5289473684210526,0.4710526315789474,0.5305733900309719,0.4694266099690281
I1,1415,2014-12-21,Inter,Lazio,2.0,2.0,D,,,0.44683665969356023,0.28581443998416917,0.2673489003222706,0.45110747734121176,0.2840226960078668,0.26486982665092157,0.025380741339176893,0.4802110817941952,0.5197889182058046,0.47908183187353065,0.5209181681264694
I1,1415,2014-12-21,Sampdoria,Udinese,2.0,2.0,D,,,0.510630250427997,0.2801688099693435,0.20920093960265956,0.5175911061647936,0.27805389269814834,0.20435500113705798,0.02656023413874209,0.4412532637075718,0.5587467362924282,0.43778687164624175,0.5622131283537581
I1,1415,2014-12-21,Torino,Genoa,2.0,1.0,H,,,0.4671682276472696,0.29090536874968015,0.24192640360305032,0.47257590607066957,0.28917715262482974,0.23824694130450066,0.027298702741973102,0.41282051282051285,0.5871794871794872,0.4077816051400617,0.5922183948599383
I1,1415,2014-12-21,Verona,Chievo,0.0,1.0,A,,,0.4092928588964829,0.2958129073644362,0.2948942337390808,0.4122850651614535,0.2943347674625872,0.2933801673759593,0.02657944243401289,0.46194225721784776,0.5380577427821522,0.4598115299356801,0.5401884700643199
I1,1415,2015-01-05,Lazio,Sampdoria,3.0,0.0,H,,,0.5064085946206186,0.2826818125195692,0.2109095928598122,0.5135972461850516,0.28054773109842507,0.20585502271652323,0.028119210503064096,0.44270833333333337,0.5572916666666667,0.4395272127486084,0.5604727872513917
I1,1415,2015-01-06,Cesena,Napoli,1.0,4.0,A,,,0.09716817742189433,0.19818259520007198,0.7046492273780336,0.088358329978526,0.19285981092919655,0.7187818590922775,0.026294520357623696,0.5301837270341206,0.46981627296587924,0.5318048564632609,0.468195143536739
I1,1415,2015-01-06,Chievo,Torino,0.0,0.0,D,,,0.3172912322832409,0.3151899658442791,0.3675188018724798,0.31668985488202367,0.31451006973835327,0.368800075379623,0.025283483788371086,0.3703703703703704,0.6296296296296295,0.36274509804893107,0.6372549019510689
I1,1415,2015-01-06,Empoli,Verona,0.0,0.0,D,,,0.4984473804037838,0.27595202799166,0.22560059160455617,0.5046268485338994,0.27378844511881445,0.22158470634728622,0.025277998996898532,0.4960422163588391,0.503957783641161,0.49582265790303864,0.5041773420969614
I1,1415,2015-01-06,Genoa,Atalanta,2.0,2.0,D,,,0.4954954954954955,0.2882882882882883,0.21621621621621617,0.5016524187880051,0.2865549238080568,0.211792657403938,0.025661965482868254,0.4092071611253197,0.5907928388746803,0.40395021644738066,0.5960497835526194
I1,1415,2015-01-06,Juventus,Inter,1.0,1.0,D,,,0.6705046039058102,0.21787563788243713,0.1116197582117527,0.6831054137984848,0.21342561870875534,0.10346896749275988,0.0256537749664858,0.5118733509234827,0.4881266490765172,0.5125383115051826,0.48746168849481736
I1,1415,2015-01-06,Milan,Sassuolo,1.0,2.0,A,,,0.5937578941399062,0.24869440592247377,0.1575476999376202,0.6039367490371823,0.2453188597913383,0.15074439117147942,0.02658512839116156,0.47631578947368425,0.5236842105263159,0.4750131874840955,0.5249868125159045
I1,1415,2015-01-06,Palermo,Cagliari,5.0,0.0,H,,,0.4830569779152068,0.2766343739805109,0.2403086481042822,0.48871012602808706,0.27448321387534297,0.23680666009656995,0.025488997343927622,0.4907651715039578,0.5092348284960422,0.49025015321171345,0.5097498467882865
I1,1415,2015-01-06,Parma,Fiorentina,1.0,0.0,H,,,0.24228521238650524,0.279231930990899,0.47848285662259576,0.23889890138161515,0.2772040068966192,0.4838970917217656,0.02517511649057269,0.47368421052631576,0.5263157894736842,0.47222222222641946,0.5277777777735805
I1,1415,2015-01-06,Udinese,Roma,0.0,1.0,A,,,0.22263268070434675,0.2810819685588803,0.496285350736773,0.21858263688394497,0.2791443508474571,0.502273012268598,0.024815611308440566,0.4645669291338583,0.5354330708661418,0.46261216351077283,0.5373878364892272
I1,1415,2015-01-10,Sassuolo,Udinese,1.0,1.0,D,,,0.4574576517982818,0.29136533514536717,0.25117701305635104,0.4626160378860946,0.28961019818181316,0.2477737639320922,0.028078711358830333,0.4476439790575916,0.5523560209424083,0.44456916381726636,0.5554308361827337
I1,1415,2015-01-10,Torino,Milan,1.0,1.0,D,,,0.34776743114737907,0.30318186305156125,0.3490507058010595,0.3483767896966412,0.30190880004773435,0.34971441025562444,0.02858585142530501,0.43376623376623374,0.5662337662337663,0.42995660057145807,0.5700433994285419
I1,1415,2015-01-11,Atalanta,Chievo,1.0,1.0,D,,,0.44709061511847464,0.30282175848280074,0.2500876263987246,0.4517333579530588,0.30156402018182255,0.24670262186511865,0.027572026476264,0.37749999999999995,0.6225,0.3696773850334491,0.630322614966551
I1,1415,2015-01-11,Cagliari,Cesena,2.0,1.0,H,,,0.5770911016481699,0.25510226595768154,0.1678066323941487,0.5873320825947606,0.2517498139533651,0.16091810345187424,0.028575128875672817,0.4802110817941952,0.5197889182058046,0.47908183187353065,0.5209181681264694
I1,1415,2015-01-11,Fiorentina,Palermo,4.0,3.0,H,,,0.5562165484238601,0.2576479924579189,0.1861354591182209,0.5657388825976648,0.25436731435570775,0.1798938030466274,0.029004266019910574,0.4907651715039578,0.5092348284960422,0.49025015321171345,0.5097498467882865
I1,1415,2015-01-11,Inter,Genoa,3.0,1.0,H,,,0.5840548746204881,0.25503204767794896,0.16091307770156305,0.5946410452262968,0.25165001435861195,0.1537089404150912,0.02874891902320087,0.4802110817941952,0.5197889182058046,0.47908183187353065,0.5209181681264694
I1,1415,2015-01-11,Napoli,Juventus,1.0,3.0,A,,,0.32613126783530366,0.29555646147574394,0.3783122706889523,0.32582287268120375,0.293956289212962,0.3802208381058342,0.02867361716926098,0.4657894736842106,0.5342105263157895,0.4638195430185368,0.5361804569814632
I1,1415,2015-01-11,Roma,Lazio,2.0,2.0,D,,,0.45681936774769977,0.2882975887919934,0.2548830434603068,0.4620851227982229,0.2863675370535111,0.2515473401482659,0.02881780348252505,0.4710526315789474,0.5289473684210526,0.4694266099690281,0.5305733900309719
I1,1415,2015-01-11,Sampdoria,Empoli,1.0,0.0,H,,,0.5044093262495347,0.2805590335352442,0.21503164021522114,0.5113328497546556,0.2783974609788805,0.21026968926646394,0.02738026564475149,0.44010416666666663,0.5598958333333334,0.4367001513590554,0.5632998486409446
I1,1415,2015-01-11,Verona,Parma,3.0,1.0,H,,,0.40485829959514175,0.29149797570850206,0.30364372469635625,0.4078031350959173,0.2897772973957232,0.3024195675083594,0.027797008864581585,0.47493403693931396,0.5250659630606861,0.47347850363148986,0.5265214963685101
I1,1415,2015-01-17,Empoli,Inter,0.0,0.0,D,,,0.26902827975640137,0.29130976304910944,0.4396619571944892,0.26650424848223275,0.2896527408900938,0.44384301062767345,0.026537087513133883,0.4476439790575916,0.5523560209424083,0.44456916381726636,0.5554308361827337
I1,1415,2015-01-17,Palermo,Roma,1.0,1.0,D,,,0.2606496790507683,0.2832133826103871,0.45613693833884456,0.25774289798676514,0.281199354393192,0.4610577476200429,0.02705353999044746,0.47631578947368425,0.5236842105263159,0.4750131874840955,0.5249868125159045
I1,1415,2015-01-18,Cesena,Torino,2.0,3.0,A,,,0.2072947434543778,0.2876999772791061,0.5050052792665161,0.20234069907504104,0.28586495907749254,0.5117943418474664,0.026760414242744446,0.3934010152284264,0.6065989847715737,0.3866243757455991,0.6133756242544008
I1,1415,2015-01-18,Chievo,Fiorentina,1.0,2.0,A,,,0.23519963285910966,0.28969710876548876,0.4751032583754015,0.2313979584418864,0.2879844493843952,0.4806175921737185,0.02627291763201356,0.42118863049095606,0.578811369509044,0.41646581945725997,0.5835341805427401
I1,1415,2015-01-18,Genoa,Sassuolo,3.0,3.0,D,,,0.4074727942839233,0.29949893081436635,0.29302827490171024,0.4104020888475981,0.298161209204622,0.2914367019477799,0.02666071825660765,0.4248704663212435,0.5751295336787565,0.42034717644622677,0.5796528235537732
I1,1415,2015-01-18,Juventus,Verona,4.0,0.0,H,,,0.8069750219280065,0.13506815969858832,0.0579568183734052,0.8246396851093293,0.12729363056576484,0.04806668432490583,0.02659948542714119,0.614609571788413,0.38539042821158687,0.6218793528291058,0.3781206471708942
I1,1415,2015-01-18,Lazio,Napoli,0.0,1.0,A,,,0.3778976527190553,0.2927540457792681,0.3293483015016766,0.37968881998650533,0.2911259440454084,0.3291852359680863,0.027144582360051572,0.4684210526315789,0.531578947368421,0.4666258760707563,0.5333741239292438
I1,1415,2015-01-18,Milan,Atalanta,0.0,1.0,A,,,0.6170121261417926,0.24116717620770572,0.14182069765050156,0.628056541792626,0.23749097733851382,0.1344524808688601,0.026550362119451165,0.46981627296587924,0.5301837270341206,0.468195143536739,0.5318048564632609
I1,1415,2015-01-18,Parma,Sampdoria,0.0,2.0,A,,,0.36352625977171804,0.3012074723822806,0.33526626784600144,0.3647323884368397,0.29992579027061483,0.33534182129254547,0.026984482305124402,0.42118863049095606,0.578811369509044,0.41646581945725997,0.5835341805427401
I1,1415,2015-01-18,Udinese,Cagliari,2.0,2.0,D,,,0.44374182956860114,0.28951448636488003,0.2667436840665187,0.4480892110867324,0.2877842081527789,0.2641265807604887,0.026574662188068032,0.4881266490765172,0.5118733509234827,0.48746168849481736,0.5125383115051826
I1,1415,2015-01-24,Cagliari,Sassuolo,2.0,1.0,H,,,0.4212076583210604,0.2871870397643594,0.2916053019145803,0.4248019236935282,0.2853003447915368,0.28989773151493486,0.027611461002379656,0.4907651715039578,0.5092348284960422,0.49025015321171345,0.5097498467882865
I1,1415,2015-01-24,Lazio,Milan,3.0,1.0,H,,,0.4914102936493216,0.27894760786564426,0.22964209848503403,0.49779083088271947,0.27673511133894846,0.2254740577783321,0.027284617070108652,0.4593175853018373,0.5406824146981627,0.45700416089548346,0.5429958391045165
I1,1415,2015-01-25,Fiorentina,Roma,1.0,1.0,D,,,0.38714414821509263,0.2945661997288748,0.3182896520560326,0.38930880788483874,0.29300911446813543,0.3176820776470259,0.027157689910382032,0.4631578947368421,0.536842105263158,0.46100713011761374,0.5389928698823863
I1,1415,2015-01-25,Inter,Torino,0.0,1.0,A,,,0.5305129200556761,0.2728787720976035,0.1966083078467205,0.5382804678645212,0.27046220843693386,0.19125732369854487,0.026676650857552886,0.450261780104712,0.549738219895288,0.44739756368406325,0.5526024363159369
I1,1415,2015-01-25,Juventus,Chievo,2.0,0.0,H,,,0.8281129020161677,0.12596955520087208,0.04591754278296012,0.8465126751275732,0.11770150581241731,0.03578581906000949,0.027049137745052576,0.5803108808290156,0.4196891191709845,0.5854276895954665,0.4145723104045335
I1,1415,2015-01-25,Parma,Cesena,1.0,2.0,A,,,0.5866051652806218,0.2568379372309749,0.15655689748840318,0.5964424481661164,0.2537968562250468,0.14976069560883695,0.026416245149448514,0.450261780104712,0.549738219895288,0.44739756368406325,0.5526024363159369
I1,1415,2015-01-25,Sampdoria,Palermo,1.0,1.0,D,,,0.4726302171100555,0.2818951740033268,0.2454746088866179,0.4780741221054778,0.2798747343696536,0.24205114352486853,0.02638892619870603,0.4578947368421053,0.5421052631578948,0.45536212476552757,0.5446378752344725
I1,1415,2015-01-25,Verona,Atalanta,1.0,0.0,H,,,0.38252012113164163,0.3002056646855921,0.31727421418276625,0.38449279769887945,0.2988786339928594,0.3166285683082611,0.027073965407907963,0.44386422976501305,0.556135770234987,0.4406241369777816,0.5593758630222184
I1,1415,2015-01-26,Empoli,Udinese,1.0,2.0,A,,,0.4738496785640721,0.28981631716457007,0.23633400427135767,0.4796024642190206,0.2880181611033242,0.2323793746776552,0.027671314077451825,0.4248704663212435,0.5751295336787565,0.42034717644622677,0.5796528235537732
I1,1415,2015-01-26,Napoli,Genoa,2.0,1.0,H,,,0.6826645020546902,0.20450509867586625,0.11283039926944344,0.6966406723526307,0.19920643565877827,0.10415289198859103,0.02752684149891138,0.5587467362924282,0.4412532637075718,0.5622131283537581,0.43778687164624175
I1,1415,2015-01-31,Genoa,Fiorentina,1.0,1.0,D,,,0.2768940039343856,0.28871265044378014,0.43439334562183435,0.27455341306660247,0.28685760175239194,0.43858898518100553,0.028033714275807142,0.4684210526315789,0.531578947368421,0.4666258760707563,0.5333741239292438
I1,1415,2015-01-31,Roma,Empoli,1.0,1.0,D,,,0.6534653465346535,0.22086824067022084,0.12566641279512566,0.6666321049167344,0.21611744672439573,0.11725044835886982,0.02820180612616241,0.5132275132275131,0.48677248677248675,0.5140071716723167,0.4859928283276833
I1,1415,2015-02-01,Atalanta,Cagliari,2.0,1.0,H,,,0.43086529884032115,0.2943800178412132,0.2747546833184657,0.4348402688145467,0.29278852458855137,0.27237120659690195,0.027514498215168715,0.4386422976501305,0.5613577023498694,0.43493909191841096,0.5650609080815892
I1,1415,2015-02-01,Cesena,Lazio,2.0,1.0,H,,,0.13589921857949316,0.23680438837476686,0.6272963930457401,0.12784144415077073,0.23270118999335157,0.6394573658558776,0.028290199814364314,0.48548812664907653,0.5145118733509234,0.48467112597614054,0.5153288740238595
I1,1415,2015-02-01,Chievo,Napoli,1.0,2.0,A,,,0.1779367731138498,0.26417910882919765,0.5578841180569527,0.17171203605077137,0.2613342069956042,0.5669537569536244,0.027413826435804367,0.4593175853018373,0.5406824146981627,0.45700416089548346,0.5429958391045165
I1,1415,2015-02-01,Milan,Parma,3.0,1.0,H,,,0.6158606550561718,0.2388980878555427,0.14524125708828553,0.627270687078806,0.2349963486988098,0.1377329642223843,0.027548937126994133,0.4960422163588391,0.503957783641161,0.49582265790303864,0.5041773420969614
I1,1415,2015-02-01,Palermo,Verona,2.0,1.0,H,,,0.5297346194437048,0.2641295177727665,0.20613586278352866,0.5376969705521214,0.2612959618325932,0.20100706761528536,0.0274484078399837,0.5171503957783641,0.48284960422163586,0.5181220029000937,0.4818779970999063
I1,1415,2015-02-01,Sassuolo,Inter,3.0,1.0,H,,,0.3005293291563141,0.2949119585178783,0.40455871232580753,0.299159079990666,0.2933088939832469,0.4075320260260871,0.02818801230750978,0.4514435695538058,0.5485564304461943,0.44853677534952663,0.5514632246504734
I1,1415,2015-02-01,Torino,Sampdoria,5.0,1.0,H,,,0.4533783682802529,0.29986100940054694,0.24676062231920015,0.4583048845013394,0.2984737763285263,0.24322133917013442,0.027729153749532998,0.3934010152284264,0.6065989847715737,0.3866243757455991,0.6133756242544008
I1,1415,2015-02-01,Udinese,Juventus,0.0,0.0,D,,,0.11467522052927025,0.2213311948676824,0.6639935846030474,0.10618378250632823,0.2167640695948703,0.6770521478988015,0.027127821696922183,0.4710526315789474,0.5289473684210526,0.4694266099690281,0.5305733900309719
I1,1415,2015-02-07,Juventus,Milan,3.0,1.0,H,,,0.7069118113155644,0.1965273500337876,0.09656083865064795,0.722355537816403,0.1906577781732305,0.08698668401036637,0.02866305212955922,0.5197889182058046,0.4802110817941952,0.5209181681264694,0.47908183187353065
I1,1415,2015-02-07,Verona,Torino,1.0,3.0,A,,,0.31966733805470726,0.29569228770060424,0.3846403742446884,0.3190896121278821,0.29411053861772224,0.38679984925439564,0.02843237016350031,0.4450261780104712,0.5549738219895288,0.44173140953637374,0.5582685904636263
I1,1415,2015-02-08,Cagliari,Roma,1.0,2.0,A,,,0.2425910168908522,0.2831435450875319,0.47426543802161597,0.23894924326619274,0.28111031514205054,0.47994044159175675,0.027203351142816246,0.4696569920844328,0.5303430079155673,0.4678573425068856,0.5321426574931143
I1,1415,2015-02-08,Empoli,Cesena,2.0,0.0,H,,,0.6199293986499039,0.24320307177803926,0.13686752957205672,0.6314845250578248,0.23946469079633076,0.12905078414584428,0.02754440251737833,0.4375,0.5625,0.43386243386060414,0.5661375661393959
I1,1415,2015-02-08,Fiorentina,Atalanta,3.0,2.0,H,,,0.6396340159904229,0.2303304972422934,0.13003548676728377,0.6524467699141563,0.22589865662008426,0.1216545734657594,0.028657429851591587,0.49340369393139843,0.5065963060686015,0.49303698752158454,0.5069630124784155
I1,1415,2015-02-08,Inter,Palermo,3.0,0.0,H,,,0.535185836334781,0.2624041358206544,0.2024100278445646,0.5435257847754907,0.259442198662361,0.19703201656214828,0.027990513714030385,0.4973544973544974,0.5026455026455027,0.497200447928301,0.502799552071699
I1,1415,2015-02-08,Napoli,Udinese,3.0,1.0,H,,,0.6985691492099438,0.19468320551752535,0.10674764527253075,0.7128403968700356,0.18911507063803468,0.09804453249192961,0.026929080253466964,0.5602094240837696,0.4397905759162304,0.563974187816472,0.43602581218352804
I1,1415,2015-02-08,Sampdoria,Sassuolo,1.0,1.0,D,,,0.5356354820538834,0.2732204043905976,0.19114411355551889,0.5438593270519817,0.27073477187136613,0.18540590107665225,0.02755582518875599,0.427461139896373,0.5725388601036269,0.4232140408465464,0.5767859591534537
I1,1415,2015-02-09,Lazio,Genoa,0.0,1.0,A,,,0.6068797047713197,0.23967907327677435,0.15344122195190582,0.6183075051187436,0.23568619373324412,0.1460063011480123,0.028479601489380002,0.5052910052910053,0.4947089947089948,0.5055995744330538,0.49440042556694624
I1,1415,2015-02-11,Parma,Chievo,0.0,1.0,A,,,0.37196976173320473,0.30207735427378085,0.3259528839930144,0.3735227424120662,0.3008227151593183,0.32565454242861547,0.027141712023876607,0.3994910941475827,0.6005089058524172,0.3933930692017075,0.6066069307982925
I1,1415,2015-02-14,Palermo,Napoli,3.0,1.0,H,,,0.2499094530967041,0.27526258601955816,0.47482796088373785,0.24663361641553858,0.27296986658468536,0.4803965169997761,0.026573516195639968,0.5236842105263159,0.47631578947368425,0.5249868125159045,0.4750131874840955
I1,1415,2015-02-14,Sassuolo,Fiorentina,1.0,3.0,A,,,0.29577359764209993,0.2859738700093798,0.41825253234852017,0.294288361826651,0.2841047007417409,0.42160693743160804,0.02665444533340633,0.4907651715039578,0.5092348284960422,0.49025015321171345,0.5097498467882865
I1,1415,2015-02-15,Atalanta,Inter,1.0,4.0,A,,,0.2780858142113793,0.2908811737609827,0.43103301202763794,0.27585325321411575,0.289161196072258,0.43498555071362627,0.02730838512070477,0.44386422976501305,0.556135770234987,0.4406241369777816,0.5593758630222184
I1,1415,2015-02-15,Cesena,Juventus,2.0,2.0,D,,,0.06924856530522452,0.15944627641707157,0.771305158277704,0.05899117421203136,0.152115216320649,0.7888936094673196,0.02836690121330321,0.5587467362924282,0.4412532637075718,0.5622131283537581,0.43778687164624175
I1,1415,2015-02-15,Chievo,Sampdoria,2.0,1.0,H,,,0.34903205747107624,0.3082361027017297,0.342731839827194,0.34965152094877733,0.3072462385456314,0.3431022405055913,0.026669075014069676,0.4030612244897959,0.596938775510204,0.39721951747383916,0.6027804825261608
I1,1415,2015-02-15,Genoa,Verona,5.0,2.0,H,,,0.49737362171185373,0.27535757028105523,0.22726880800709107,0.5037865514918207,0.27307447196918316,0.22313897653899603,0.026418107328936458,0.48548812664907653,0.5145118733509234,0.48467112597614054,0.5153288740238595
I1,1415,2015-02-15,Milan,Empoli,1.0,1.0,D,,,0.5358473622340642,0.27098566604408386,0.19316697172185204,0.5440184314060335,0.268430871857869,0.18755069673609756,0.02734219143167138,0.4528795811518324,0.5471204188481674,0.45021710872652343,0.5497828912734765
I1,1415,2015-02-15,Roma,Parma,0.0,0.0,D,,,0.7515810999309326,0.1685039476713479,0.07991495239771942,0.7689687689563159,0.16136059374954914,0.06967063729413484,0.029157329816371202,0.5572916666666667,0.44270833333333337,0.5604727872513917,0.4395272127486084
I1,1415,2015-02-15,Torino,Cagliari,1.0,1.0,D,,,0.5302165282489552,0.2703953235229714,0.19938814822807346,0.5380582461197838,0.26785529837257366,0.19408645550764247,0.02697096113115549,0.46194225721784776,0.5380577427821522,0.4598115299356801,0.5401884700643199
I1,1415,2015-02-15,Udinese,Lazio,0.0,1.0,A,,,0.3063275414483429,0.291293060886461,0.4023793976651962,0.3052632264273639,0.28964114423424636,0.4050956293383897,0.0265454666223377,0.44908616187989553,0.5509138381201044,0.44626915021678265,0.5537308497832173
I1,1415,2015-02-20,Juventus,Atalanta,2.0,1.0,H,,,0.8037294653305396,0.14024018529961027,0.05603034936985015,0.8196648324543815,0.1333618668685516,0.04697330067706693,0.024033345747739077,0.5861182519280206,0.4138817480719795,0.5912607605804253,0.4087392394195746
I1,1415,2015-02-22,Empoli,Chievo,3.0,0.0,H,,,0.47727442372971723,0.2949615227397942,0.2277640535304886,0.48292278904288805,0.2934361464053052,0.2236410645518068,0.026518829399719834,0.37749999999999995,0.6225,0.3696773850334491,0.630322614966551
I1,1415,2015-02-22,Fiorentina,Torino,1.0,1.0,D,,,0.5337152764690363,0.2683653085070295,0.19791941502393426,0.5415455015562657,0.26579399340227533,0.19266050504145898,0.026456711115315557,0.4671916010498688,0.5328083989501312,0.46540654231752615,0.5345934576824739
I1,1415,2015-02-22,Lazio,Palermo,2.0,1.0,H,,,0.5901499806908727,0.2474326741959128,0.16241734511321454,0.600161823617023,0.24402339921600857,0.15581477716696845,0.02649761165957898,0.5250659630606861,0.47493403693931396,0.5265214963685101,0.47347850363148986
I1,1415,2015-02-22,Milan,Cesena,2.0,0.0,H,,,0.6778027807365918,0.2113416242831244,0.11085559498028372,0.6915748008148284,0.20630987805729367,0.102115321127878,0.027516001602634788,0.5013192612137204,0.4986807387862796,0.5013923698131533,0.49860763018684684
I1,1415,2015-02-22,Verona,Roma,1.0,1.0,D,,,0.19321687384772648,0.260445758720771,0.5463373674315024,0.18784396605883819,0.2576001322453237,0.5545559016958381,0.02613006718456745,0.49473684210526314,0.5052631578947367,0.4944592198579216,0.5055407801420785
I1,1415,2015-02-23,Cagliari,Inter,1.0,2.0,A,,,0.2916381433483622,0.28897072130554174,0.419391135346096,0.2899359341209122,0.28716058013174345,0.42290348574734443,0.027550795930437744,0.4710526315789474,0.5289473684210526,0.4694266099690281,0.5305733900309719
I1,1415,2015-02-23,Napoli,Sassuolo,2.0,0.0,H,,,0.6309450313127195,0.2258753095391597,0.1431796591481209,0.6434582457814869,0.22126370277671456,0.1352780514417984,0.028731211088597775,0.5736434108527132,0.4263565891472868,0.5778050778140774,0.42219492218592264
I1,1415,2015-02-24,Sampdoria,Genoa,1.0,1.0,D,,,0.4039166809354481,0.2957022430524308,0.30038107601212116,0.40671718455586203,0.2942097971646725,0.2990730182794655,0.02677420456893742,0.4412532637075718,0.5587467362924282,0.43778687164624175,0.5622131283537581
I1,1415,2015-02-28,Chievo,Milan,0.0,0.0,D,,,0.3164323353002598,0.3023238872295476,0.3812437774701925,0.31576216039215854,0.30109779411869503,0.38314004548914643,0.026713870465755463,0.4138817480719795,0.5861182519280206,0.4087392394195746,0.5912607605804253
I1,1415,2015-03-01,Atalanta,Sampdoria,1.0,2.0,A,,,0.38116363224234373,0.3003472924947582,0.318489075262898,0.3830644190774351,0.2990380190722948,0.31789756185026996,0.026824864326044917,0.42010309278350516,0.5798969072164949,0.4154737559778157,0.5845262440221842
I1,1415,2015-03-01,Cagliari,Verona,1.0,2.0,A,,,0.47125223947857253,0.27615656016091267,0.25259120036051486,0.47695447122719775,0.2737852988002059,0.24926022997259642,0.027932470780797303,0.5145118733509234,0.48548812664907653,0.5153288740238595,0.48467112597614054
I1,1415,2015-03-01,Cesena,Udinese,1.0,0.0,H,,,0.30921422716533536,0.29851813754640866,0.392267635288256,0.30825798446903796,0.29714070257724107,0.3946013129537209,0.026722919195890427,0.41538461538461535,0.5846153846153845,0.4106562703135704,0.5893437296864297
I1,1415,2015-03-01,Inter,Fiorentina,0.0,1.0,A,,,0.43617233240351894,0.2890138859087147,0.2748137816877663,0.44011692211901826,0.2873112558577062,0.2725718220232756,0.0258757455740124,0.4986807387862796,0.5013192612137204,0.49860763018684684,0.5013923698131533
I1,1415,2015-03-01,Palermo,Empoli,0.0,0.0,D,,,0.42795920581534125,0.295052620158403,0.27698817402625586,0.4316486246627869,0.29355687696885613,0.274794498368357,0.026307146064937115,0.4643799472295515,0.5356200527704486,0.4622145096316831,0.537785490368317
I1,1415,2015-03-01,Sassuolo,Lazio,0.0,3.0,A,,,0.28200002320033096,0.28798184187427744,0.43001813492539165,0.2800107715374616,0.2862223718535674,0.43376685660897096,0.026157618849538267,0.4761904761904762,0.5238095238095238,0.4747474747483622,0.5252525252516378
I1,1415,2015-03-01,Torino,Napoli,1.0,0.0,H,,,0.2924648786717752,0.2924648786717752,0.4150702426564495,0.29088640323578113,0.29088640323578113,0.41822719352843785,0.026054465910419822,0.4593175853018373,0.5406824146981627,0.45700416089548346,0.5429958391045165
I1,1415,2015-03-02,Roma,Juventus,1.0,1.0,D,,,0.29566850485065255,0.2947474191657595,0.4095840759835879,0.29407958662499445,0.2931199512181347,0.41280046215687083,0.028486012248322368,0.4375,0.5625,0.43386243386060414,0.5661375661393959
I1,1415,2015-03-07,Milan,Verona,2.0,2.0,D,,,0.5881804945954363,0.24854871293927888,0.16327079246528495,0.598775867182314,0.2449555354445863,0.15626859737309967,0.028291985159739852,0.5250659630606861,0.47493403693931396,0.5265214963685101,0.47347850363148986
I1,1415,2015-03-07,Sampdoria,Cagliari,2.0,0.0,H,,,0.5181788598645091,0.27249060734254354,0.20933053279294736,0.5256646822459997,0.2699988302740984,0.20433648747990188,0.02741017285734415,0.4722955145118733,0.5277044854881265,0.47067039106305425,0.5293296089369458
I1,1415,2015-03-08,Cesena,Palermo,0.0,0.0,D,,,0.29503407212428495,0.2914028835442938,0.4135630443314213,0.2934466065455559,0.2896661838241135,0.41688720963033055,0.027974030235782266,0.4578947368421053,0.5421052631578948,0.45536212476552757,0.5446378752344725
I1,1415,2015-03-08,Chievo,Roma,0.0,0.0,D,,,0.201492464166811,0.28101322895668,0.5174943068765091,0.1960563932419814,0.27880466345313315,0.5251389433048855,0.02812254778109491,0.41494845360824745,0.5850515463917526,0.40970531096250845,0.5902946890374915
I1,1415,2015-03-08,Empoli,Genoa,1.0,1.0,D,,,0.4368324181959601,0.29077495321632923,0.2723926285877107,0.4410491685439489,0.2890371086180738,0.2699137228379774,0.0275059255072847,0.4360313315926892,0.5639686684073107,0.4320802838861742,0.5679197161138259
I1,1415,2015-03-08,Napoli,Inter,2.0,2.0,D,,,0.49673851537358665,0.27185402990359614,0.23140745472281724,0.5032887059338411,0.2693749688855368,0.22733632518062213,0.027093170443549752,0.5185185185185185,0.4814814814814815,0.5196232339053608,0.4803767660946392
I1,1415,2015-03-08,Parma,Atalanta,0.0,0.0,D,,,0.2700333776559659,0.2944289164473149,0.43553770589671925,0.2673148364221107,0.2927488126305472,0.4399363509473422,0.029078123159706593,0.422279792746114,0.5777202072538861,0.41746678039253876,0.5825332196074612
I1,1415,2015-03-08,Udinese,Torino,3.0,2.0,H,,,0.35827979632630563,0.3051156975165958,0.3366045061570986,0.3593359544285739,0.3039224150234722,0.3367416305479539,0.02862435218412429,0.4015345268542199,0.5984654731457799,0.3952038760800564,0.6047961239199436
I1,1415,2015-03-09,Juventus,Sassuolo,1.0,0.0,H,,,0.789031340823593,0.14544356512877293,0.06552509404763403,0.8080351841169325,0.1372108081465291,0.05475400773653826,0.029689447255805135,0.6030534351145038,0.3969465648854962,0.6095423563901756,0.3904576436098243
I1,1415,2015-03-09,Lazio,Fiorentina,4.0,0.0,H,,,0.46632401756076663,0.28257843452189735,0.2510975479173359,0.4718847851567642,0.28044668061450706,0.24766853422872878,0.0282533906865865,0.48275862068965525,0.5172413793103448,0.48168498168755036,0.5183150183124496
I1,1415,2015-03-14,Cagliari,Empoli,1.0,1.0,D,,,0.3933596310280629,0.2916912956238867,0.3149490733480504,0.3957994541901021,0.29000143297279096,0.31419911283710694,0.02744206041097641,0.4986807387862796,0.5013192612137204,0.49860763018684684,0.5013923698131533
I1,1415,2015-03-14,Palermo,Juventus,0.0,1.0,A,,,0.20807145219980153,0.2790605358914985,0.5128680119086998,0.20308398737651048,0.2768575929824391,0.5200584196410504,0.027104390785098076,0.44010416666666663,0.5598958333333334,0.4367001513590554,0.5632998486409446
I1,1415,2015-03-15,Atalanta,Udinese,0.0,0.0,D,,,0.40176483053388723,0.3010047619238012,0.29723040754231156,0.4045377351257189,0.2996942696391642,0.2957679952351169,0.027351235272362828,0.422279792746114,0.5777202072538861,0.41746678039253876,0.5825332196074612
I1,1415,2015-03-15,Genoa,Chievo,0.0,2.0,A,,,0.5006570841889116,0.283305954825462,0.21603696098562625,0.5077084757792479,0.28116982970632143,0.2111216945144307,0.028526907553896308,0.4087403598971723,0.5912596401028277,0.4029258955251093,0.5970741044748907
I1,1415,2015-03-15,Inter,Cesena,1.0,1.0,D,,,0.6971246458468,0.19834508752126526,0.10453026663193472,0.7119208080086892,0.19268024975476125,0.09539894223654974,0.0280873104929924,0.5264550264550264,0.4735449735449735,0.5280733275309587,0.4719266724690414
I1,1415,2015-03-15,Sassuolo,Parma,4.0,1.0,H,,,0.588500028984438,0.25199070390025136,0.15950926711531063,0.5989995046608374,0.24857057023057058,0.15242992510859213,0.02800827194005251,0.467018469656992,0.5329815303430079,0.4650388767684244,0.5349611232315755
I1,1415,2015-03-15,Verona,Napoli,2.0,0.0,H,,,0.21460290350128097,0.26421861656703677,0.5211784799316823,0.2098425493512446,0.261412664644889,0.5287447860038663,0.027253086445853114,0.5471204188481674,0.4528795811518324,0.5497828912734765,0.45021710872652343
I1,1415,2015-03-16,Fiorentina,Milan,2.0,1.0,H,,,0.4955703985243977,0.2735663182605779,0.2308632832150243,0.5023695723389842,0.2710448013800669,0.22658562628094894,0.02834365447051823,0.4986807387862796,0.5013192612137204,0.49860763018684684,0.5013923698131533
I1,1415,2015-03-16,Roma,Sampdoria,0.0,2.0,A,,,0.5842874062376628,0.2558231346229767,0.15988945913936045,0.5948054286693834,0.2524980172084412,0.1526965541221754,0.0285369292832911,0.4696569920844328,0.5303430079155673,0.4678573425068856,0.5321426574931143
I1,1415,2015-03-16,Torino,Lazio,0.0,2.0,A,,,0.3135360685814486,0.3015537984445779,0.3849101329739734,0.3127121827126646,0.30023454469447974,0.38705327259285566,0.028061088640242815,0.4386422976501305,0.5613577023498694,0.43493909191841096,0.5650609080815892
I1,1415,2015-03-21,Chievo,Palermo,1.0,0.0,H,,,0.38458471977025144,0.3042052767314529,0.3112100034982956,0.38674786628184576,0.30297664009688,0.3102754936212742,0.02850793581455946,0.4051282051282052,0.5948717948717949,0.3990615451902409,0.600938454809759
I1,1415,2015-03-21,Milan,Cagliari,3.0,1.0,H,,,0.5269528382180005,0.25845098332218014,0.21459617845981924,0.5347574726569168,0.25541215555560254,0.20983037178748074,0.027275895001366735,0.5394736842105263,0.46052631578947373,0.541811846683402,0.45818815331659807
I1,1415,2015-03-22,Cesena,Roma,0.0,1.0,A,,,0.16966130981286773,0.26105345183913625,0.5692852383479959,0.1626646956230525,0.25786447493607717,0.5794708294408704,0.0293677921872586,0.450261780104712,0.549738219895288,0.44739756368406325,0.5526024363159369
I1,1415,2015-03-22,Empoli,Sassuolo,3.0,1.0,H,,,0.46624194439329775,0.28855827656048605,0.24519977904621618,0.4718167596778753,0.2866670289918303,0.24151621133029436,0.028349190251901746,0.4412532637075718,0.5587467362924282,0.43778687164624175,0.5622131283537581
I1,1415,2015-03-22,Juventus,Genoa,1.0,0.0,H,,,0.7308295013743674,0.18200734708557045,0.08716315154006217,0.7463487992031816,0.17587486829707275,0.0777763324997456,0.027150958077982068,0.5485564304461943,0.4514435695538058,0.5514632246504734,0.44853677534952663
I1,1415,2015-03-22,Lazio,Verona,2.0,0.0,H,,,0.6805327582207632,0.20698917591397392,0.11247806586526288,0.695265392906364,0.2014619209464527,0.1032726861471832,0.029253334971144795,0.5613577023498694,0.4386422976501305,0.5650609080815892,0.43493909191841096
I1,1415,2015-03-22,Napoli,Atalanta,1.0,1.0,D,,,0.6549541795352134,0.21583717280137715,0.12920864766340945,0.6676173761247567,0.21110705209991001,0.12127557177533331,0.026946632424369454,0.5394736842105263,0.46052631578947373,0.541811846683402,0.45818815331659807
I1,1415,2015-03-22,Parma,Torino,0.0,2.0,A,,,0.22414222608951936,0.28576440909298234,0.4900933648174983,0.21953232305869763,0.28372212908770256,0.4967455478535998,0.02871420292649418,0.4113110539845758,0.5886889460154241,0.4058406113391472,0.5941593886608528
I1,1415,2015-03-22,Sampdoria,Inter,1.0,0.0,H,,,0.35281386170330725,0.298277965099326,0.3489081731973666,0.35364262160152315,0.29678713300527076,0.349570245393206,0.02880336600355804,0.4296875,0.5703125,0.4252801992588368,0.5747198007411632
I1,1415,2015-03-22,Udinese,Fiorentina,2.0,2.0,D,,,0.27821347866542606,0.29376578492622624,0.42802073640834776,0.2758812694659062,0.2920860114644452,0.4320327190696487,0.028617891250178218,0.4450261780104712,0.5549738219895288,0.44173140953637374,0.5582685904636263
I1,1415,2015-04-04,Atalanta,Torino,1.0,2.0,A,,,0.3375137117503561,0.3059398483930647,0.3565464398565792,0.3376808818267397,0.30483823706326973,0.35748088110999043,0.0271996206138283,0.4066496163682865,0.5933503836317136,0.4010518325644492,0.5989481674355508
I1,1415,2015-04-04,Cagliari,Lazio,1.0,3.0,A,,,0.22222222222222227,0.25925925925925924,0.5185185185185185,0.2177934358301699,0.2562802902308361,0.525926273938994,0.02705276501365006,0.5471204188481674,0.4528795811518324,0.5497828912734765,0.45021710872652343
I1,1415,2015-04-04,Fiorentina,Sampdoria,2.0,0.0,H,,,0.5587798355947311,0.26096860453600074,0.1802515598692681,0.567606512922022,0.25808977553308776,0.17430371154489027,0.02655292523559183,0.49340369393139843,0.5065963060686015,0.49303698752158454,0.5069630124784155
I1,1415,2015-04-04,Genoa,Udinese,1.0,1.0,D,,,0.4813289273912655,0.2822077342145217,0.23646333839421274,0.48732650895283114,0.2801210074587247,0.23255248358844421,0.027386708883568645,0.44386422976501305,0.556135770234987,0.4406241369777816,0.5593758630222184
I1,1415,2015-04-04,Inter,Parma,1.0,1.0,D,,,0.7870423947685419,0.14856806515911633,0.06438954007234184,0.8039283801682353,0.14136422244336902,0.0547073973883957,0.026311516761779785,0.5897435897435896,0.41025641025641024,0.5951086956466841,0.40489130435331583
I1,1415,2015-04-04,Juventus,Empoli,2.0,0.0,H,,,0.6919809016613185,0.2025670588196595,0.10545203951902184,0.706588410459135,0.19706659641214141,0.09634499312872366,0.02811273536644876,0.5092348284960422,0.4907651715039578,0.5097498467882865,0.49025015321171345
I1,1415,2015-04-04,Palermo,Milan,1.0,2.0,A,,,0.38403492108400866,0.2955035062546733,0.32046157266131803,0.3860717124153452,0.29398616505220354,0.31994212253245125,0.027121545281261206,0.4476439790575916,0.5523560209424083,0.44456916381726636,0.5554308361827337
I1,1415,2015-04-04,Roma,Napoli,1.0,0.0,H,,,0.4296221662468514,0.28947103274559194,0.2809068010075567,0.4334240278640524,0.28773758811104244,0.2788383840249052,0.02664350369013846,0.4710526315789474,0.5289473684210526,0.4694266099690281,0.5305733900309719
I1,1415,2015-04-04,Sassuolo,Chievo,1.0,0.0,H,,,0.42923597787188705,0.3079907503561267,0.2627732717719863,0.43308809854742414,0.3069643156906994,0.25994758576187643,0.02712221979163587,0.4030612244897959,0.596938775510204,0.39721951747383916,0.6027804825261608
I1,1415,2015-04-04,Verona,Cesena,3.0,3.0,D,,,0.5098080133555927,0.27170283806343903,0.2184891485809683,0.5169584912082902,0.2691837764018319,0.21385773238987796,0.027408522204495966,0.47757255936675463,0.5224274406332454,0.4762821585986352,0.5237178414013648
I1,1415,2015-04-08,Parma,Udinese,1.0,0.0,H,,,0.2528711803971972,0.2946224967867656,0.4525063228160372,0.24946011964889617,0.29296449555944565,0.45757538479165816,0.028746837750077248,0.42377260981912146,0.5762273901808785,0.4193371978686282,0.5806628021313719
I1,1415,2015-04-11,Genoa,Cagliari,2.0,0.0,H,,,0.49048366578194824,0.26741058614665536,0.24210574807139643,0.49705798619275443,0.2646432552567233,0.23829875855052227,0.028280870290473104,0.536842105263158,0.4631578947368421,0.5389928698823863,0.46100713011761374
I1,1415,2015-04-11,Parma,Juventus,1.0,0.0,H,,,0.08603136873283401,0.191567825113598,0.7224008061535679,0.07590318421974167,0.18532497033541345,0.7387718454448449,0.029365335358306766,0.48677248677248675,0.5132275132275131,0.4859928283276833,0.5140071716723167
I1,1415,2015-04-11,Verona,Inter,0.0,3.0,A,,,0.2856208517966679,0.28138315369879446,0.4329959945045377,0.28368918044767105,0.2792817112609926,0.4370291082913364,0.027315762359648943,0.5250659630606861,0.47493403693931396,0.5265214963685101,0.47347850363148986
I1,1415,2015-04-12,Atalanta,Sassuolo,2.0,1.0,H,,,0.44339281843797407,0.2937649013799581,0.2628422801820678,0.44779313127022213,0.2921760951350011,0.2600307735947768,0.026991133112460375,0.4285714285714286,0.5714285714285715,0.42424242423297087,0.5757575757670291
I1,1415,2015-04-12,Cesena,Chievo,0.0,1.0,A,,,0.35093486747483044,0.3106636531744401,0.3384014793507294,0.35165601997596774,0.3097355513437461,0.3386084286802862,0.027693354641087353,0.389873417721519,0.610126582278481,0.3827935549955006,0.6172064450044995
I1,1415,2015-04-12,Lazio,Empoli,4.0,0.0,H,,,0.6373434199965633,0.2271870085633683,0.13546957144006838,0.6493211066852075,0.2229084556868353,0.12777043762795726,0.02691820776090026,0.5329815303430079,0.467018469656992,0.5349611232315755,0.4650388767684244
I1,1415,2015-04-12,Milan,Sampdoria,1.0,1.0,D,,,0.4792087723070308,0.28239088368092885,0.2384003440120404,0.4850470737091349,0.2803383798297942,0.2346145464610708,0.027040058746933937,0.4643799472295515,0.5356200527704486,0.4622145096316831,0.537785490368317
I1,1415,2015-04-12,Napoli,Fiorentina,3.0,0.0,H,,,0.4747594760635214,0.2760229511997218,0.24921757273675665,0.4803410678806844,0.27375332249623635,0.24590560962307928,0.02664998429827392,0.5277044854881265,0.4722955145118733,0.5293296089369458,0.47067039106305425
I1,1415,2015-04-12,Torino,Roma,1.0,1.0,D,,,0.3399781819073262,0.30208252468835667,0.357939293404317,0.3402436497822832,0.3008291928066501,0.3589271574110668,0.027130678528919816,0.41025641025641024,0.5897435897435896,0.40489130435331583,0.5951086956466841
I1,1415,2015-04-12,Udinese,Palermo,1.0,3.0,A,,,0.4128207961109884,0.29858107894819913,0.2885981249408125,0.41595677381911234,0.29720851879520005,0.28683470738568756,0.026621189899742603,0.43116883116883115,0.5688311688311688,0.42710568301330365,0.5728943169866965
I1,1415,2015-04-15,Genoa,Parma,2.0,0.0,H,,,0.5790099679737243,0.2532203593271754,0.16776967269910034,0.5886997279641809,0.25000333720843715,0.16129693482738197,0.026793151162564754,0.48548812664907653,0.5145118733509234,0.48467112597614054,0.5153288740238595
I1,1415,2015-04-18,Juventus,Lazio,2.0,0.0,H,,,0.4876169722279641,0.2821522539598011,0.2302307738122348,0.4935382155136537,0.2801720632932371,0.2262897211931092,0.025924392277374864,0.4593175853018373,0.5406824146981627,0.45700416089548346,0.5429958391045165
I1,1415,2015-04-18,Sampdoria,Cesena,0.0,0.0,D,,,0.6140670553935861,0.24562682215743442,0.1403061224489796,0.6260361098770789,0.2417767883198869,0.1321871018030342,0.029146501678042114,0.45669291338582685,0.5433070866141733,0.4541895718808615,0.5458104281191385
I1,1415,2015-04-19,Cagliari,Napoli,0.0,3.0,A,,,0.24002449971105558,0.2583369956018174,0.5016385046871269,0.2362390624547944,0.2552816948538157,0.5084792426913899,0.0274721325840801,0.5751295336787565,0.4248704663212435,0.5796528235537732,0.42034717644622677
I1,1415,2015-04-19,Chievo,Udinese,1.0,1.0,D,,,0.4196939865898958,0.3069606503861374,0.2733453630239667,0.42316989012361933,0.30589350507290564,0.27093660480347515,0.027171756606549025,0.3888888888888889,0.6111111111111112,0.3819362455758829,0.6180637544241171
I1,1415,2015-04-19,Empoli,Parma,2.0,2.0,D,,,0.6036783267219619,0.25073411982896304,0.14558755344907529,0.6147359583965339,0.24726212214079968,0.13800191946266627,0.02790200524032116,0.4593175853018373,0.5406824146981627,0.45700416089548346,0.5429958391045165
I1,1415,2015-04-19,Inter,Milan,0.0,0.0,D,,,0.42746559409984514,0.28669897852013787,0.285835427380017,0.43121986147690167,0.2848389057668599,0.2839412327562385,0.026915315887890756,0.4986807387862796,0.5013192612137204,0.49860763018684684,0.5013923698131533
I1,1415,2015-04-19,Palermo,Genoa,2.0,1.0,H,,,0.4367825387106588,0.2916363412314245,0.2715811200579168,0.4410063541457687,0.2899295516778926,0.26906409417633875,0.027566438540816307,0.44908616187989553,0.5509138381201044,0.44626915021678265,0.5537308497832173
I1,1415,2015-04-19,Roma,Atalanta,1.0,1.0,D,,,0.671734197016767,0.21332099499856785,0.11494480798466522,0.68575695678017,0.2081939970887877,0.10604904613104224,0.028514103265479207,0.5065963060686015,0.49340369393139843,0.5069630124784155,0.49303698752158454
I1,1415,2015-04-19,Sassuolo,Torino,1.0,1.0,D,,,0.3006660323501428,0.29971455756422455,0.39961941008563273,0.2993138282456284,0.29832323236189895,0.4023629393924727,0.027944997535087168,0.43005181347150256,0.5699481865284974,0.42606790800423666,0.5739320919957633
I1,1415,2015-04-20,Fiorentina,Verona,0.0,1.0,A,,,0.649754438987533,0.2151114469210427,0.13513411409142426,0.6624840187851401,0.21026008322232714,0.12725589799253284,0.027514494489878416,0.5876288659793815,0.4123711340206186,0.5932017543885617,0.4067982456114384
I1,1415,2015-04-25,Inter,Roma,2.0,1.0,H,,,0.39577329490874164,0.2968299711815562,0.30739673390970224,0.3982171474106003,0.29540246264221937,0.3063803899471803,0.026408931938931346,0.4593175853018373,0.5406824146981627,0.45700416089548346,0.5429958391045165
I1,1415,2015-04-25,Udinese,Milan,2.0,1.0,H,,,0.30336885596352636,0.29766285867267633,0.39896828536379725,0.3021876913148852,0.2962582958582339,0.4015540128268808,0.026582959573715925,0.4348958333333333,0.5651041666666667,0.43101354895108535,0.5689864510489147
I1,1415,2015-04-26,Atalanta,Empoli,2.0,2.0,D,,,0.38304471439648485,0.31248384595502715,0.30447143964848794,0.38498601097621066,0.3116689272637718,0.3033450617600175,0.02635147306136787,0.4138817480719795,0.5861182519280206,0.4087392394195746,0.5912607605804253
I1,1415,2015-04-26,Fiorentina,Cagliari,1.0,3.0,A,,,0.655383507382067,0.20885848037450483,0.13575801224342815,0.6679036988731666,0.20393520011097763,0.12816110101585582,0.026569220004603267,0.6180904522613065,0.38190954773869346,0.6256953359021532,0.37430466409784674
I1,1415,2015-04-26,Genoa,Cesena,3.0,1.0,H,,,0.6018216980470354,0.24381494433700418,0.1543633576159604,0.6121274015287325,0.24031122856930515,0.14756136990196245,0.026112622348591685,0.48548812664907653,0.5145118733509234,0.48467112597614054,0.5153288740238595
I1,1415,2015-04-26,Lazio,Chievo,1.0,1.0,D,,,0.6892600938443182,0.20632948579287613,0.10441042036280561,0.7028351082941349,0.2013278287255503,0.09583706298031487,0.026269756257534027,0.5065963060686015,0.49340369393139843,0.5069630124784155,0.49303698752158454
I1,1415,2015-04-26,Napoli,Sampdoria,4.0,2.0,H,,,0.6415020770207658,0.21825817792890426,0.1402397450503299,0.6537026655800968,0.21361817186826285,0.13267916255164042,0.02703549899160862,0.5662337662337663,0.43376623376623374,0.5700433994285419,0.42995660057145807
I1,1415,2015-04-26,Parma,Palermo,1.0,0.0,H,,,0.2882430812366496,0.28650143119896593,0.4252554875643844,0.2864204756577435,0.28460908221613873,0.4289704421261178,0.02727804402820766,0.4894736842105264,0.5105263157894737,0.4889147544617743,0.5110852455382258
I1,1415,2015-04-26,Torino,Juventus,2.0,1.0,H,,,0.22525717589491573,0.29089960445325,0.48384321965183424,0.2209100849663041,0.28916270649962494,0.489927208534071,0.027331555727869272,0.41752577319587636,0.5824742268041238,0.41259696274363056,0.5874030372563693
I1,1415,2015-04-26,Verona,Sassuolo,3.0,2.0,H,,,0.4330047716902929,0.28476890390442683,0.28222632440528017,0.43703668522924444,0.28280385814242437,0.2801594566283311,0.02730502816848457,0.5065963060686015,0.49340369393139843,0.5069630124784155,0.49303698752158454
I1,1415,2015-04-28,Udinese,Inter,1.0,2.0,A,,,0.2884941700266202,0.2902532808194654,0.4212525491539144,0.28681768935113156,0.28864205272962457,0.42454025791924394,0.025216355687007308,0.46194225721784776,0.5380577427821522,0.4598115299356801,0.5401884700643199
I1,1415,2015-04-29,Cesena,Atalanta,2.0,2.0,D,,,0.33053225865752667,0.3060088975313231,0.36345884381115007,0.3304186432911632,0.30491451937824,0.3646668373305968,0.027081431704573333,0.4092071611253197,0.5907928388746803,0.40395021644738066,0.5960497835526194
I1,1415,2015-04-29,Chievo,Cagliari,1.0,0.0,H,,,0.44379414271797374,0.27769575012177306,0.27851010716025326,0.44813382101967875,0.2755100888942864,0.27635609008603484,0.02651134878396988,0.5013192612137204,0.4986807387862796,0.5013923698131533,0.49860763018684684
I1,1415,2015-04-29,Juventus,Fiorentina,3.0,2.0,H,,,0.5636755741454125,0.2566327817247407,0.17969164412984687,0.5732505698211289,0.2533935780849583,0.17335585209391288,0.028225632151588798,0.47493403693931396,0.5250659630606861,0.47347850363148986,0.5265214963685101
I1,1415,2015-04-29,Lazio,Parma,4.0,0.0,H,,,0.7566686618435435,0.16381486493520014,0.07951647322125645,0.7720567719354338,0.15743531183818177,0.07050791622638444,0.02533751167356968,0.6155778894472362,0.3844221105527638,0.6227157529602223,0.37728424703977775
I1,1415,2015-04-29,Milan,Genoa,1.0,3.0,A,,,0.48883174863310774,0.27408485327983495,0.23708339808705722,0.49511995846902523,0.27167614603973583,0.2332038954912389,0.027328022988513112,0.4986807387862796,0.5013192612137204,0.49860763018684684,0.5013923698131533
I1,1415,2015-04-29,Palermo,Torino,2.0,2.0,D,,,0.36315228966986157,0.29712460063897767,0.3397231096911608,0.3643667938289305,0.2956517732454309,0.33998143292563854,0.027528272243216634,0.44010416666666663,0.5598958333333334,0.4367001513590554,0.5632998486409446
I1,1415,2015-04-29,Sampdoria,Verona,1.0,1.0,D,,,0.5781452910816361,0.2475609079305178,0.17429380098784616,0.5880867025817431,0.24402649163968956,0.16788680577856735,0.027582672191783786,0.5406824146981627,0.4593175853018373,0.5429958391045165,0.45700416089548346
I1,1415,2015-04-29,Sassuolo,Roma,0.0,3.0,A,,,0.200914509160859,0.2614108668916149,0.5376746239475261,0.19537127453862754,0.2583483838057836,0.5462803416555888,0.028543480671942234,0.4631578947368421,0.536842105263158,0.46100713011761374,0.5389928698823863
I1,1415,2015-04-30,Empoli,Napoli,4.0,2.0,H,,,0.21360689661936194,0.260682796700764,0.5257103066798741,0.2085855286652648,0.2575976568973762,0.5338168144373591,0.028534084325656295,0.5197889182058046,0.4802110817941952,0.5209181681264694,0.47908183187353065
I1,1415,2015-05-02,Sampdoria,Juventus,0.0,1.0,A,,,0.30606126369430847,0.30024997387732794,0.3936887624283636,0.3049695815475423,0.2989271527714138,0.396103265681044,0.026999950758181512,0.42010309278350516,0.5798969072164949,0.4154737559778157,0.5845262440221842
I1,1415,2015-05-02,Sassuolo,Palermo,0.0,0.0,D,,,0.35535295480503853,0.2919361197936778,0.3527109254012836,0.35623131957520743,0.29028516949154054,0.35348351093325203,0.026992656756192446,0.5263157894736842,0.47368421052631576,0.5277777777735805,0.47222222222641946
I1,1415,2015-05-03,Atalanta,Lazio,1.0,1.0,D,,,0.18903427529896416,0.25491753478653884,0.5560481899144969,0.18352608200955445,0.2518705186382331,0.5646033993522125,0.026023980462923646,0.4960422163588391,0.503957783641161,0.49582265790303864,0.5041773420969614
I1,1415,2015-05-03,Fiorentina,Cesena,3.0,1.0,H,,,0.7066064409351079,0.18712502586028554,0.1062685332046066,0.7221732231926847,0.18085998343020387,0.09696679337711143,0.028828261187300086,0.6075949367088608,0.3924050632911393,0.614247311844676,0.38575268815532404
I1,1415,2015-05-03,Inter,Chievo,0.0,0.0,D,,,0.6675621120941726,0.2134995944084966,0.11893829349733062,0.6811964006256236,0.2084739752041112,0.11032962417026522,0.02802268764935434,0.5263157894736842,0.47368421052631576,0.5277777777735805,0.47222222222641946
I1,1415,2015-05-03,Napoli,Milan,3.0,0.0,H,,,0.6271937125881881,0.2212762864505056,0.15153000096130623,0.6393965490449192,0.21654937553348558,0.14405407542159523,0.028330516768619418,0.5948717948717949,0.4051282051282052,0.600938454809759,0.3990615451902409
I1,1415,2015-05-03,Roma,Genoa,2.0,0.0,H,,,0.6095686425208954,0.2347968104524931,0.15563454702661159,0.6201634965169633,0.23095478151295423,0.1488817219700824,0.02609249553643167,0.549738219895288,0.450261780104712,0.5526024363159369,0.44739756368406325
I1,1415,2015-05-03,Verona,Udinese,0.0,1.0,A,,,0.4434309074545815,0.2774684625592995,0.27910062998611895,0.4478260024572901,0.2752386974737452,0.2769353000689647,0.026943680131807923,0.5535248041775457,0.4464751958224543,0.5565486042241833,0.4434513957758167
I1,1415,2015-05-04,Cagliari,Parma,4.0,0.0,H,,,0.5719479400738451,0.24789388525393802,0.18015817467221684,0.5813892481445202,0.24447045191840094,0.17414029993707877,0.026845291489735246,0.5651041666666667,0.4348958333333333,0.5689864510489147,0.43101354895108535
I1,1415,2015-05-06,Torino,Empoli,0.0,1.0,A,,,0.5172848015694175,0.27046605339200974,0.21224914503857267,0.5249811467007072,0.2678085952847345,0.20721025801455825,0.028327055042609572,0.49340369393139843,0.5065963060686015,0.49303698752158454,0.5069630124784155
I1,1415,2015-05-09,Juventus,Cagliari,1.0,1.0,D,,,0.6090146223807849,0.2336566001708457,0.15732877744836943,0.6211599547595771,0.2291854625330915,0.14965458270733145,0.03005678323097527,0.5459317585301837,0.4540682414698162,0.5486327256567128,0.4513672743432872
I1,1415,2015-05-09,Milan,Roma,2.0,1.0,H,,,0.24664460815677386,0.27865747765204835,0.47469791419117785,0.24288925656381188,0.27627048540153576,0.48084025803465247,0.029380388325080276,0.49340369393139843,0.5065963060686015,0.49303698752158454,0.5069630124784155
I1,1415,2015-05-10,Cesena,Sassuolo,2.0,3.0,A,,,0.3703163136398759,0.2887787766916463,0.3409049096684778,0.3719287356052748,0.28683964840161963,0.34123161599310564,0.02949985337909311,0.4960422163588391,0.503957783641161,0.49582265790303864,0.5041773420969614
I1,1415,2015-05-10,Chievo,Verona,2.0,2.0,D,,,0.4182385578335822,0.2944607914965407,0.2873006506698771,0.42188458980658355,0.2927901402240015,0.28532526996941493,0.029006806784309447,0.44386422976501305,0.556135770234987,0.4406241369777816,0.5593758630222184
I1,1415,2015-05-10,Empoli,Fiorentina,2.0,3.0,A,,,0.3498728721906386,0.2853947900044484,0.3647323378049128,0.3505862055027053,0.2833226743206318,0.3660911201766629,0.029304238967597485,0.5171503957783641,0.48284960422163586,0.5181220029000937,0.4818779970999063
I1,1415,2015-05-10,Lazio,Inter,1.0,2.0,A,,,0.5163948463266478,0.2617735647583838,0.22183158891496843,0.5243002388357231,0.2586636200605744,0.2170361411037026,0.029238003073260188,0.5433070866141733,0.45669291338582685,0.5458104281191385,0.4541895718808615
I1,1415,2015-05-10,Palermo,Atalanta,2.0,3.0,A,,,0.44998175348964514,0.28897910774564367,0.2610391387647113,0.4550181511456555,0.2870563613191493,0.2579254875351952,0.029178183060139418,0.46194225721784776,0.5380577427821522,0.4598115299356801,0.5401884700643199
I1,1415,2015-05-10,Parma,Napoli,2.0,2.0,D,,,0.10652473140206216,0.18914010425296002,0.704335164344978,0.09668854200580522,0.18257572647247486,0.72073573152172,0.03062099008820951,0.6020408163265306,0.39795918367346944,0.6086484137307512,0.3913515862692487
I1,1415,2015-05-10,Udinese,Sampdoria,1.0,4.0,A,,,0.3689615854708917,0.29609456388886607,0.3349438506402421,0.3705086656958172,0.2944802399479119,0.3350110943562709,0.029365387745201588,0.4476439790575916,0.5523560209424083,0.44456916381726636,0.5554308361827337
I1,1415,2015-05-11,Genoa,Torino,5.0,1.0,H,,,0.40092501547762116,0.28812654017504885,0.31094844434732993,0.4039950923416539,0.2860770065260467,0.3099279011322994,0.03070961474440992,0.4907651715039578,0.5092348284960422,0.49025015321171345,0.5097498467882865
I1,1415,2015-05-16,Inter,Juventus,1.0,2.0,A,,,0.42229397172894434,0.2866480292947986,0.29105799897625706,0.42606208319769373,0.2846714419494789,0.28926647485282736,0.028606325155124068,0.48412698412698413,0.5158730158730157,0.48318621269531237,0.5168137873046875
I1,1415,2015-05-16,Sampdoria,Lazio,0.0,1.0,A,,,0.3107931336120764,0.2854414278491577,0.4037654385387659,0.30981410647044666,0.28337371505453113,0.40681217847502216,0.029227996827103198,0.5394736842105263,0.46052631578947373,0.541811846683402,0.45818815331659807
I1,1415,2015-05-17,Atalanta,Genoa,1.0,4.0,A,,,0.3651623093637342,0.2946325175240098,0.340205173112256,0.3665119654183222,0.29299386257866394,0.3404941720030138,0.028677150374278426,0.5171503957783641,0.48284960422163586,0.5181220029000937,0.4818779970999063
I1,1415,2015-05-17,Cagliari,Palermo,0.0,1.0,A,,,0.45859894195831846,0.26914923659092194,0.27225182145075966,0.46403432036430925,0.26636517996508835,0.2696004996706024,0.02932370500639081,0.5839793281653746,0.4160206718346253,0.589320068155592,0.410679931844408
I1,1415,2015-05-17,Roma,Udinese,2.0,1.0,H,,,0.7364912425986502,0.17626599312657865,0.08724276427477123,0.752236425838322,0.16991271228610738,0.07785086187557068,0.027169711189344525,0.6040609137055837,0.39593908629441626,0.6104287869138215,0.3895712130861784
I1,1415,2015-05-17,Sassuolo,Milan,3.0,2.0,H,,,0.3049217019993174,0.2804917733524878,0.4145865246481948,0.3036983189508227,0.27822910236730103,0.4180725786818762,0.028984236530959606,0.5303430079155673,0.4696569920844328,0.5321426574931143,0.4678573425068856
I1,1415,2015-05-17,Torino,Chievo,2.0,0.0,H,,,0.5442336114859593,0.26675112224945613,0.18901526626458465,0.5529998387432231,0.2639392175656881,0.18306094369108877,0.028193241450935602,0.467018469656992,0.5329815303430079,0.4650388767684244,0.5349611232315755
I1,1415,2015-05-17,Verona,Empoli,2.0,1.0,H,,,0.3720515522412256,0.2779443949096215,0.350004052849153,0.37371611855279263,0.27556694106695473,0.3507169403802527,0.02910994435660541,0.5886889460154241,0.4113110539845758,0.5941593886608528,0.4058406113391472
I1,1415,2015-05-18,Fiorentina,Parma,3.0,0.0,H,,,0.7805315585039226,0.14463142201986925,0.07483701947620812,0.8000731745823675,0.1360551650029067,0.06387166041472586,0.03094798675738275,0.6690307328605202,0.33096926713947994,0.6804644119160336,0.31953558808396637
I1,1415,2015-05-18,Napoli,Cesena,3.0,2.0,H,,,0.8208276159975595,0.12227354383383335,0.0568988401686072,0.8423239007763764,0.11243849005098987,0.045237609172633746,0.032026588916778564,0.697986577181208,0.30201342281879195,0.7101139601089824,0.28988603989101763
I1,1415,2015-05-23,Genoa,Inter,3.0,2.0,H,,,0.36756896775029135,0.274608211371584,0.35782282087812456,0.36904937953738903,0.2720710410583588,0.3588795794042521,0.02931261924095452,0.6055979643765903,0.3944020356234097,0.6124966115649725,0.3875033884350276
I1,1415,2015-05-23,Juventus,Napoli,3.0,1.0,H,,,0.3237517076364695,0.28560573604184014,0.3906425563216905,0.32333713676117126,0.2835680303322381,0.39309483290659064,0.02891796571202576,0.536842105263158,0.4631578947368421,0.5389928698823863,0.46100713011761374
I1,1415,2015-05-24,Cesena,Cagliari,0.0,1.0,A,,,0.3767084845817469,0.2756671417784794,0.3476243736397737,0.3785551554822068,0.2732167722278453,0.3482280722899479,0.028816249687224627,0.6030534351145038,0.3969465648854962,0.6095423563901756,0.3904576436098243
I1,1415,2015-05-24,Chievo,Atalanta,1.0,1.0,D,,,0.4439921344050781,0.2865767412978232,0.2694311242970987,0.4487024305957175,0.2845821688623791,0.26671540054190335,0.028755231527611613,0.4788359788359788,0.5211640211640212,0.47756401267728427,0.5224359873227157
I1,1415,2015-05-24,Empoli,Sampdoria,1.0,1.0,D,,,0.3877125492985065,0.2849453675567337,0.3273420831447598,0.3900095740070961,0.2829060187554517,0.32708440723745213,0.028545850422233343,0.5408970976253298,0.4591029023746703,0.5434538828151066,0.4565461171848933
I1,1415,2015-05-24,Milan,Torino,3.0,0.0,H,,,0.38412159968837245,0.28548010127897167,0.33039829903265605,0.38631136162571933,0.2834215252880023,0.3302671130862784,0.029149116249755025,0.549738219895288,0.450261780104712,0.5526024363159369,0.44739756368406325
I1,1415,2015-05-24,Palermo,Fiorentina,2.0,3.0,A,,,0.27427821522309714,0.27427821522309714,0.4514435695538058,0.271657995169371,0.271657995169371,0.45668400966125794,0.029990776907652617,0.5959079283887467,0.4040920716112532,0.6018634215289983,0.39813657847100176
I1,1415,2015-05-24,Parma,Verona,2.0,2.0,D,,,0.3582643725580605,0.27655495425534493,0.3651806731865945,0.35931715700311606,0.27415539995137467,0.36652744304550927,0.028658312279731035,0.6171284634760705,0.3828715365239294,0.6248657357454863,0.3751342642545138
I1,1415,2015-05-24,Udinese,Sassuolo,0.0,1.0,A,,,0.47210097911997173,0.2713224017930872,0.2565766190869412,0.47818184230774075,0.2685998697383631,0.2532182879538961,0.029626874485984445,0.5703125,0.4296875,0.5747198007411632,0.4252801992588368
I1,1415,2015-05-25,Lazio,Roma,1.0,2.0,A,,,0.39119373934954493,0.2921879164277465,0.31661834422270857,0.39360707440898823,0.2904746420631028,0.315918283527909,0.02817060984671116,0.5013192612137204,0.4986807387862796,0.5013923698131533,0.49860763018684684
I1,1415,2015-05-30,Atalanta,Milan,1.0,3.0,A,,,0.3379297798799345,0.27407676914680734,0.3879934509732581,0.33812862721408243,0.27142752491889216,0.39044384786702535,0.030343554099090397,0.6136363636363636,0.3863636363636363,0.6210360687493998,0.37896393125060013
I1,1415,2015-05-30,Verona,Juventus,2.0,2.0,D,,,0.19678394580678807,0.24546747406627994,0.557748580126932,0.1906495445027589,0.2414608896608706,0.5678895658363706,0.030686481622979045,0.6040609137055837,0.39593908629441626,0.6104287869138215,0.3895712130861784
I1,1415,2015-05-31,Cagliari,Udinese,4.0,3.0,H,,,0.41866464520584373,0.2714684298885154,0.30986692490564094,0.4225539888878672,0.2686568825482193,0.3087891285639135,0.030824741581454873,0.6190476190476191,0.38095238095238093,0.6265182186057121,0.3734817813942879
I1,1415,2015-05-31,Fiorentina,Chievo,3.0,0.0,H,,,0.6888076692418326,0.1921927712548494,0.11899955950331786,0.7045672920600636,0.1857901655689263,0.10964254237101016,0.030574987293221056,0.6206030150753769,0.3793969849246231,0.6286966780189376,0.3713033219810624
I1,1415,2015-05-31,Inter,Empoli,4.0,3.0,H,,,0.6217478432585241,0.21725441879378313,0.16099773794769276,0.634202286703932,0.2121807793053255,0.15361693399074255,0.02944997977465391,0.6405867970660147,0.3594132029339854,0.649296359762123,0.35070364023787703
I1,1415,2015-05-31,Napoli,Lazio,2.0,4.0,A,,,0.4521437851883933,0.27631009094846254,0.27154612386314425,0.4572724502348815,0.2738472331917321,0.2688803165733864,0.029167580883949995,0.5356200527704486,0.4643799472295515,0.537785490368317,0.4622145096316831
I1,1415,2015-05-31,Roma,Palermo,1.0,2.0,A,,,0.675713741910925,0.19505138941758662,0.12923486867148837,0.6902360930353744,0.18908033314845857,0.12068357381616708,0.0291230627335608,0.630272952853598,0.3697270471464019,0.6387200760897325,0.3612799239102675
I1,1415,2015-05-31,Sampdoria,Parma,2.0,2.0,D,,,0.6995357331086411,0.18444789837825498,0.11601636851310387,0.7155599423672002,0.1777892032049046,0.10665085442789511,0.03020914806984365,0.642156862745098,0.3578431372549019,0.6516260587545915,0.3483739412454086
I1,1415,2015-05-31,Sassuolo,Genoa,3.0,1.0,H,,,0.3371233472372087,0.27281658157924404,0.3900600711835473,0.3372824714383365,0.270166337086431,0.3925511914752325,0.02971385372802615,0.6405867970660147,0.3594132029339854,0.649296359762123,0.35070364023787703
I1,1415,2015-05-31,Torino,Cesena,5.0,0.0,H,,,0.6968511728852677,0.18841304078011212,0.11473578633462034,0.7117557315685037,0.18233779675623013,0.10590647167526626,0.02824313100427389,0.6180904522613065,0.38190954773869346,0.6256953359021532,0.37430466409784674
