Snapshot,Snapshot UTC,GW,GW finished,ID,Player,Team,Pos,Price,Owned %,Form,Total pts,GW pts,PPG,Minutes,Starts,Goals,Assists,xG,xA,xGI,DEFCON,DEFCON per 90,Bonus,Exp pts next,Status,Chance next GW,Transfers in (GW),Transfers out (GW),Price change (GW),Pens order,Corners/IFK order,Direct FK order,Rise/fall %,Change likelihood
2026-08-28,2026-08-28 15:24,1,True,1,Raya,ARS,GKP,6.0,38.3,6.0,6,6,6.0,90,1,0,0,0.0,0.0,0.0,0,0.0,0,4.0,Available,,101563,77519,0.0,,,,9.4,1
2026-08-28,2026-08-28 15:24,1,True,2,Arrizabalaga,ARS,GKP,5.0,0.1,0.0,0,0,0.0,0,0,0,0,0.0,0.0,0.0,0,0.0,0,2.6,Available,,312,1318,0.0,,,,-65.6,-3
2026-08-28,2026-08-28 15:24,1,True,3,Meslier,ARS,GKP,5.0,0.0,0.0,0,0,0.0,0,0,0,0,0.0,0.0,0.0,0,0.0,0,2.6,Available,,98,472,0.0,,,,-60.2,-3
2026-08-28,2026-08-28 15:24,1,True,4,Gabriel,ARS,DEF,8.0,29.1,5.0,5,5,5.0,90,1,0,0,0.05,0.01,0.06,4,4.0,0,4.0,Available,,56582,117083,0.0,,,,-7.4,-1
2026-08-28,2026-08-28 15:24,1,True,5,J.Timber,ARS,DEF,6.5,0.1,0.0,0,0,0.0,0,0,0,0,0.0,0.0,0.0,0,0.0,0,0.0,Injured,0.0,391,2989,0.0,,,,-50.5,-3
2026-08-28,2026-08-28 15:24,1,True,6,Saliba,ARS,DEF,6.0,0.3,0.0,0,0,0.0,0,0,0,0,0.0,0.0,0.0,0,0.0,0,0.0,Injured,0.0,827,6621,0.0,,,,-44.6,-3
2026-08-28,2026-08-28 15:24,1,True,7,Lewis-Skelly,ARS,MID,5.5,0.7,3.0,3,3,3.0,90,1,0,0,0.06,0.11,0.17,7,7.0,0,2.0,Available,,9240,8585,0.0,,,,1.0,1
2026-08-28,2026-08-28 15:24,1,True,8,Calafiori,ARS,DEF,5.6,41.7,9.0,9,9,9.0,80,1,0,1,0.04,0.09,0.13,5,5.62,0,2.6,Available,,299116,39145,0.1,,,,4.9,1
2026-08-28,2026-08-28 15:24,1,True,9,Hincapie,ARS,DEF,5.4,1.5,1.0,1,1,1.0,9,0,0,0,0.0,0.0,0.0,0,0.0,0,2.4,Available,,3772,39348,-0.1,,,,-7.5,-1
2026-08-28,2026-08-28 15:24,1,True,10,White,ARS,DEF,5.5,6.8,11.0,11,11,11.0,90,1,0,1,0.18,0.21,0.39,5,5.0,2,2.5,Available,100.0,136650,23285,0.0,,,,47.8,3
2026-08-28,2026-08-28 15:24,1,True,11,Mosquera,ARS,DEF,5.5,5.8,6.0,6,6,6.0,90,1,0,0,0.0,0.0,0.0,6,6.0,0,2.5,Available,,14782,41664,0.0,,,,-19.5,-1
2026-08-28,2026-08-28 15:24,1,True,12,Saka,ARS,MID,9.5,10.4,9.0,9,9,9.0,67,1,1,0,0.64,0.08,0.72,7,9.4,1,3.2,Available,,84866,32753,0.0,1.0,2.0,2.0,18.8,1
2026-08-28,2026-08-28 15:24,1,True,13,Rice,ARS,MID,7.5,16.9,3.0,3,3,3.0,67,1,0,0,0.07,0.08,0.15,6,8.06,0,2.6,Available,,34401,148608,0.0,,1.0,1.0,-30.5,-2
2026-08-28,2026-08-28 15:24,1,True,14,Eze,ARS,MID,6.5,1.7,1.0,1,1,1.0,14,0,0,0,0.04,0.0,0.04,2,12.86,0,2.3,Available,,5512,42362,0.0,,,3.0,-112.1,-5
2026-08-28,2026-08-28 15:24,1,True,15,Ødegaard,ARS,MID,6.6,11.7,11.0,11,11,11.0,75,1,1,0,0.21,0.1,0.31,8,9.6,3,2.3,Available,,278296,34536,0.1,3.0,4.0,,4.1,1
2026-08-28,2026-08-28 15:24,1,True,16,Madueke,ARS,MID,6.4,0.3,1.0,1,1,1.0,22,0,0,0,0.0,0.04,0.04,2,8.18,0,2.3,Available,,1318,7832,-0.1,,6.0,,-8.0,-1
2026-08-28,2026-08-28 15:24,1,True,17,Merino,ARS,MID,6.0,0.6,1.0,1,1,1.0,14,0,0,0,0.14,0.02,0.16,2,12.86,0,2.2,Available,,2324,14743,0.0,,,,-109.2,-5
2026-08-28,2026-08-28 15:24,1,True,18,Martinelli,ARS,MID,6.4,0.2,0.0,0,0,0.0,0,0,0,0,0.0,0.0,0.0,0,0.0,0,2.3,Available,,1259,6767,-0.1,,,,-24.2,-2
2026-08-28,2026-08-28 15:24,1,True,19,Zubimendi,ARS,MID,5.5,1.0,1.0,1,1,1.0,22,0,0,0,0.0,0.02,0.02,3,12.27,0,2.0,Available,,1521,19578,0.0,,,,-95.2,-4
2026-08-28,2026-08-28 15:24,1,True,20,Dowman,ARS,MID,5.4,0.1,0.0,0,0,0.0,0,0,0,0,0.0,0.0,0.0,0,0.0,0,1.9,Available,,449,2259,-0.1,,,,-7.2,-1
2026-08-28,2026-08-28 15:24,1,True,21,Nørgaard,EVE,MID,5.0,0.1,0.0,0,0,0.0,0,0,0,0,0.0,0.0,0.0,0,0.0,0,0.0,Injured,0.0,101,2764,0.0,,,,-61.4,-3
2026-08-28,2026-08-28 15:24,1,True,22,Nwaneri,ARS,MID,5.5,0.0,0.0,0,0,0.0,0,0,0,0,0.0,0.0,0.0,0,0.0,0,2.0,Available,,73,311,0.0,,,,-91.7,-3
2026-08-28,2026-08-28 15:24,1,True,23,Fábio Vieira,ARS,MID,5.5,0.0,0.0,0,0,0.0,0,0,0,0,0.0,0.0,0.0,0,0.0,0,2.0,Available,,75,207,0.0,,,,-65.5,-3
2026-08-28,2026-08-28 15:24,1,True,24,Nelson,ARS,MID,5.5,0.0,0.0,0,0,0.0,0,0,0,0,0.0,0.0,0.0,0,0.0,0,2.0,Available,,62,162,0.0,,,,-51.4,-3
2026-08-28,2026-08-28 15:24,1,True,25,Gyökeres,ARS,FWD,7.4,6.7,0.0,0,0,0.0,0,0,0,0,0.0,0.0,0.0,0,0.0,0,2.3,Available,,8479,223350,-0.1,2.0,,,-32.5,-2
2026-08-28,2026-08-28 15:24,1,True,26,Havertz,ARS,FWD,7.5,7.5,6.0,6,6,6.0,90,1,1,0,0.26,0.03,0.29,2,2.0,0,2.4,Available,,178869,36139,0.0,,,,71.9,3
2026-08-28,2026-08-28 15:24,1,True,27,G.Jesus,ARS,FWD,6.0,0.3,0.0,0,0,0.0,0,0,0,0,0.0,0.0,0.0,0,0.0,0,2.0,Available,,1831,6911,0.0,,,,-81.5,-3
2026-08-28,2026-08-28 15:24,1,True,28,Martinez,AVL,GKP,5.0,4.1,0.0,0,0,0.0,0,0,0,0,0.0,0.0,0.0,0,0.0,0,2.6,Available,,13466,54095,0.0,,,,-50.6,-3
2026-08-28,2026-08-28 15:24,1,True,29,M.Bizot,AVL,GKP,4.5,0.1,1.0,1,1,1.0,90,1,0,0,0.0,0.0,0.0,0,0.0,0,1.9,Available,,797,821,0.0,,,,0.0,0
2026-08-28,2026-08-28 15:24,1,True,30,Digne,AVL,DEF,4.5,0.1,0.0,0,0,0.0,0,0,0,0,0.0,0.0,0.0,0,0.0,0,0.0,Unavailable,0.0,0,4866,0.0,,,,0.0,0
2026-08-28,2026-08-28 15:24,1,True,31,Konsa,ARS,DEF,4.5,10.8,0.0,0,0,0.0,0,0,0,0,0.0,0.0,0.0,0,0.0,0,1.7,Available,,47116,220186,0.0,,,,-86.3,-3
2026-08-28,2026-08-28 15:24,1,True,32,Cash,AVL,DEF,4.5,7.6,-1.0,-1,-1,-1.0,90,1,0,0,0.0,0.0,0.0,7,7.0,0,1.7,Available,,26569,100629,0.0,,1.0,,-41.5,-3
2026-08-28,2026-08-28 15:24,1,True,33,Mings,AVL,DEF,4.5,0.4,1.0,1,1,1.0,16,0,0,0,0.0,0.0,0.0,1,5.62,0,1.7,Available,,3175,3346,0.0,,,,0.2,1
2026-08-28,2026-08-28 15:24,1,True,34,Pau,AVL,DEF,4.5,0.4,0.0,0,0,0.0,73,1,0,0,0.0,0.0,0.0,5,6.16,0,1.7,Available,,1808,4800,0.0,,,,-31.7,-2
2026-08-28,2026-08-28 15:24,1,True,35,Bogarde,AVL,MID,5.0,0.1,1.0,1,1,1.0,16,0,0,0,0.0,0.0,0.0,1,5.62,0,1.5,Available,,616,924,0.0,,,,-13.2,-1
2026-08-28,2026-08-28 15:24,1,True,36,Maatsen,AVL,DEF,4.5,0.7,0.0,0,0,0.0,81,1,0,0,0.03,0.0,0.03,9,10.0,0,1.7,Available,,2482,8396,0.0,,,,-35.6,-2
2026-08-28,2026-08-28 15:24,1,True,37,Lindelöf,AVL,DEF,4.5,0.3,-2.0,-2,-2,-2.0,90,1,0,0,0.0,0.0,0.0,3,3.0,0,1.7,Available,,1738,3829,0.0,,,,-34.9,-2
2026-08-28,2026-08-28 15:24,1,True,38,A.García,AVL,DEF,4.0,1.7,0.0,0,0,0.0,0,0,0,0,0.0,0.0,0.0,0,0.0,0,1.0,Available,,7063,13352,0.0,,,,-11.2,-1
2026-08-28,2026-08-28 15:24,1,True,39,Nedeljkovic,AVL,DEF,4.0,0.2,0.0,0,0,0.0,0,0,0,0,0.0,0.0,0.0,0,0.0,0,0.0,Unavailable,0.0,0,6972,0.0,,,,0.0,0
2026-08-28,2026-08-28 15:24,1,True,40,Rogers,CHE,MID,7.5,26.2,8.0,8,8,8.0,81,1,1,0,0.96,0.1,1.06,7,7.78,1,2.6,Available,,237168,66911,0.0,,4.0,,81.6,3
2026-08-28,2026-08-28 15:24,1,True,41,Buendía,AVL,MID,6.0,1.2,2.0,2,2,2.0,85,1,0,0,0.13,0.09,0.22,7,7.41,0,2.2,Available,,4826,20444,0.0,1.0,3.0,1.0,-66.7,-3
2026-08-28,2026-08-28 15:24,1,True,42,Guessand,CRY,MID,5.5,0.0,1.0,1,1,1.0,27,0,0,0,0.03,0.02,0.05,1,3.33,0,2.0,Available,,443,595,0.0,,,,-13.0,-1
2026-08-28,2026-08-28 15:24,1,True,43,Tielemans,MUN,MID,6.0,2.4,2.0,2,2,2.0,66,1,0,0,0.04,0.11,0.15,5,6.82,0,2.2,Available,100.0,12074,33914,0.0,3.0,,,-45.0,-3
2026-08-28,2026-08-28 15:24,1,True,44,Bailey,AVL,MID,5.5,0.1,0.0,0,0,0.0,0,0,0,0,0.0,0.0,0.0,0,0.0,0,2.0,Available,,964,2535,0.0,,,,-51.1,-3
2026-08-28,2026-08-28 15:24,1,True,45,McGinn,AVL,MID,5.5,2.8,1.0,1,1,1.0,81,1,0,0,0.04,0.01,0.05,6,6.67,0,2.0,Available,,7342,42036,0.0,,2.0,,-59.6,-3
2026-08-28,2026-08-28 15:24,1,True,46,Barkley,AVL,MID,5.0,0.2,2.0,2,2,2.0,73,1,0,0,0.1,0.02,0.12,1,1.23,0,1.5,Available,,1765,2566,0.0,,4.0,,-11.6,-1
2026-08-28,2026-08-28 15:24,1,True,47,Kamara,AVL,MID,5.0,0.3,2.0,2,2,2.0,90,1,0,0,0.0,0.0,0.0,7,7.0,0,1.5,Available,100.0,2422,4515,0.0,,,,-24.5,-2
2026-08-28,2026-08-28 15:24,1,True,48,Onana,AVL,MID,5.0,0.0,0.0,0,0,0.0,0,0,0,0,0.0,0.0,0.0,0,0.0,0,0.0,Injured,0.0,148,512,0.0,,,,-31.7,-2
2026-08-28,2026-08-28 15:24,1,True,49,Iling Jr,AVL,MID,5.0,0.0,0.0,0,0,0.0,0,0,0,0,0.0,0.0,0.0,0,0.0,0,0.0,Unavailable,0.0,0,118,0.0,,,,0.0,0
2026-08-28,2026-08-28 15:24,1,True,50,Burrowes,AVL,MID,4.5,0.7,0.0,0,0,0.0,0,0,0,0,0.0,0.0,0.0,0,0.0,0,1.0,Available,,3390,6508,0.0,,,,-15.3,-1
2026-08-28,2026-08-28 15:24,1,True,51,George Hemmings,AVL,MID,4.5,0.7,2.0,2,2,2.0,90,1,0,0,0.0,0.0,0.0,5,5.0,0,1.0,Available,,8148,5184,0.0,,,,1.2,1
2026-08-28,2026-08-28 15:24,1,True,52,Alysson,AVL,MID,5.0,0.0,1.0,1,1,1.0,8,0,0,0,0.0,0.0,0.0,3,33.75,0,1.5,Available,,332,563,0.0,,,,-19.7,-1
2026-08-28,2026-08-28 15:24,1,True,53,Manzambi,AVL,MID,6.0,0.2,0.0,0,0,0.0,0,0,0,0,0.0,0.0,0.0,0,0.0,0,0.0,Injured,0.0,223,8546,0.0,,,,-86.1,-3
2026-08-28,2026-08-28 15:24,1,True,54,Gomes,AVL,MID,5.5,0.1,-2.0,-2,-2,-2.0,39,1,0,0,0.0,0.01,0.01,7,16.15,0,0.0,Suspended,0.0,149,1827,0.0,,,,-0.0,0
2026-08-28,2026-08-28 15:24,1,True,55,Watkins,AVL,FWD,7.9,7.7,0.0,0,0,0.0,0,0,0,0,0.0,0.0,0.0,0,0.0,0,2.4,Available,,10466,254637,-0.1,2.0,,,-35.8,-2
2026-08-28,2026-08-28 15:24,1,True,56,Abraham,AVL,FWD,5.5,0.1,0.0,0,0,0.0,0,0,0,0,0.0,0.0,0.0,0,0.0,0,1.3,Doubtful,75.0,576,2537,0.0,,,,-51.7,-3
2026-08-28,2026-08-28 15:24,1,True,57,Petrović,BOU,GKP,4.5,3.3,2.0,2,2,2.0,90,1,0,0,0.0,0.0,0.0,0,0.0,0,1.9,Available,,23539,13219,0.0,,,,4.5,1
2026-08-28,2026-08-28 15:24,1,True,58,Forster,BOU,GKP,4.0,3.2,0.0,0,0,0.0,0,0,0,0,0.0,0.0,0.0,0,0.0,0,1.0,Available,,8985,10079,0.0,,,,-1.0,-1
2026-08-28,2026-08-28 15:24,1,True,59,Dennis,BOU,GKP,4.0,0.2,0.0,0,0,0.0,0,0,0,0,0.0,0.0,0.0,0,0.0,0,0.0,Unavailable,0.0,1133,1393,0.0,,,,0.0,0
2026-08-28,2026-08-28 15:24,1,True,60,Hill,BOU,DEF,5.5,0.9,1.0,1,1,1.0,90,1,0,0,0.0,0.0,0.0,6,6.0,0,2.5,Available,,8551,6404,0.0,,,,1.6,1
2026-08-28,2026-08-28 15:24,1,True,61,Truffert,BOU,DEF,5.5,4.2,1.0,1,1,1.0,90,1,0,0,0.0,0.0,0.0,7,7.0,0,2.5,Available,,19279,24394,0.0,,,,-0.6,-1
2026-08-28,2026-08-28 15:24,1,True,62,Diakité,BOU,DEF,5.0,0.2,0.0,0,0,0.0,0,0,0,0,0.0,0.0,0.0,0,0.0,0,2.2,Available,,2631,2238,0.0,,,,0.4,1
2026-08-28,2026-08-28 15:24,1,True,63,Milosavljević,BOU,DEF,5.0,0.0,0.0,0,0,0.0,0,0,0,0,0.0,0.0,0.0,0,0.0,0,0.0,Injured,0.0,73,285,0.0,,,,-37.1,-2
2026-08-28,2026-08-28 15:24,1,True,64,Smith,BOU,DEF,4.5,0.1,1.0,1,1,1.0,90,1,0,0,0.0,0.0,0.0,5,5.0,0,1.7,Available,,2671,969,0.0,,,,0.9,1
2026-08-28,2026-08-28 15:24,1,True,65,J.Araujo,BOU,DEF,4.5,0.0,0.0,0,0,0.0,0,0,0,0,0.0,0.0,0.0,0,0.0,0,0.0,Injured,0.0,82,492,0.0,,,,-49.8,-3
2026-08-28,2026-08-28 15:24,1,True,66,Soler,BOU,DEF,4.0,0.2,0.0,0,0,0.0,0,0,0,0,0.0,0.0,0.0,0,0.0,0,0.8,Doubtful,75.0,403,2355,0.0,,,,-24.5,-2
2026-08-28,2026-08-28 15:24,1,True,67,Rayan,BOU,MID,6.5,2.8,2.0,2,2,2.0,88,1,0,0,0.04,0.03,0.07,1,1.02,0,2.3,Available,,22339,20974,0.0,,,,2.1,1
2026-08-28,2026-08-28 15:24,1,True,68,Tavernier,BOU,MID,6.0,2.5,10.0,10,10,10.0,90,1,1,0,0.4,0.08,0.48,8,8.0,3,2.2,Available,,78424,11595,0.0,3.0,1.0,1.0,31.5,2
2026-08-28,2026-08-28 15:24,1,True,69,Scott,BOU,MID,6.0,1.5,2.0,2,2,2.0,90,1,0,0,0.0,0.01,0.01,11,11.0,0,2.2,Available,,8040,12233,0.0,,2.0,4.0,-9.9,-1
2026-08-28,2026-08-28 15:24,1,True,70,Kluivert,BOU,MID,6.0,1.2,3.0,3,3,3.0,74,1,0,0,0.11,0.0,0.11,9,10.95,0,2.2,Available,,14999,9078,0.0,2.0,3.0,2.0,3.6,1
2026-08-28,2026-08-28 15:24,1,True,71,Cook,BOU,MID,5.0,0.2,3.0,3,3,3.0,75,1,0,0,0.0,0.0,0.0,7,8.4,0,1.5,Available,,3018,1613,0.0,,5.0,,0.8,1
2026-08-28,2026-08-28 15:24,1,True,72,Gannon-Doak,BOU,MID,5.0,0.1,1.0,1,1,1.0,1,0,0,0,0.0,0.0,0.0,1,90.0,0,1.5,Available,,354,800,0.0,,,,-22.3,-2
2026-08-28,2026-08-28 15:24,1,True,73,Adams,BOU,MID,5.0,0.2,1.0,1,1,1.0,15,0,0,0,0.0,0.0,0.0,3,18.0,0,1.5,Available,100.0,2872,2800,0.0,,,,0.2,1
2026-08-28,2026-08-28 15:24,1,True,74,Brooks,BOU,MID,5.0,0.1,0.0,0,0,0.0,0,0,0,0,0.0,0.0,0.0,0,0.0,0,1.5,Available,100.0,563,674,0.0,,4.0,3.0,-4.7,-1
2026-08-28,2026-08-28 15:24,1,True,75,Christie,BOU,MID,5.0,0.0,0.0,0,0,0.0,0,0,0,0,0.0,0.0,0.0,0,0.0,0,1.5,Available,100.0,510,187,0.0,,6.0,,0.0,0
2026-08-28,2026-08-28 15:24,1,True,76,Tóth.A,BOU,MID,5.0,0.0,1.0,1,1,1.0,15,0,0,0,0.0,0.0,0.0,2,12.0,0,1.5,Available,,93,140,0.0,,,,-10.0,-1
2026-08-28,2026-08-28 15:24,1,True,77,Adli,BOU,MID,5.0,0.0,0.0,0,0,0.0,0,0,0,0,0.0,0.0,0.0,0,0.0,0,0.0,Injured,0.0,51,946,0.0,,,,-75.4,-3
2026-08-28,2026-08-28 15:24,1,True,78,Kroupi.Jr,BOU,MID,7.5,0.3,0.0,0,0,0.0,0,0,0,0,0.0,0.0,0.0,0,0.0,0,0.0,Injured,0.0,451,12912,0.0,1.0,,,-78.3,-3
2026-08-28,2026-08-28 15:24,1,True,79,Evanilson,BOU,FWD,6.0,3.0,4.0,4,4,4.0,74,1,0,1,0.0,0.21,0.21,8,9.73,0,2.0,Available,,67434,17933,0.0,,,,25.1,2
2026-08-28,2026-08-28 15:24,1,True,80,Enes Ünal,BOU,FWD,5.5,0.0,0.0,0,0,0.0,0,0,0,0,0.0,0.0,0.0,0,0.0,0,0.0,Unavailable,0.0,0,1042,0.0,,,,0.0,0
2026-08-28,2026-08-28 15:24,1,True,81,Rodríguez,BOU,FWD,6.0,0.1,0.0,0,0,0.0,0,0,0,0,0.0,0.0,0.0,0,0.0,0,2.0,Available,100.0,945,1146,0.0,,,,-5.7,-1
2026-08-28,2026-08-28 15:24,1,True,82,Kelleher,BRE,GKP,5.0,6.5,7.0,7,7,7.0,90,1,0,0,0.0,0.01,0.01,0,0.0,0,2.6,Available,,70828,18795,0.0,,,,20.1,2
2026-08-28,2026-08-28 15:24,1,True,83,Valdimarsson,BRE,GKP,4.5,0.1,0.0,0,0,0.0,0,0,0,0,0.0,0.0,0.0,0,0.0,0,1.9,Available,,618,854,0.0,,,,-10.7,-1
2026-08-28,2026-08-28 15:24,1,True,84,Collins,BRE,DEF,5.5,2.1,6.0,6,6,6.0,90,1,0,0,0.34,0.04,0.38,3,3.0,0,2.5,Available,,23907,8813,0.0,,,,7.4,1
2026-08-28,2026-08-28 15:24,1,True,85,Van den Berg,BRE,DEF,5.0,0.1,0.0,0,0,0.0,0,0,0,0,0.0,0.0,0.0,0,0.0,0,0.0,Injured,0.0,141,4017,0.0,,,,-70.5,-3
2026-08-28,2026-08-28 15:24,1,True,86,Lewis-Potter,BRE,MID,5.5,1.1,10.0,10,10,10.0,90,1,1,0,0.77,0.12,0.89,10,10.0,2,2.0,Available,,47861,6324,0.0,,,1.0,20.9,2
2026-08-28,2026-08-28 15:24,1,True,87,Ajer,BRE,DEF,4.5,4.1,8.0,8,8,8.0,90,1,0,0,0.11,0.02,0.13,10,10.0,0,1.7,Available,,64360,12965,0.0,,,,22.5,2
2026-08-28,2026-08-28 15:24,1,True,88,Kayode,BRE,DEF,4.6,7.6,13.0,13,13,13.0,75,1,1,0,0.5,0.0,0.5,4,4.8,1,1.9,Available,,298176,19977,0.1,,,,7.6,1
2026-08-28,2026-08-28 15:24,1,True,89,Henry,BRE,DEF,4.5,0.2,0.0,0,0,0.0,0,0,0,0,0.0,0.0,0.0,0,0.0,0,1.7,Available,,523,2047,0.0,,,,-26.3,-2
2026-08-28,2026-08-28 15:24,1,True,90,Hickey,BRE,DEF,4.5,0.1,1.0,1,1,1.0,14,0,0,0,0.0,0.0,0.0,0,0.0,0,1.7,Available,,598,514,0.0,,,,0.1,1
2026-08-28,2026-08-28 15:24,1,True,91,Pinnock,COV,DEF,4.5,0.1,0.0,0,0,0.0,0,0,0,0,0.0,0.0,0.0,0,0.0,0,1.7,Available,,495,916,0.0,,,,-21.6,-2
2026-08-28,2026-08-28 15:24,1,True,92,Ji-soo,BRE,DEF,4.5,0.0,0.0,0,0,0.0,0,0,0,0,0.0,0.0,0.0,0,0.0,0,1.7,Available,,108,192,0.0,,,,-13.4,-1
2026-08-28,2026-08-28 15:24,1,True,93,Schuster,BRE,DEF,4.5,0.2,0.0,0,0,0.0,0,0,0,0,0.0,0.0,0.0,0,0.0,0,1.7,Available,,137,1121,0.0,,,,-24.8,-2
2026-08-28,2026-08-28 15:24,1,True,94,Schade,BRE,MID,6.0,3.5,3.0,3,3,3.0,90,1,0,0,0.52,0.01,0.53,9,9.0,0,2.2,Available,,22819,23929,0.0,2.0,,,1.0,1
2026-08-28,2026-08-28 15:24,1,True,95,O.Dango,BRE,MID,6.5,1.1,3.0,3,3,3.0,66,1,0,0,0.05,0.29,0.34,6,8.18,0,2.3,Available,,6951,10094,0.0,,2.0,,-8.5,-1
2026-08-28,2026-08-28 15:24,1,True,96,Damsgaard,BRE,MID,5.5,0.5,1.0,1,1,1.0,14,0,0,0,0.0,0.11,0.11,4,25.71,0,2.0,Available,,2153,7084,0.0,,3.0,3.0,-42.5,-3
2026-08-28,2026-08-28 15:24,1,True,97,Jensen,BRE,MID,5.5,0.2,6.0,6,6,6.0,66,1,0,1,0.08,0.34,0.42,5,6.82,0,2.0,Available,,3582,1257,0.0,3.0,1.0,2.0,1.3,1
2026-08-28,2026-08-28 15:24,1,True,98,Janelt,BRE,MID,5.0,0.5,9.0,9,9,9.0,90,1,1,0,0.39,0.17,0.56,13,13.0,0,1.5,Available,,30536,4009,0.0,,4.0,,12.9,1
2026-08-28,2026-08-28 15:24,1,True,99,Milambo,BRE,MID,5.0,0.0,0.0,0,0,0.0,0,0,0,0,0.0,0.0,0.0,0,0.0,0,0.0,Injured,0.0,28,44,0.0,,,,-14.7,-1
2026-08-28,2026-08-28 15:24,1,True,100,Carvalho,BRE,MID,5.0,0.0,0.0,0,0,0.0,0,0,0,0,0.0,0.0,0.0,0,0.0,0,1.5,Available,100.0,139,239,0.0,,,,-28.8,-2
2026-08-28,2026-08-28 15:24,1,True,101,Henderson,CHE,MID,5.0,0.0,0.0,0,0,0.0,0,0,0,0,0.0,0.0,0.0,0,0.0,0,1.1,Doubtful,75.0,208,663,0.0,,,,-32.1,-2
2026-08-28,2026-08-28 15:24,1,True,102,Yarmoliuk,BRE,MID,5.0,1.1,1.0,1,1,1.0,23,0,0,0,0.04,0.0,0.04,6,23.48,0,1.5,Available,,711,12331,0.0,,,,-41.2,-3
2026-08-28,2026-08-28 15:24,1,True,103,Dasilva,BRE,MID,5.0,0.0,0.0,0,0,0.0,0,0,0,0,0.0,0.0,0.0,0,0.0,0,1.5,Available,,158,342,0.0,,,,-26.9,-2
2026-08-28,2026-08-28 15:24,1,True,104,Onyeka,COV,MID,5.0,0.2,2.0,2,2,2.0,90,1,0,0,0.0,0.01,0.01,9,9.0,0,1.5,Available,,2212,1483,0.0,,,,0.5,1
2026-08-28,2026-08-28 15:24,1,True,105,Anthony,BRE,MID,6.0,0.2,1.0,1,1,1.0,23,0,0,0,0.03,0.35,0.38,8,31.3,0,2.2,Available,,1867,2261,0.0,,,,-6.0,-1
2026-08-28,2026-08-28 15:24,1,True,106,Thiago,BRE,FWD,8.0,16.6,0.0,0,0,0.0,82,1,0,0,1.0,0.08,1.08,5,5.49,0,2.5,Available,,87748,131832,0.0,1.0,,,-11.8,-1
2026-08-28,2026-08-28 15:24,1,True,107,Furo,BRE,FWD,4.5,0.9,0.0,0,0,0.0,0,0,0,0,0.0,0.0,0.0,0,0.0,0,1.0,Available,,7784,8041,0.0,,,,0.5,1
2026-08-28,2026-08-28 15:24,1,True,108,Wilson,BRE,FWD,5.5,0.4,1.0,1,1,1.0,7,0,0,0,0.03,0.04,0.07,0,0.0,0,1.8,Available,,4116,4590,0.0,,,,-0.1,-1
2026-08-28,2026-08-28 15:24,1,True,109,Verbruggen,BHA,GKP,4.5,21.5,6.0,6,6,6.0,90,1,0,0,0.0,0.0,0.0,0,0.0,0,1.9,Available,,80421,42456,0.0,,,,10.8,1
2026-08-28,2026-08-28 15:24,1,True,110,Rushworth,COV,GKP,4.5,1.2,1.0,1,1,1.0,90,1,0,0,0.0,0.01,0.01,0,0.0,0,1.9,Available,,10002,4336,0.0,,,,3.0,1
2026-08-28,2026-08-28 15:24,1,True,111,Steele,BHA,GKP,4.0,4.0,0.0,0,0,0.0,0,0,0,0,0.0,0.0,0.0,0,0.0,0,1.0,Available,,10112,13273,0.0,,,,-2.6,-1
2026-08-28,2026-08-28 15:24,1,True,112,Van Hecke,TOT,DEF,5.0,9.6,1.0,1,1,1.0,90,1,0,0,0.0,0.03,0.03,9,9.0,0,2.2,Available,,35436,93384,0.0,,,,-23.4,-2
2026-08-28,2026-08-28 15:24,1,True,113,F.Kadıoğlu,BHA,DEF,4.5,2.3,0.0,0,0,0.0,0,0,0,0,0.0,0.0,0.0,0,0.0,0,1.7,Available,100.0,2470,49489,0.0,,3.0,,-104.2,-5
2026-08-28,2026-08-28 15:24,1,True,114,Boscagli,BHA,DEF,4.5,0.3,6.0,6,6,6.0,90,1,0,0,0.0,0.04,0.04,6,6.0,0,1.7,Available,,3862,1455,0.0,,,,1.1,1
2026-08-28,2026-08-28 15:24,1,True,115,De Cuyper,BHA,DEF,4.6,8.2,17.0,17,17,17.0,77,1,1,1,1.47,0.21,1.68,4,4.68,2,1.9,Available,,473093,19869,0.1,,2.0,4.0,21.4,2
2026-08-28,2026-08-28 15:24,1,True,116,Dunk,BHA,DEF,4.5,1.2,6.0,6,6,6.0,90,1,0,0,0.0,0.04,0.04,2,2.0,0,1.7,Available,,12628,4982,0.0,,,3.0,3.8,1
2026-08-28,2026-08-28 15:24,1,True,117,Coppola,BHA,DEF,4.5,0.0,0.0,0,0,0.0,0,0,0,0,0.0,0.0,0.0,0,0.0,0,1.7,Available,,183,215,0.0,,,,-2.5,-1
2026-08-28,2026-08-28 15:24,1,True,118,Igor,BHA,DEF,4.5,0.1,0.0,0,0,0.0,0,0,0,0,0.0,0.0,0.0,0,0.0,0,1.7,Available,,455,842,0.0,,,,-19.0,-1
2026-08-28,2026-08-28 15:24,1,True,119,Costinha,BHA,DEF,4.5,0.0,1.0,1,1,1.0,26,0,0,0,0.12,0.0,0.12,4,13.85,0,1.7,Available,,275,215,0.0,,,,0.1,1
2026-08-28,2026-08-28 15:24,1,True,120,Svoboda,BHA,DEF,5.0,0.1,0.0,0,0,0.0,0,0,0,0,0.0,0.0,0.0,0,0.0,0,2.2,Available,,758,655,0.0,,,,0.1,1
2026-08-28,2026-08-28 15:24,1,True,121,Mitoma,BHA,MID,6.0,0.0,0.0,0,0,0.0,0,0,0,0,0.0,0.0,0.0,0,0.0,0,0.0,Injured,0.0,155,1190,0.0,,,,-50.0,-3
2026-08-28,2026-08-28 15:24,1,True,122,Minteh,BHA,MID,6.0,0.1,0.0,0,0,0.0,0,0,0,0,0.0,0.0,0.0,0,0.0,0,0.0,Injured,0.0,138,3405,0.0,,5.0,,-103.5,-5
2026-08-28,2026-08-28 15:24,1,True,123,Hinshelwood,BHA,MID,6.0,2.4,16.0,16,16,16.0,63,1,2,0,1.41,0.02,1.43,3,4.29,3,0.5,Doubtful,25.0,139306,32666,0.0,,,,51.6,3
2026-08-28,2026-08-28 15:24,1,True,124,Groß,BHA,MID,5.5,12.9,2.0,2,2,2.0,90,1,0,0,0.0,0.27,0.27,5,5.0,0,2.0,Available,,22726,98543,0.0,1.0,1.0,1.0,-28.0,-2
2026-08-28,2026-08-28 15:24,1,True,125,Georginio,BHA,FWD,5.5,1.0,5.0,5,5,5.0,90,1,0,1,0.08,0.44,0.52,7,7.0,0,1.3,Doubtful,75.0,23560,13709,0.0,,,,4.5,1
2026-08-28,2026-08-28 15:24,1,True,126,O'Riley,BHA,MID,5.5,0.1,0.0,0,0,0.0,0,0,0,0,0.0,0.0,0.0,0,0.0,0,2.0,Available,,628,1303,0.0,3.0,,,-29.4,-2
2026-08-28,2026-08-28 15:24,1,True,127,Gomez,BHA,MID,5.0,3.8,6.0,6,6,6.0,85,1,0,1,0.18,0.48,0.66,6,6.35,0,1.5,Available,,21913,15744,0.0,,,5.0,3.5,1
2026-08-28,2026-08-28 15:24,1,True,128,Buonanotte,BHA,MID,5.0,0.0,0.0,0,0,0.0,0,0,0,0,0.0,0.0,0.0,0,0.0,0,0.0,Unavailable,0.0,0,170,0.0,,,,0.0,0
2026-08-28,2026-08-28 15:24,1,True,129,Ayari,BHA,MID,5.5,0.6,2.0,2,2,2.0,63,1,0,0,0.11,0.03,0.14,4,5.71,0,2.0,Available,,3153,7137,0.0,,4.0,2.0,-25.7,-2
2026-08-28,2026-08-28 15:24,1,True,130,Wieffer,BHA,DEF,5.0,0.4,7.0,7,7,7.0,77,1,0,0,0.09,0.05,0.14,8,9.35,1,2.2,Available,,12897,2877,0.0,,,,4.6,1
2026-08-28,2026-08-28 15:24,1,True,131,Baleba,MUN,MID,5.0,0.2,0.0,0,0,0.0,0,0,0,0,0.0,0.0,0.0,0,0.0,0,0.0,Injured,0.0,2289,4233,0.0,,,,-19.0,-1
2026-08-28,2026-08-28 15:24,1,True,132,Howell,BHA,MID,4.5,0.1,0.0,0,0,0.0,0,0,0,0,0.0,0.0,0.0,0,0.0,0,0.0,Unavailable,0.0,0,1490,0.0,,,,0.0,0
2026-08-28,2026-08-28 15:24,1,True,133,Watson,BHA,MID,5.0,0.0,0.0,0,0,0.0,0,0,0,0,0.0,0.0,0.0,0,0.0,0,0.0,Unavailable,0.0,0,53,0.0,,,,0.0,0
2026-08-28,2026-08-28 15:24,1,True,134,Oriola,BHA,MID,4.5,0.3,0.0,0,0,0.0,0,0,0,0,0.0,0.0,0.0,0,0.0,0,1.0,Available,,1641,2629,0.0,,,,-10.9,-1
2026-08-28,2026-08-28 15:24,1,True,135,Yohanna,BHA,MID,5.0,0.1,1.0,1,1,1.0,12,0,0,0,0.0,0.03,0.03,0,0.0,0,1.5,Available,,361,831,0.0,,,,-28.9,-2
2026-08-28,2026-08-28 15:24,1,True,136,Welbeck,CHE,FWD,6.0,1.0,0.0,0,0,0.0,0,0,0,0,0.0,0.0,0.0,0,0.0,0,2.0,Available,100.0,2686,21668,0.0,,,,-99.6,-4
2026-08-28,2026-08-28 15:24,1,True,137,Tzimas,BHA,FWD,5.5,0.0,0.0,0,0,0.0,0,0,0,0,0.0,0.0,0.0,0,0.0,0,0.0,Injured,0.0,82,247,0.0,,,,-35.0,-2
2026-08-28,2026-08-28 15:24,1,True,138,Kostoulas,BHA,FWD,5.5,0.2,1.0,1,1,1.0,26,0,0,0,0.18,0.0,0.18,2,6.92,0,1.8,Available,,1251,2020,0.0,,,,-14.2,-1
2026-08-28,2026-08-28 15:24,1,True,139,Ferguson,BHA,FWD,5.0,0.0,0.0,0,0,0.0,0,0,0,0,0.0,0.0,0.0,0,0.0,0,0.0,Injured,0.0,310,606,0.0,,,,-16.1,-1
2026-08-28,2026-08-28 15:24,1,True,140,Sánchez,CHE,GKP,5.0,2.3,2.0,2,2,2.0,90,1,0,0,0.0,0.01,0.01,0,0.0,0,2.6,Available,,8607,21375,0.0,,,,-23.8,-2
2026-08-28,2026-08-28 15:24,1,True,141,Jörgensen,CHE,GKP,5.0,0.0,0.0,0,0,0.0,0,0,0,0,0.0,0.0,0.0,0,0.0,0,0.0,Unavailable,0.0,0,493,0.0,,,,0.0,0
2026-08-28,2026-08-28 15:24,1,True,142,James,CHE,DEF,5.5,10.0,0.0,0,0,0.0,90,1,0,0,0.1,0.07,0.17,6,6.0,0,2.5,Available,,59414,77082,0.0,,1.0,1.0,-3.8,-1
2026-08-28,2026-08-28 15:24,1,True,143,Chalobah,CHE,DEF,5.5,0.1,0.0,0,0,0.0,0,0,0,0,0.0,0.0,0.0,0,0.0,0,0.0,Unavailable,0.0,0,7852,0.0,,,,0.0,0
2026-08-28,2026-08-28 15:24,1,True,144,Gusto,CHE,DEF,5.0,1.2,1.0,1,1,1.0,75,1,0,0,0.0,0.03,0.03,3,3.6,0,2.2,Available,,12593,10421,0.0,,,,1.9,1
2026-08-28,2026-08-28 15:24,1,True,145,Fofana,CHE,DEF,5.0,0.0,0.0,0,0,0.0,0,0,0,0,0.0,0.0,0.0,0,0.0,0,2.2,Available,100.0,769,247,0.0,,,,0.0,0
2026-08-28,2026-08-28 15:24,1,True,146,B.Badiashile,CHE,DEF,4.5,0.0,0.0,0,0,0.0,0,0,0,0,0.0,0.0,0.0,0,0.0,0,0.0,Unavailable,0.0,232,774,0.0,,,,0.0,0
2026-08-28,2026-08-28 15:24,1,True,147,Tosin,CHE,DEF,4.5,0.2,0.0,0,0,0.0,0,0,0,0,0.0,0.0,0.0,0,0.0,0,1.7,Available,,250,1994,0.0,,,,-40.8,-3
2026-08-28,2026-08-28 15:24,1,True,148,Hato,CHE,DEF,4.5,0.5,1.0,1,1,1.0,64,1,0,0,0.01,0.03,0.04,3,4.22,0,1.7,Available,,4122,4263,0.0,,,,0.1,1
2026-08-28,2026-08-28 15:24,1,True,149,Colwill,CHE,DEF,5.0,1.5,0.0,0,0,0.0,90,1,0,0,0.01,0.03,0.04,4,4.0,0,2.2,Available,,10158,16831,0.0,,,,-15.2,-1
2026-08-28,2026-08-28 15:24,1,True,150,M.Sarr,CHE,DEF,4.5,0.1,0.0,0,0,0.0,0,0,0,0,0.0,0.0,0.0,0,0.0,0,1.7,Available,,398,918,0.0,,,,-27.3,-2
2026-08-28,2026-08-28 15:24,1,True,151,Acheampong,CHE,DEF,4.5,0.4,3.0,3,3,3.0,90,1,0,0,0.0,0.01,0.01,15,15.0,0,1.7,Available,,7343,2944,0.0,,,,1.9,1
2026-08-28,2026-08-28 15:24,1,True,152,Palestra,CHE,DEF,5.5,2.2,0.0,0,0,0.0,0,0,0,0,0.0,0.0,0.0,0,0.0,0,1.9,Doubtful,75.0,4926,62272,0.0,,,,-72.9,-3
2026-08-28,2026-08-28 15:24,1,True,153,Disasi,CRY,DEF,4.5,0.1,0.0,0,0,0.0,0,0,0,0,0.0,0.0,0.0,0,0.0,0,1.7,Available,,479,809,0.0,,,,-21.7,-2
2026-08-28,2026-08-28 15:24,1,True,154,Palmer,CHE,MID,9.5,16.1,13.0,13,13,13.0,82,1,1,1,0.28,0.19,0.47,9,9.88,3,3.2,Available,100.0,349945,30419,0.0,1.0,,3.0,123.1,5
2026-08-28,2026-08-28 15:24,1,True,155,Enzo,CHE,MID,7.0,4.4,1.0,1,1,1.0,25,0,0,0,0.0,0.02,0.02,3,10.8,0,2.5,Available,,14741,82645,0.0,2.0,3.0,2.0,-76.1,-3
2026-08-28,2026-08-28 15:24,1,True,156,Neto,CHE,MID,6.5,1.2,1.0,1,1,1.0,14,0,0,0,0.03,0.07,0.1,4,25.71,0,2.3,Available,,5462,21799,0.0,,2.0,4.0,-65.3,-3
2026-08-28,2026-08-28 15:24,1,True,157,Estêvão,CHE,MID,6.5,1.1,1.0,1,1,1.0,7,0,0,0,0.0,0.0,0.0,1,12.86,0,2.3,Available,,5337,22608,0.0,3.0,5.0,,-75.2,-3
2026-08-28,2026-08-28 15:24,1,True,158,Gittens,CHE,MID,6.0,0.0,0.0,0,0,0.0,0,0,0,0,0.0,0.0,0.0,0,0.0,0,2.2,Available,,261,725,0.0,,,,-66.4,-3
2026-08-28,2026-08-28 15:24,1,True,159,Caicedo,CHE,MID,5.5,2.9,0.0,0,0,0.0,0,0,0,0,0.0,0.0,0.0,0,0.0,0,1.5,Doubtful,75.0,9428,92570,0.0,,,,-79.7,-3
2026-08-28,2026-08-28 15:24,1,True,160,Garnacho,AVL,MID,6.0,0.5,1.0,1,1,1.0,4,0,0,0,0.0,0.0,0.0,0,0.0,0,2.2,Available,,1968,10050,0.0,,,,-73.2,-3
2026-08-28,2026-08-28 15:24,1,True,161,Lavia,CHE,MID,5.0,0.1,1.0,1,1,1.0,64,1,0,0,0.21,0.03,0.24,9,12.66,0,1.5,Available,,1098,885,0.0,,,,0.2,1
2026-08-28,2026-08-28 15:24,1,True,162,Andrey Santos,MUN,MID,5.0,1.0,2.0,2,2,2.0,66,1,0,0,0.0,0.23,0.23,9,12.27,0,1.5,Available,,7157,14483,0.0,,,,-32.7,-2
2026-08-28,2026-08-28 15:24,1,True,163,D.Essugo,CHE,MID,4.5,0.2,0.0,0,0,0.0,0,0,0,0,0.0,0.0,0.0,0,0.0,0,1.0,Available,,1220,2772,0.0,,,,-30.5,-2
2026-08-28,2026-08-28 15:24,1,True,164,Quenda,CHE,MID,5.5,0.0,1.0,1,1,1.0,8,0,0,0,0.0,0.0,0.0,1,11.25,0,2.0,Available,100.0,220,775,0.0,,,,-65.7,-3
2026-08-28,2026-08-28 15:24,1,True,165,João Pedro,CHE,FWD,7.6,68.2,11.0,11,11,11.0,90,1,1,1,0.63,0.06,0.69,3,3.0,2,2.4,Available,,379241,26772,0.1,,,,17.3,1
2026-08-28,2026-08-28 15:24,1,True,166,N.Jackson,CHE,FWD,6.5,0.3,0.0,0,0,0.0,0,0,0,0,0.0,0.0,0.0,0,0.0,0,2.1,Available,,4798,7804,0.0,,,,-47.9,-3
2026-08-28,2026-08-28 15:24,1,True,167,Delap,NFO,FWD,5.5,0.5,0.0,0,0,0.0,0,0,0,0,0.0,0.0,0.0,0,0.0,0,1.8,Available,,6800,7258,0.0,2.0,,,-4.6,-1
2026-08-28,2026-08-28 15:24,1,True,168,Marc Guiu,CHE,FWD,5.0,0.4,0.0,0,0,0.0,0,0,0,0,0.0,0.0,0.0,0,0.0,0,1.4,Available,,2108,5823,0.0,,,,-34.4,-2
2026-08-28,2026-08-28 15:24,1,True,169,Mheuka,CHE,FWD,4.5,0.3,0.0,0,0,0.0,0,0,0,0,0.0,0.0,0.0,0,0.0,0,1.0,Available,,2810,4245,0.0,,,,-12.1,-1
2026-08-28,2026-08-28 15:24,1,True,170,Emegha,CHE,FWD,5.0,0.1,0.0,0,0,0.0,0,0,0,0,0.0,0.0,0.0,0,0.0,0,1.4,Available,100.0,1409,2234,0.0,,,,-21.1,-2
2026-08-28,2026-08-28 15:24,1,True,171,Dovin,COV,GKP,4.0,1.5,0.0,0,0,0.0,0,0,0,0,0.0,0.0,0.0,0,0.0,0,1.0,Available,,2432,6010,0.0,,,,-7.9,-1
2026-08-28,2026-08-28 15:24,1,True,172,Wilson,COV,GKP,4.5,0.5,0.0,0,0,0.0,0,0,0,0,0.0,0.0,0.0,0,0.0,0,1.9,Available,,211,3230,0.0,,,,-29.6,-2
2026-08-28,2026-08-28 15:24,1,True,173,Thomas,COV,DEF,4.0,8.0,3.0,3,3,3.0,90,1,0,0,0.02,0.01,0.03,10,10.0,0,1.0,Available,,34876,22569,0.0,,,,6.6,1
2026-08-28,2026-08-28 15:24,1,True,174,Kitching,COV,DEF,4.0,0.7,0.0,0,0,0.0,0,0,0,0,0.0,0.0,0.0,0,0.0,0,1.0,Available,,493,4502,0.0,,,,-24.5,-2
2026-08-28,2026-08-28 15:24,1,True,175,van Ewijk,COV,DEF,4.0,13.1,1.0,1,1,1.0,90,1,0,0,0.0,0.01,0.01,7,7.0,0,1.0,Available,,31949,47658,0.0,,,,-1.3,-1
2026-08-28,2026-08-28 15:24,1,True,176,Dasilva,COV,DEF,4.0,0.8,1.0,1,1,1.0,90,1,0,0,0.0,0.02,0.02,6,6.0,0,1.0,Available,,2954,3789,0.0,,,,0.1,1
2026-08-28,2026-08-28 15:24,1,True,177,Kesler-Hayden,COV,DEF,4.0,0.1,0.0,0,0,0.0,0,0,0,0,0.0,0.0,0.0,0,0.0,0,0.0,Injured,0.0,160,682,0.0,,,,-13.5,-1
2026-08-28,2026-08-28 15:24,1,True,178,Bidwell,COV,DEF,4.0,0.1,0.0,0,0,0.0,0,0,0,0,0.0,0.0,0.0,0,0.0,0,1.0,Available,,483,712,0.0,,,,-5.6,-1
2026-08-28,2026-08-28 15:24,1,True,179,Latibeaudiere,COV,DEF,4.0,0.0,0.0,0,0,0.0,0,0,0,0,0.0,0.0,0.0,0,0.0,0,1.0,Available,,148,389,0.0,,,,-21.5,-2
2026-08-28,2026-08-28 15:24,1,True,180,Woolfenden,COV,DEF,4.0,0.2,0.0,0,0,0.0,0,0,0,0,0.0,0.0,0.0,0,0.0,0,0.0,Injured,0.0,925,2071,0.0,,,,-10.0,-1
2026-08-28,2026-08-28 15:24,1,True,181,Brau,COV,DEF,4.0,0.0,0.0,0,0,0.0,0,0,0,0,0.0,0.0,0.0,0,0.0,0,1.0,Available,,245,323,0.0,,,,-1.2,-1
2026-08-28,2026-08-28 15:24,1,True,182,Amenda,COV,DEF,4.0,0.9,1.0,1,1,1.0,90,1,0,0,0.0,0.01,0.01,9,9.0,0,1.0,Available,,2995,4229,0.0,,,,-1.5,-1
2026-08-28,2026-08-28 15:24,1,True,183,Rudoni,COV,MID,5.0,0.1,1.0,1,1,1.0,20,0,0,0,0.15,0.0,0.15,5,22.5,0,1.5,Available,100.0,1090,1200,0.0,,3.0,1.0,0.1,1
2026-08-28,2026-08-28 15:24,1,True,184,Grimes,COV,MID,5.0,0.2,2.0,2,2,2.0,90,1,0,0,0.0,0.01,0.01,7,7.0,0,1.5,Available,,2066,1522,0.0,3.0,1.0,,0.5,1
2026-08-28,2026-08-28 15:24,1,True,185,Sakamoto,COV,MID,5.0,0.1,0.0,0,0,0.0,0,0,0,0,0.0,0.0,0.0,0,0.0,0,1.5,Available,,130,1358,0.0,,,,-57.2,-3
2026-08-28,2026-08-28 15:24,1,True,186,Mason-Clark,COV,MID,5.5,0.1,0.0,0,0,0.0,0,0,0,0,0.0,0.0,0.0,0,0.0,0,2.0,Available,100.0,435,1477,0.0,,,,-39.7,-2
2026-08-28,2026-08-28 15:24,1,True,187,Eccles,COV,MID,5.0,0.0,0.0,0,0,0.0,0,0,0,0,0.0,0.0,0.0,0,0.0,0,1.5,Available,,67,256,0.0,,,,-64.4,-3
2026-08-28,2026-08-28 15:24,1,True,188,Torp,COV,MID,5.5,0.2,1.0,1,1,1.0,28,0,0,0,0.0,0.11,0.11,1,3.21,0,2.0,Available,,493,1714,0.0,2.0,2.0,2.0,-31.2,-2
2026-08-28,2026-08-28 15:24,1,True,189,Shepherd,COV,MID,4.5,0.3,0.0,0,0,0.0,0,0,0,0,0.0,0.0,0.0,0,0.0,0,1.0,Available,,983,3019,0.0,,,,-26.2,-2
2026-08-28,2026-08-28 15:24,1,True,190,Tchaouna,COV,MID,5.5,0.2,2.0,2,2,2.0,81,1,0,0,0.04,0.02,0.06,8,8.89,0,2.0,Available,,2455,1326,0.0,,,,0.7,1
2026-08-28,2026-08-28 15:24,1,True,191,Borges Rodrigues,COV,MID,4.5,0.2,0.0,0,0,0.0,0,0,0,0,0.0,0.0,0.0,0,0.0,0,1.0,Available,,653,1783,0.0,,,,-24.5,-2
2026-08-28,2026-08-28 15:24,1,True,192,Andrews,COV,MID,4.5,0.6,0.0,0,0,0.0,0,0,0,0,0.0,0.0,0.0,0,0.0,0,1.0,Available,,2477,6845,0.0,,,,-24.8,-2
2026-08-28,2026-08-28 15:24,1,True,193,Wright,COV,FWD,5.5,0.1,0.0,0,0,0.0,0,0,0,0,0.0,0.0,0.0,0,0.0,0,0.0,Injured,0.0,104,5213,0.0,1.0,,,-70.6,-3
2026-08-28,2026-08-28 15:24,1,True,194,Thomas-Asante,COV,FWD,5.0,0.8,2.0,2,2,2.0,69,1,0,0,0.0,0.02,0.02,6,7.83,0,1.4,Available,,13550,7456,0.0,4.0,,,3.1,1
2026-08-28,2026-08-28 15:24,1,True,195,Simms,COV,FWD,5.0,1.0,2.0,2,2,2.0,69,1,0,0,0.0,0.01,0.01,3,3.91,0,1.4,Available,,18616,8905,0.0,,,,5.1,1
2026-08-28,2026-08-28 15:24,1,True,196,Markelo,COV,FWD,5.0,0.0,0.0,0,0,0.0,0,0,0,0,0.0,0.0,0.0,0,0.0,0,0.0,Unavailable,0.0,0,573,0.0,,,,0.0,0
2026-08-28,2026-08-28 15:24,1,True,197,Bassette,COV,FWD,4.5,0.0,0.0,0,0,0.0,0,0,0,0,0.0,0.0,0.0,0,0.0,0,0.0,Unavailable,0.0,0,774,0.0,,,,0.0,0
2026-08-28,2026-08-28 15:24,1,True,198,Henderson,CRY,GKP,5.0,1.8,2.0,2,2,2.0,90,1,0,0,0.0,0.0,0.0,0,0.0,0,2.6,Available,100.0,5609,13184,0.0,,,,-18.7,-1
2026-08-28,2026-08-28 15:24,1,True,199,Benitez,CRY,GKP,4.5,0.1,0.0,0,0,0.0,0,0,0,0,0.0,0.0,0.0,0,0.0,0,1.9,Available,,447,1256,0.0,,,,-32.2,-2
2026-08-28,2026-08-28 15:24,1,True,200,Lacroix,CHE,DEF,6.0,9.5,6.0,6,6,6.0,90,1,0,1,0.0,0.2,0.2,12,12.0,0,2.8,Available,,60553,42373,0.0,,,,8.7,1
2026-08-28,2026-08-28 15:24,1,True,201,Muñoz,CRY,DEF,5.5,8.3,0.0,0,0,0.0,54,1,0,0,0.23,0.01,0.24,4,6.67,0,2.5,Available,,15229,117742,0.0,,,,-58.4,-3
2026-08-28,2026-08-28 15:24,1,True,202,Richards,CRY,DEF,5.0,0.7,3.0,3,3,3.0,90,1,0,0,0.0,0.0,0.0,16,16.0,0,2.2,Available,,4026,6055,0.0,,,,-11.7,-1
2026-08-28,2026-08-28 15:24,1,True,203,Canvot,CRY,DEF,5.0,0.3,1.0,1,1,1.0,90,1,0,0,0.05,0.01,0.06,8,8.0,0,2.2,Available,,787,3754,0.0,,,,-45.5,-3
2026-08-28,2026-08-28 15:24,1,True,204,Mitchell,CRY,DEF,4.5,5.6,1.0,1,1,1.0,90,1,0,0,0.0,0.01,0.01,5,5.0,0,1.7,Available,,5751,47359,0.0,,,,-29.1,-2
2026-08-28,2026-08-28 15:24,1,True,205,Sosa,CRY,DEF,4.5,0.0,0.0,0,0,0.0,0,0,0,0,0.0,0.0,0.0,0,0.0,0,1.7,Available,,124,342,0.0,,,,-30.7,-2
2026-08-28,2026-08-28 15:24,1,True,206,Chadi Riad,CRY,DEF,4.5,0.0,1.0,1,1,1.0,72,1,0,0,0.0,0.01,0.01,7,8.75,0,0.0,Injured,0.0,306,2736,0.0,,,,-105.0,-5
2026-08-28,2026-08-28 15:24,1,True,207,Mingueza,CRY,DEF,4.5,0.1,0.0,0,0,0.0,0,0,0,0,0.0,0.0,0.0,0,0.0,0,1.7,Available,,194,1219,0.0,,,,-68.3,-3
2026-08-28,2026-08-28 15:24,1,True,208,Sarr,CRY,MID,6.4,2.4,0.0,0,0,0.0,0,0,0,0,0.0,0.0,0.0,0,0.0,0,0.0,Injured,0.0,2090,192085,-0.1,2.0,,,-17.0,-1
2026-08-28,2026-08-28 15:24,1,True,209,Johnson,EVE,MID,6.0,0.2,1.0,1,1,1.0,6,0,0,0,0.0,0.0,0.0,2,30.0,0,2.2,Available,,687,2408,0.0,,,,-54.0,-3
2026-08-28,2026-08-28 15:24,1,True,210,Wharton,CRY,MID,5.5,0.9,4.0,4,4,4.0,90,1,0,0,0.0,0.24,0.24,14,14.0,0,2.0,Available,100.0,6262,7329,0.0,,1.0,,-3.0,-1
2026-08-28,2026-08-28 15:24,1,True,211,Yeremy,CRY,MID,5.5,0.2,1.0,1,1,1.0,35,0,0,0,0.06,0.02,0.08,5,12.86,0,2.0,Available,,286,2299,0.0,,2.0,1.0,-52.1,-3
2026-08-28,2026-08-28 15:24,1,True,212,Hughes,CRY,MID,4.5,10.8,0.0,0,0,0.0,0,0,0,0,0.0,0.0,0.0,0,0.0,0,1.0,Available,,19318,85295,0.0,,3.0,,-22.9,-2
2026-08-28,2026-08-28 15:24,1,True,213,Lerma,CRY,MID,5.0,0.1,0.0,0,0,0.0,0,0,0,0,0.0,0.0,0.0,0,0.0,0,1.5,Available,,194,1352,0.0,,,,-51.3,-3
2026-08-28,2026-08-28 15:24,1,True,214,Kamada,CRY,MID,5.0,0.3,3.0,3,3,3.0,90,1,0,0,0.0,0.27,0.27,14,14.0,0,1.5,Available,,1798,2897,0.0,,4.0,,-15.9,-1
2026-08-28,2026-08-28 15:24,1,True,215,Devenny,CRY,MID,5.0,0.0,0.0,0,0,0.0,0,0,0,0,0.0,0.0,0.0,0,0.0,0,1.5,Available,,67,168,0.0,3.0,,2.0,-41.6,-3
2026-08-28,2026-08-28 15:24,1,True,216,Esse,CRY,MID,5.0,0.0,0.0,0,0,0.0,0,0,0,0,0.0,0.0,0.0,0,0.0,0,1.5,Available,,204,563,0.0,,,,-38.3,-2
2026-08-28,2026-08-28 15:24,1,True,217,M.França,CRY,MID,5.0,0.0,0.0,0,0,0.0,0,0,0,0,0.0,0.0,0.0,0,0.0,0,1.5,Available,,16,670,0.0,,,,-116.8,-5
2026-08-28,2026-08-28 15:24,1,True,218,Doucouré,CRY,MID,5.0,0.1,0.0,0,0,0.0,0,0,0,0,0.0,0.0,0.0,0,0.0,0,1.5,Available,,239,1001,0.0,,,,-56.9,-3
2026-08-28,2026-08-28 15:24,1,True,219,J.Rak-Sakyi,CRY,MID,5.0,0.0,0.0,0,0,0.0,0,0,0,0,0.0,0.0,0.0,0,0.0,0,1.5,Available,,38,85,0.0,,,,-38.2,-2
2026-08-28,2026-08-28 15:24,1,True,220,Cardines,CRY,DEF,4.5,0.0,0.0,0,0,0.0,0,0,0,0,0.0,0.0,0.0,0,0.0,0,0.0,Unavailable,0.0,0,63,0.0,,,,0.0,0
2026-08-28,2026-08-28 15:24,1,True,221,Drakes-Thomas,CRY,MID,4.5,0.1,0.0,0,0,0.0,0,0,0,0,0.0,0.0,0.0,0,0.0,0,1.0,Available,,390,942,0.0,,,,-24.6,-2
2026-08-28,2026-08-28 15:24,1,True,222,Strand Larsen,CRY,FWD,6.0,0.5,1.0,1,1,1.0,27,0,0,0,0.25,0.01,0.26,0,0.0,0,2.0,Available,,1369,7256,0.0,,,,-58.8,-3
2026-08-28,2026-08-28 15:24,1,True,223,Mateta,CRY,FWD,6.5,5.2,2.0,2,2,2.0,62,1,0,0,0.7,0.02,0.72,5,7.26,0,2.1,Available,,22640,67128,0.0,1.0,,,-41.0,-3
2026-08-28,2026-08-28 15:24,1,True,224,Nketiah,CRY,FWD,5.5,0.5,1.0,1,1,1.0,55,1,0,0,0.6,0.58,1.18,3,4.91,0,1.8,Available,,3058,5467,0.0,,,,-22.1,-2
2026-08-28,2026-08-28 15:24,1,True,225,Uche,CRY,FWD,5.0,0.0,0.0,0,0,0.0,0,0,0,0,0.0,0.0,0.0,0,0.0,0,0.0,Unavailable,0.0,0,0,0.0,,,,0.0,0
2026-08-28,2026-08-28 15:24,1,True,226,Pickford,EVE,GKP,5.5,8.8,7.0,7,7,7.0,90,1,0,0,0.0,0.02,0.02,0,0.0,0,3.3,Available,,61071,26401,0.0,,,,12.9,1
2026-08-28,2026-08-28 15:24,1,True,227,Travers,EVE,GKP,5.0,0.0,0.0,0,0,0.0,0,0,0,0,0.0,0.0,0.0,0,0.0,0,2.6,Available,,275,389,0.0,,,,-16.8,-1
2026-08-28,2026-08-28 15:24,1,True,228,King,EVE,GKP,4.5,0.0,0.0,0,0,0.0,0,0,0,0,0.0,0.0,0.0,0,0.0,0,1.9,Available,,238,364,0.0,,,,-9.8,-1
2026-08-28,2026-08-28 15:24,1,True,229,Tarkowski,EVE,DEF,6.0,8.7,6.0,6,6,6.0,90,1,0,0,0.05,0.0,0.05,9,9.0,0,2.8,Available,,41166,33975,0.0,,,,3.0,1
2026-08-28,2026-08-28 15:24,1,True,230,Branthwaite,EVE,DEF,5.5,1.8,6.0,6,6,6.0,90,1,0,0,0.0,0.01,0.01,8,8.0,0,2.5,Available,,18289,8268,0.0,,,,5.0,1
2026-08-28,2026-08-28 15:24,1,True,231,Keane,EVE,DEF,5.0,1.4,0.0,0,0,0.0,0,0,0,0,0.0,0.0,0.0,0,0.0,0,2.2,Available,,3156,23398,0.0,,,,-69.3,-3
2026-08-28,2026-08-28 15:24,1,True,232,O'Brien,EVE,DEF,5.0,0.4,0.0,0,0,0.0,0,0,0,0,0.0,0.0,0.0,0,0.0,0,2.2,Available,,1361,7149,0.0,,,,-65.8,-3
2026-08-28,2026-08-28 15:24,1,True,233,Mykolenko,EVE,DEF,4.5,1.6,6.0,6,6,6.0,90,1,0,0,0.0,0.05,0.05,4,4.0,0,1.7,Available,,20437,8430,0.0,,,,5.0,1
2026-08-28,2026-08-28 15:24,1,True,234,Patterson,EVE,DEF,4.5,0.0,0.0,0,0,0.0,0,0,0,0,0.0,0.0,0.0,0,0.0,0,1.7,Available,,195,350,0.0,,,,-18.8,-1
2026-08-28,2026-08-28 15:24,1,True,235,Aznou,EVE,DEF,4.0,0.2,0.0,0,0,0.0,0,0,0,0,0.0,0.0,0.0,0,0.0,0,1.0,Available,,972,1617,0.0,,,,-10.6,-1
2026-08-28,2026-08-28 15:24,1,True,236,Dewsbury-Hall,EVE,MID,6.5,4.7,11.0,11,11,11.0,90,1,1,0,0.12,0.17,0.29,8,8.0,3,2.3,Available,,125428,25266,0.0,,2.0,,47.4,3
2026-08-28,2026-08-28 15:24,1,True,237,Ndiaye,EVE,MID,6.0,16.1,9.0,9,9,9.0,90,1,0,1,0.24,0.32,0.56,12,12.0,1,2.2,Available,,114955,53976,0.0,1.0,,,29.8,2
2026-08-28,2026-08-28 15:24,1,True,238,Grealish,MCI,MID,6.5,0.2,1.0,1,1,1.0,8,0,0,0,0.0,0.0,0.0,1,11.25,0,2.3,Available,100.0,1165,2212,0.0,,,,-22.2,-2
2026-08-28,2026-08-28 15:24,1,True,239,Garner,EVE,MID,6.0,0.1,1.0,1,1,1.0,11,0,0,0,0.0,0.03,0.03,1,8.18,0,2.2,Available,100.0,1439,1580,0.0,3.0,1.0,1.0,0.0,0
2026-08-28,2026-08-28 15:24,1,True,240,Iroegbunam,EVE,MID,5.0,0.0,0.0,0,0,0.0,0,0,0,0,0.0,0.0,0.0,0,0.0,0,0.0,Injured,0.0,21,333,0.0,,,,-52.8,-3
2026-08-28,2026-08-28 15:24,1,True,241,McNeil,CRY,MID,5.5,0.2,2.0,2,2,2.0,62,1,0,0,0.05,0.02,0.07,5,7.26,0,2.0,Available,,414,1675,0.0,,,,-33.2,-2
2026-08-28,2026-08-28 15:24,1,True,242,George,EVE,MID,5.5,0.3,3.0,3,3,3.0,83,1,0,0,0.18,0.08,0.26,7,7.59,0,2.0,Available,,2119,2312,0.0,,,,0.1,1
2026-08-28,2026-08-28 15:24,1,True,243,Alcaraz,EVE,MID,5.0,0.1,1.0,1,1,1.0,1,0,0,0,0.02,0.0,0.02,3,270.0,0,1.5,Available,,717,1081,0.0,,,,-14.2,-1
2026-08-28,2026-08-28 15:24,1,True,244,Armstrong,EVE,MID,5.0,0.2,8.0,8,8,8.0,90,1,0,1,0.0,0.04,0.04,16,16.0,0,1.5,Available,,11778,2318,0.0,,,,4.5,1
2026-08-28,2026-08-28 15:24,1,True,245,Dibling,EVE,MID,5.5,0.0,0.0,0,0,0.0,0,0,0,0,0.0,0.0,0.0,0,0.0,0,2.0,Available,,191,721,0.0,,,,-79.0,-3
2026-08-28,2026-08-28 15:24,1,True,246,Röhl,EVE,MID,5.0,0.1,3.0,3,3,3.0,90,1,0,0,0.0,0.06,0.06,9,9.0,0,1.5,Available,,478,603,0.0,,,,-4.3,-1
2026-08-28,2026-08-28 15:24,1,True,247,Hackney,EVE,MID,5.5,0.3,3.0,3,3,3.0,78,1,0,0,0.01,0.01,0.02,7,8.08,0,1.0,Doubtful,50.0,837,2840,0.0,,,,-20.0,-2
2026-08-28,2026-08-28 15:24,1,True,248,Beto,EVE,FWD,5.5,2.3,1.0,1,1,1.0,11,0,0,0,0.05,0.0,0.05,0,0.0,0,1.8,Available,,7392,40027,0.0,4.0,,,-66.5,-3
2026-08-28,2026-08-28 15:24,1,True,249,Barry,EVE,FWD,5.5,3.4,8.0,8,8,8.0,78,1,1,0,0.45,0.09,0.54,3,3.46,2,1.8,Available,,138228,20817,0.0,2.0,,,52.8,3
2026-08-28,2026-08-28 15:24,1,True,250,Leno,FUL,GKP,4.5,3.0,2.0,2,2,2.0,90,1,0,0,0.0,0.0,0.0,0,0.0,0,1.9,Available,,11388,10875,0.0,,,,0.9,1
2026-08-28,2026-08-28 15:24,1,True,251,Lecomte,FUL,GKP,4.0,1.2,0.0,0,0,0.0,0,0,0,0,0.0,0.0,0.0,0,0.0,0,1.0,Available,,1393,3837,0.0,,,,-7.2,-1
2026-08-28,2026-08-28 15:24,1,True,252,McNally,FUL,GKP,4.0,0.2,0.0,0,0,0.0,0,0,0,0,0.0,0.0,0.0,0,0.0,0,1.0,Available,,751,590,0.0,,,,0.1,1
2026-08-28,2026-08-28 15:24,1,True,253,Andersen,FUL,DEF,5.0,0.1,0.0,0,0,0.0,0,0,0,0,0.0,0.0,0.0,0,0.0,0,2.2,Available,100.0,2125,596,0.0,,,,0.0,0
2026-08-28,2026-08-28 15:24,1,True,254,Robinson,FUL,DEF,4.5,1.7,1.0,1,1,1.0,81,1,0,0,0.13,0.04,0.17,7,7.78,0,1.7,Available,,10649,9032,0.0,2.0,,,1.4,1
2026-08-28,2026-08-28 15:24,1,True,255,J.Cuenca,FUL,DEF,4.5,0.0,3.0,3,3,3.0,90,1,0,0,0.0,0.03,0.03,10,10.0,0,1.7,Available,,735,242,0.0,,,,0.2,1
2026-08-28,2026-08-28 15:24,1,True,256,Tete,FUL,DEF,4.5,0.3,0.0,0,0,0.0,0,0,0,0,0.0,0.0,0.0,0,0.0,0,1.7,Available,,320,1951,0.0,,,,-26.5,-2
2026-08-28,2026-08-28 15:24,1,True,257,Bassey,FUL,DEF,4.5,0.8,0.0,0,0,0.0,90,1,0,0,0.02,0.02,0.04,4,4.0,0,1.7,Available,,6602,5766,0.0,,,,0.9,1
2026-08-28,2026-08-28 15:24,1,True,258,Castagne,FUL,DEF,4.5,0.5,6.0,6,6,6.0,90,1,0,2,0.09,0.18,0.27,6,6.0,0,1.7,Available,,11092,2426,0.0,,,,3.4,1
2026-08-28,2026-08-28 15:24,1,True,259,Diop,IPS,DEF,4.0,17.0,2.0,2,2,2.0,90,1,0,0,0.0,0.01,0.01,5,5.0,0,1.0,Available,,25317,66485,0.0,,,,-6.6,-1
2026-08-28,2026-08-28 15:24,1,True,260,Wilson,LEE,MID,6.5,5.7,3.0,3,3,3.0,65,1,0,0,0.0,0.02,0.02,2,2.77,0,2.3,Available,,14263,53674,0.0,,2.0,,-29.6,-2
2026-08-28,2026-08-28 15:24,1,True,261,Iwobi,FUL,MID,5.5,1.0,2.0,2,2,2.0,90,1,0,0,0.0,0.04,0.04,10,10.0,0,2.0,Available,,5706,8792,0.0,3.0,1.0,1.0,-9.2,-1
2026-08-28,2026-08-28 15:24,1,True,262,Smith Rowe,FUL,MID,5.5,0.4,0.0,0,0,0.0,0,0,0,0,0.0,0.0,0.0,0,0.0,0,2.0,Available,,1323,4458,0.0,,,,-38.0,-2
2026-08-28,2026-08-28 15:24,1,True,263,Kevin,FUL,MID,5.5,0.1,1.0,1,1,1.0,17,0,0,0,0.0,0.01,0.01,3,15.88,0,2.0,Available,,400,824,0.0,,3.0,,-36.2,-2
2026-08-28,2026-08-28 15:24,1,True,264,Bobb,FUL,MID,5.5,0.3,2.0,2,2,2.0,66,1,0,0,0.0,0.26,0.26,6,8.18,0,2.0,Available,,4252,2858,0.0,,2.0,,0.9,1
2026-08-28,2026-08-28 15:24,1,True,265,Berge,FUL,MID,5.0,0.4,2.0,2,2,2.0,72,1,0,0,0.03,0.03,0.06,4,5.0,0,1.5,Available,,1399,3135,0.0,,,,-15.1,-1
2026-08-28,2026-08-28 15:24,1,True,266,Cairney,FUL,MID,5.0,0.0,0.0,0,0,0.0,0,0,0,0,0.0,0.0,0.0,0,0.0,0,0.0,Injured,0.0,12,110,0.0,,,,-50.4,-3
2026-08-28,2026-08-28 15:24,1,True,267,Lukić,IPS,MID,5.0,0.1,5.0,5,5,5.0,90,1,0,1,0.0,0.02,0.02,6,6.0,0,1.5,Available,,1111,1217,0.0,,4.0,,-2.1,-1
2026-08-28,2026-08-28 15:24,1,True,268,King,FUL,MID,5.5,0.6,7.0,7,7,7.0,90,1,1,0,0.17,0.04,0.21,8,8.0,0,2.0,Available,,32228,3841,0.0,,,,13.6,1
2026-08-28,2026-08-28 15:24,1,True,269,Sessegnon,FUL,DEF,4.5,0.4,1.0,1,1,1.0,17,0,0,0,0.03,0.0,0.03,1,5.29,0,1.7,Available,,913,2819,0.0,,,,-17.7,-1
2026-08-28,2026-08-28 15:24,1,True,270,Reed,FUL,MID,4.5,1.4,0.0,0,0,0.0,0,0,0,0,0.0,0.0,0.0,0,0.0,0,1.0,Available,,5363,13719,0.0,,,,-19.2,-1
2026-08-28,2026-08-28 15:24,1,True,271,Muniz,FUL,FWD,5.5,0.6,1.0,1,1,1.0,8,0,0,0,0.02,0.0,0.02,1,11.25,0,1.8,Available,,2641,6468,0.0,,,,-30.4,-2
2026-08-28,2026-08-28 15:24,1,True,272,Kusi-Asare,FUL,FWD,4.5,6.9,0.0,0,0,0.0,0,0,0,0,0.0,0.0,0.0,0,0.0,0,1.0,Available,,22708,41914,0.0,,,,-6.5,-1
2026-08-28,2026-08-28 15:24,1,True,273,Phillips,HUL,GKP,4.0,1.5,0.0,0,0,0.0,0,0,0,0,0.0,0.0,0.0,0,0.0,0,1.0,Available,,2989,6629,0.0,,,,-8.7,-1
2026-08-28,2026-08-28 15:24,1,True,274,Butland,HUL,GKP,4.5,0.1,0.0,0,0,0.0,0,0,0,0,0.0,0.0,0.0,0,0.0,0,0.0,Injured,0.0,118,1673,0.0,,,,-28.6,-2
2026-08-28,2026-08-28 15:24,1,True,275,Cartwright,HUL,GKP,4.0,0.0,0.0,0,0,0.0,0,0,0,0,0.0,0.0,0.0,0,0.0,0,0.0,Unavailable,0.0,0,110,0.0,,,,0.0,0
2026-08-28,2026-08-28 15:24,1,True,276,Lo-Tutala,HUL,GKP,4.0,0.0,0.0,0,0,0.0,0,0,0,0,0.0,0.0,0.0,0,0.0,0,0.0,Unavailable,0.0,0,370,0.0,,,,0.0,0
2026-08-28,2026-08-28 15:24,1,True,277,Egan,HUL,DEF,4.0,2.0,8.0,8,8,8.0,90,1,0,0,0.0,0.0,0.0,21,21.0,0,1.0,Available,,41521,10532,0.0,,,,12.9,1
2026-08-28,2026-08-28 15:24,1,True,278,Hughes,HUL,DEF,4.0,0.1,0.0,0,0,0.0,0,0,0,0,0.0,0.0,0.0,0,0.0,0,0.0,Injured,0.0,97,2252,0.0,,,,-37.0,-2
2026-08-28,2026-08-28 15:24,1,True,279,Ajayi,HUL,DEF,4.0,1.9,14.0,14,14,14.0,63,1,1,0,0.52,0.0,0.52,7,10.0,2,1.0,Available,100.0,72375,14971,0.0,,,,24.9,2
2026-08-28,2026-08-28 15:24,1,True,280,Coyle,HUL,DEF,4.0,0.6,6.0,6,6,6.0,69,1,0,0,0.0,0.01,0.01,2,2.61,0,1.0,Available,100.0,2349,4911,0.0,,,,-18.1,-1
2026-08-28,2026-08-28 15:24,1,True,281,Drameh,HUL,DEF,4.0,0.1,1.0,1,1,1.0,20,0,0,0,0.05,0.0,0.05,3,13.5,0,1.0,Available,100.0,1074,392,0.0,,,,0.0,0
2026-08-28,2026-08-28 15:24,1,True,282,Giles,HUL,DEF,4.0,0.9,6.0,6,6,6.0,84,1,0,0,0.02,0.07,0.09,6,6.43,0,1.0,Available,,12414,3916,0.0,,1.0,1.0,3.8,1
2026-08-28,2026-08-28 15:24,1,True,283,Jacob,HUL,DEF,4.0,0.0,0.0,0,0,0.0,0,0,0,0,0.0,0.0,0.0,0,0.0,0,0.0,Injured,0.0,55,217,0.0,,,,-24.7,-2
2026-08-28,2026-08-28 15:24,1,True,284,McCarthy,HUL,DEF,4.0,0.1,0.0,0,0,0.0,0,0,0,0,0.0,0.0,0.0,0,0.0,0,1.0,Available,,646,917,0.0,,,,-9.3,-1
2026-08-28,2026-08-28 15:24,1,True,285,McNair,HUL,DEF,4.0,0.1,1.0,1,1,1.0,26,0,0,0,0.0,0.0,0.0,2,6.92,0,1.0,Available,,622,661,0.0,,,,0.0,0
2026-08-28,2026-08-28 15:24,1,True,286,Belloumi,HUL,MID,5.0,0.6,3.0,3,3,3.0,90,1,0,0,0.05,0.03,0.08,10,10.0,0,1.5,Available,,13206,3802,0.0,,3.0,2.0,5.1,1
2026-08-28,2026-08-28 15:24,1,True,287,Millar,HUL,MID,5.0,0.1,0.0,0,0,0.0,19,0,0,0,0.0,0.0,0.0,3,14.21,0,1.5,Available,,288,931,0.0,,,,-47.2,-3
2026-08-28,2026-08-28 15:24,1,True,288,Dowell,HUL,MID,4.5,0.4,0.0,0,0,0.0,0,0,0,0,0.0,0.0,0.0,0,0.0,0,1.0,Available,,1649,4056,0.0,,,,-22.9,-2
2026-08-28,2026-08-28 15:24,1,True,289,Crooks,HUL,MID,4.5,0.7,2.0,2,2,2.0,90,1,0,0,0.0,0.0,0.0,9,9.0,0,1.0,Available,,9613,5389,0.0,,,,2.4,1
2026-08-28,2026-08-28 15:24,1,True,290,Slater,HUL,MID,4.5,3.9,6.0,6,6,6.0,90,1,0,1,0.0,0.44,0.44,3,3.0,0,1.0,Available,,86385,21158,0.0,,2.0,,30.6,2
2026-08-28,2026-08-28 15:24,1,True,291,Matazo,HUL,MID,4.5,0.0,0.0,0,0,0.0,0,0,0,0,0.0,0.0,0.0,0,0.0,0,0.0,Injured,0.0,59,92,0.0,,,,-8.4,-1
2026-08-28,2026-08-28 15:24,1,True,292,Ömür,HUL,MID,5.0,0.0,0.0,0,0,0.0,0,0,0,0,0.0,0.0,0.0,0,0.0,0,1.5,Available,,206,364,0.0,,,,-37.5,-2
2026-08-28,2026-08-28 15:24,1,True,293,Kamara,HUL,MID,5.0,0.0,0.0,0,0,0.0,0,0,0,0,0.0,0.0,0.0,0,0.0,0,0.0,Unavailable,0.0,0,195,0.0,,,,0.0,0
2026-08-28,2026-08-28 15:24,1,True,294,Zambrano,HUL,MID,4.5,0.1,0.0,0,0,0.0,0,0,0,0,0.0,0.0,0.0,0,0.0,0,0.0,Injured,0.0,462,2073,0.0,,,,-26.3,-2
2026-08-28,2026-08-28 15:24,1,True,295,McBurnie,HUL,FWD,5.5,2.2,5.0,5,5,5.0,90,1,0,1,0.16,0.01,0.17,5,5.0,0,1.8,Available,,77511,14951,0.0,1.0,,,30.2,2
2026-08-28,2026-08-28 15:24,1,True,296,Akintola,HUL,MID,5.0,0.0,0.0,0,0,0.0,0,0,0,0,0.0,0.0,0.0,0,0.0,0,1.5,Available,,891,910,0.0,,,,0.0,0
2026-08-28,2026-08-28 15:24,1,True,297,Gyabi,HUL,MID,4.5,0.0,0.0,0,0,0.0,0,0,0,0,0.0,0.0,0.0,0,0.0,0,0.0,Injured,0.0,61,510,0.0,,,,-31.6,-2
2026-08-28,2026-08-28 15:24,1,True,298,Destan,HUL,FWD,4.5,0.3,0.0,0,0,0.0,0,0,0,0,0.0,0.0,0.0,0,0.0,0,0.0,Unavailable,0.0,0,8628,0.0,,,,0.0,0
2026-08-28,2026-08-28 15:24,1,True,299,Burstow,HUL,FWD,4.5,0.1,0.0,0,0,0.0,0,0,0,0,0.0,0.0,0.0,0,0.0,0,0.0,Unavailable,0.0,0,1182,0.0,,,,0.0,0
2026-08-28,2026-08-28 15:24,1,True,300,Walton,IPS,GKP,4.5,0.5,0.0,0,0,0.0,0,0,0,0,0.0,0.0,0.0,0,0.0,0,1.9,Available,,204,4270,0.0,,,,-38.8,-2
2026-08-28,2026-08-28 15:24,1,True,301,Palmer,IPS,GKP,4.0,4.5,0.0,0,0,0.0,0,0,0,0,0.0,0.0,0.0,0,0.0,0,1.0,Available,,7255,16390,0.0,,,,-6.3,-1
2026-08-28,2026-08-28 15:24,1,True,302,Button,IPS,GKP,4.0,0.4,0.0,0,0,0.0,0,0,0,0,0.0,0.0,0.0,0,0.0,0,1.0,Available,,1848,1753,0.0,,,,0.1,1
2026-08-28,2026-08-28 15:24,1,True,303,Kipré,IPS,DEF,4.0,0.6,0.0,0,0,0.0,0,0,0,0,0.0,0.0,0.0,0,0.0,0,1.0,Available,,322,4598,0.0,,,,-28.6,-2
2026-08-28,2026-08-28 15:24,1,True,304,O'Shea,IPS,DEF,4.0,3.4,4.0,4,4,4.0,90,1,0,0,0.0,0.16,0.16,18,18.0,0,1.0,Available,,14813,12987,0.0,,,,-0.0,0
2026-08-28,2026-08-28 15:24,1,True,305,Davis,IPS,DEF,4.0,4.9,2.0,2,2,2.0,90,1,0,0,0.0,0.01,0.01,7,7.0,0,1.0,Available,,6998,19914,0.0,,2.0,2.0,-8.4,-1
2026-08-28,2026-08-28 15:24,1,True,306,Greaves,IPS,DEF,4.0,1.4,2.0,2,2,2.0,90,1,0,0,0.0,0.0,0.0,7,7.0,0,1.0,Available,,1562,5628,0.0,,,,-9.9,-1
2026-08-28,2026-08-28 15:24,1,True,307,Johnson,IPS,DEF,4.0,0.1,0.0,0,0,0.0,0,0,0,0,0.0,0.0,0.0,0,0.0,0,1.0,Available,,412,988,0.0,,,,-21.3,-2
2026-08-28,2026-08-28 15:24,1,True,308,Furlong,IPS,DEF,4.0,0.6,0.0,0,0,0.0,0,0,0,0,0.0,0.0,0.0,0,0.0,0,1.0,Available,,255,4102,0.0,,,,-26.0,-2
2026-08-28,2026-08-28 15:24,1,True,309,Núñez,IPS,MID,5.0,0.1,4.0,4,4,4.0,79,1,0,0,0.03,0.03,0.06,12,13.67,0,1.5,Available,,1128,1290,0.0,,1.0,1.0,-1.1,-1
2026-08-28,2026-08-28 15:24,1,True,310,Matusiwa,IPS,MID,5.0,0.0,0.0,0,0,0.0,0,0,0,0,0.0,0.0,0.0,0,0.0,0,0.0,Injured,0.0,8,105,0.0,,,,-50.3,-3
2026-08-28,2026-08-28 15:24,1,True,311,Burns,IPS,MID,5.0,0.0,0.0,0,0,0.0,0,0,0,0,0.0,0.0,0.0,0,0.0,0,0.0,Unavailable,0.0,0,187,0.0,,,,0.0,0
2026-08-28,2026-08-28 15:24,1,True,312,Taylor,IPS,MID,4.5,0.0,0.0,0,0,0.0,0,0,0,0,0.0,0.0,0.0,0,0.0,0,0.0,Injured,0.0,104,859,0.0,,,,-33.5,-2
2026-08-28,2026-08-28 15:24,1,True,313,Clarke,IPS,MID,5.5,0.3,7.0,7,7,7.0,19,0,1,0,0.1,0.0,0.1,2,9.47,1,2.0,Available,,3049,2285,0.0,1.0,3.0,3.0,0.5,1
2026-08-28,2026-08-28 15:24,1,True,314,Ogbene,IPS,MID,5.0,0.0,0.0,0,0,0.0,0,0,0,0,0.0,0.0,0.0,0,0.0,0,1.5,Available,,36,223,0.0,,,,-56.5,-3
2026-08-28,2026-08-28 15:24,1,True,315,Fatawu,IPS,MID,5.5,0.2,2.0,2,2,2.0,65,1,0,0,0.0,0.41,0.41,7,9.69,0,2.0,Available,,549,2586,0.0,,,,-43.8,-3
2026-08-28,2026-08-28 15:24,1,True,316,Emersonn,IPS,FWD,5.5,1.8,9.0,9,9,9.0,65,1,1,0,0.82,0.06,0.88,3,4.15,3,1.8,Available,,73722,15826,0.0,2.0,,,25.9,2
2026-08-28,2026-08-28 15:24,1,True,317,Hirst,IPS,FWD,5.0,0.2,0.0,0,0,0.0,0,0,0,0,0.0,0.0,0.0,0,0.0,0,0.0,Unavailable,0.0,0,8383,0.0,,,,0.0,0
2026-08-28,2026-08-28 15:24,1,True,318,Philogene,IPS,MID,5.5,0.1,0.0,0,0,0.0,0,0,0,0,0.0,0.0,0.0,0,0.0,0,0.0,Injured,0.0,106,3628,0.0,3.0,5.0,,-51.6,-3
2026-08-28,2026-08-28 15:24,1,True,319,Szmodics,IPS,MID,5.0,0.0,0.0,0,0,0.0,0,0,0,0,0.0,0.0,0.0,0,0.0,0,0.0,Unavailable,0.0,0,398,0.0,,,,0.0,0
2026-08-28,2026-08-28 15:24,1,True,320,Akpom,IPS,FWD,5.0,0.5,1.0,1,1,1.0,24,0,0,0,0.0,0.0,0.0,3,11.25,0,1.4,Available,,4433,5913,0.0,,,,-6.8,-1
2026-08-28,2026-08-28 15:24,1,True,321,Walle Egeli,IPS,FWD,4.5,2.5,1.0,1,1,1.0,10,0,0,0,0.0,0.0,0.0,0,0.0,0,1.0,Available,,37924,22187,0.0,,,,4.8,1
2026-08-28,2026-08-28 15:24,1,True,322,Al-Hamadi,IPS,FWD,5.0,0.1,0.0,0,0,0.0,0,0,0,0,0.0,0.0,0.0,0,0.0,0,0.0,Unavailable,0.0,755,2771,0.0,,,,0.0,0
2026-08-28,2026-08-28 15:24,1,True,323,McAteer,IPS,MID,4.5,1.4,1.0,1,1,1.0,24,0,0,0,0.0,0.0,0.0,3,11.25,0,1.0,Available,,5397,10948,0.0,,,,-12.8,-1
2026-08-28,2026-08-28 15:24,1,True,324,Mehmeti,IPS,MID,5.0,0.0,0.0,0,0,0.0,0,0,0,0,0.0,0.0,0.0,0,0.0,0,1.5,Available,,47,646,0.0,,,,-55.3,-3
2026-08-28,2026-08-28 15:24,1,True,325,Darlow,MUN,GKP,4.5,0.0,0.0,0,0,0.0,0,0,0,0,0.0,0.0,0.0,0,0.0,0,1.9,Available,100.0,228,247,0.0,,,,-0.8,-1
2026-08-28,2026-08-28 15:24,1,True,326,Perri,LEE,GKP,4.5,0.6,0.0,0,0,0.0,0,0,0,0,0.0,0.0,0.0,0,0.0,0,1.9,Available,,316,4985,0.0,,,,-40.0,-3
2026-08-28,2026-08-28 15:24,1,True,327,Bijol,LEE,DEF,5.0,0.9,10.0,10,10,10.0,90,1,0,0,0.11,0.0,0.11,12,12.0,2,2.2,Available,,42487,7682,0.0,,,,15.1,1
2026-08-28,2026-08-28 15:24,1,True,328,Struijk,BHA,DEF,5.0,0.2,0.0,0,0,0.0,0,0,0,0,0.0,0.0,0.0,0,0.0,0,2.2,Available,100.0,1378,2404,0.0,,,,-17.6,-1
2026-08-28,2026-08-28 15:24,1,True,329,Rodon,LEE,DEF,4.5,3.6,6.0,6,6,6.0,90,1,0,0,0.03,0.06,0.09,7,7.0,0,1.7,Available,,19854,11676,0.0,,,,2.8,1
2026-08-28,2026-08-28 15:24,1,True,330,Bogle,LEE,DEF,4.5,0.6,6.0,6,6,6.0,90,1,0,0,0.0,0.0,0.0,3,3.0,0,1.7,Available,,5665,2871,0.0,,,,1.4,1
2026-08-28,2026-08-28 15:24,1,True,331,Gudmundsson,LEE,DEF,4.5,0.0,0.0,0,0,0.0,0,0,0,0,0.0,0.0,0.0,0,0.0,0,1.3,Doubtful,75.0,60,961,0.0,,,,-0.1,-1
2026-08-28,2026-08-28 15:24,1,True,332,Justin,LEE,DEF,4.5,1.2,10.0,10,10,10.0,90,1,0,0,0.0,0.01,0.01,12,12.0,2,1.7,Available,,40121,8710,0.0,,,,11.9,1
2026-08-28,2026-08-28 15:24,1,True,333,Bornauw,LEE,DEF,4.5,0.0,0.0,0,0,0.0,0,0,0,0,0.0,0.0,0.0,0,0.0,0,0.0,Unavailable,0.0,0,165,0.0,,,,0.0,0
2026-08-28,2026-08-28 15:24,1,True,334,Muharemović,LEE,DEF,5.0,3.4,6.0,6,6,6.0,90,1,0,0,0.09,0.0,0.09,7,7.0,0,2.2,Available,,20524,10907,0.0,,,,4.5,1
2026-08-28,2026-08-28 15:24,1,True,335,Stach,LEE,MID,6.0,2.5,13.0,13,13,13.0,90,1,1,0,0.1,0.05,0.15,16,16.0,3,2.2,Available,,74764,12779,0.0,,1.0,1.0,27.7,2
2026-08-28,2026-08-28 15:24,1,True,336,Okafor,LEE,MID,6.0,0.4,1.0,1,1,1.0,24,0,0,0,0.0,0.16,0.16,5,18.75,0,2.2,Available,,1285,8470,0.0,,,,-85.0,-3
2026-08-28,2026-08-28 15:24,1,True,337,Aaronson,LEE,MID,5.5,0.9,3.0,3,3,3.0,81,1,0,0,0.01,0.01,0.02,7,7.78,0,2.0,Available,,2445,7815,0.0,,,3.0,-24.4,-2
2026-08-28,2026-08-28 15:24,1,True,338,Ampadu,LEE,MID,5.5,1.4,5.0,5,5,5.0,90,1,0,0,0.0,0.04,0.04,13,13.0,0,2.0,Available,,4265,8856,0.0,,,,-11.6,-1
2026-08-28,2026-08-28 15:24,1,True,339,Longstaff,LEE,MID,5.0,0.1,1.0,1,1,1.0,8,0,0,0,0.0,0.0,0.0,0,0.0,0,1.5,Available,,550,1553,0.0,,3.0,2.0,-33.7,-2
2026-08-28,2026-08-28 15:24,1,True,340,Gelhardt,HUL,MID,5.0,0.0,0.0,0,0,0.0,0,0,0,0,0.0,0.0,0.0,0,0.0,0,0.0,Injured,0.0,44,270,0.0,,,,-36.3,-2
2026-08-28,2026-08-28 15:24,1,True,341,Gnonto,LEE,MID,5.0,0.0,0.0,0,0,0.0,0,0,0,0,0.0,0.0,0.0,0,0.0,0,1.1,Doubtful,75.0,16,683,0.0,,,,0.0,0
2026-08-28,2026-08-28 15:24,1,True,342,Harrison,LEE,MID,5.0,0.0,0.0,0,0,0.0,0,0,0,0,0.0,0.0,0.0,0,0.0,0,0.0,Unavailable,0.0,0,35,0.0,,,,0.0,0
2026-08-28,2026-08-28 15:24,1,True,343,James,LEE,MID,5.0,0.1,0.0,0,0,0.0,0,0,0,0,0.0,0.0,0.0,0,0.0,0,1.5,Available,,797,1643,0.0,,,,-29.1,-2
2026-08-28,2026-08-28 15:24,1,True,344,Gruev,LEE,MID,5.0,0.0,0.0,0,0,0.0,0,0,0,0,0.0,0.0,0.0,0,0.0,0,0.0,Injured,0.0,7,128,0.0,,,,-64.2,-3
2026-08-28,2026-08-28 15:24,1,True,345,Tanaka,LEE,MID,5.0,0.2,0.0,0,0,0.0,0,0,0,0,0.0,0.0,0.0,0,0.0,0,1.5,Available,,865,4022,0.0,,4.0,,-70.2,-3
2026-08-28,2026-08-28 15:24,1,True,346,Calvert-Lewin,LEE,FWD,6.0,28.6,1.0,1,1,1.0,90,1,0,0,0.13,0.0,0.13,2,2.0,0,2.0,Available,,78593,174746,0.0,1.0,,,-12.8,-1
2026-08-28,2026-08-28 15:24,1,True,347,Nmecha,LEE,FWD,5.5,0.5,0.0,0,0,0.0,0,0,0,0,0.0,0.0,0.0,0,0.0,0,1.8,Available,,1828,8939,0.0,2.0,,,-67.7,-3
2026-08-28,2026-08-28 15:24,1,True,348,Piroe,LEE,FWD,5.0,0.1,0.0,0,0,0.0,0,0,0,0,0.0,0.0,0.0,0,0.0,0,0.0,Unavailable,0.0,0,5218,0.0,3.0,,,0.0,0
2026-08-28,2026-08-28 15:24,1,True,349,Mateo Joseph,LEE,FWD,4.5,0.1,0.0,0,0,0.0,0,0,0,0,0.0,0.0,0.0,0,0.0,0,0.0,Injured,0.0,314,1006,0.0,,,,-21.1,-2
2026-08-28,2026-08-28 15:24,1,True,350,A.Becker,LIV,GKP,5.5,3.8,2.0,2,2,2.0,90,1,0,0,0.0,0.0,0.0,0,0.0,0,3.3,Available,,23667,20068,0.0,,,,1.7,1
2026-08-28,2026-08-28 15:24,1,True,351,Mamardashvili,LIV,GKP,5.0,0.2,0.0,0,0,0.0,0,0,0,0,0.0,0.0,0.0,0,0.0,0,2.6,Available,,630,1979,0.0,,,,-45.7,-3
2026-08-28,2026-08-28 15:24,1,True,352,Woodman,LIV,GKP,4.0,1.1,0.0,0,0,0.0,0,0,0,0,0.0,0.0,0.0,0,0.0,0,1.0,Available,,3096,5299,0.0,,,,-6.5,-1
2026-08-28,2026-08-28 15:24,1,True,353,Pecsi,LIV,GKP,4.0,0.0,0.0,0,0,0.0,0,0,0,0,0.0,0.0,0.0,0,0.0,0,0.0,Unavailable,0.0,0,437,0.0,,,,0.0,0
2026-08-28,2026-08-28 15:24,1,True,354,Jaros,LIV,GKP,4.0,0.0,0.0,0,0,0.0,0,0,0,0,0.0,0.0,0.0,0,0.0,0,0.0,Injured,0.0,150,174,0.0,,,,-1.2,-1
2026-08-28,2026-08-28 15:24,1,True,355,Davies,LIV,GKP,4.0,0.1,0.0,0,0,0.0,0,0,0,0,0.0,0.0,0.0,0,0.0,0,1.0,Available,,616,689,0.0,,,,-0.9,-1
2026-08-28,2026-08-28 15:24,1,True,356,Virgil,LIV,DEF,6.5,19.6,2.0,2,2,2.0,90,1,0,0,0.25,0.01,0.26,11,11.0,0,3.1,Available,,70823,74921,0.0,,,,1.6,1
2026-08-28,2026-08-28 15:24,1,True,357,Frimpong,LIV,DEF,5.5,3.4,0.0,0,0,0.0,90,1,0,0,0.01,0.09,0.1,2,2.0,0,2.5,Available,,22781,31945,0.0,,,,-9.6,-1
2026-08-28,2026-08-28 15:24,1,True,358,Kerkez,LIV,DEF,5.5,3.5,0.0,0,0,0.0,90,1,0,0,0.02,0.02,0.04,7,7.0,0,2.5,Available,,14685,32562,0.0,,,,-21.8,-2
2026-08-28,2026-08-28 15:24,1,True,359,Gomez,LIV,DEF,5.0,0.0,0.0,0,0,0.0,0,0,0,0,0.0,0.0,0.0,0,0.0,0,0.0,Injured,0.0,71,398,0.0,,,,-38.9,-2
2026-08-28,2026-08-28 15:24,1,True,360,Bradley,LIV,DEF,5.0,0.0,0.0,0,0,0.0,0,0,0,0,0.0,0.0,0.0,0,0.0,0,0.0,Injured,0.0,78,212,0.0,,,,-25.0,-2
2026-08-28,2026-08-28 15:24,1,True,361,Lucky,LIV,DEF,4.0,0.1,0.0,0,0,0.0,0,0,0,0,0.0,0.0,0.0,0,0.0,0,1.0,Available,,586,1086,0.0,,,,-13.7,-1
2026-08-28,2026-08-28 15:24,1,True,362,Jacquet,LIV,DEF,5.0,2.4,1.0,1,1,1.0,69,1,0,0,0.0,0.02,0.02,3,3.91,0,2.2,Available,100.0,21581,17244,0.0,,,,3.3,1
2026-08-28,2026-08-28 15:24,1,True,363,Leoni,LIV,DEF,4.0,0.0,0.0,0,0,0.0,0,0,0,0,0.0,0.0,0.0,0,0.0,0,0.0,Injured,0.0,177,506,0.0,,,,-13.2,-1
2026-08-28,2026-08-28 15:24,1,True,364,Tsimikas,LIV,DEF,5.0,0.1,0.0,0,0,0.0,0,0,0,0,0.0,0.0,0.0,0,0.0,0,2.2,Available,,325,944,0.0,,,,-39.7,-2
2026-08-28,2026-08-28 15:24,1,True,365,Ramsay,LIV,DEF,4.0,0.2,0.0,0,0,0.0,0,0,0,0,0.0,0.0,0.0,0,0.0,0,0.0,Unavailable,0.0,638,3469,0.0,,,,0.0,0
2026-08-28,2026-08-28 15:24,1,True,366,Wirtz,LIV,MID,7.5,11.4,2.0,2,2,2.0,62,1,0,0,0.26,0.04,0.3,5,7.26,0,2.6,Available,,23825,114663,0.0,4.0,3.0,2.0,-37.3,-2
2026-08-28,2026-08-28 15:24,1,True,367,Gakpo,LIV,MID,7.0,6.4,12.0,12,12,12.0,90,1,1,0,0.3,0.15,0.45,12,12.0,3,2.5,Available,,192279,25791,0.0,3.0,2.0,,75.5,3
2026-08-28,2026-08-28 15:24,1,True,368,Szoboszlai,LIV,MID,7.0,43.3,8.0,8,8,8.0,90,1,1,0,0.85,0.27,1.12,7,7.0,1,2.5,Available,,229624,63288,0.0,1.0,1.0,1.0,76.1,3
2026-08-28,2026-08-28 15:24,1,True,369,Ngumoha,LIV,MID,6.0,1.1,2.0,2,2,2.0,62,1,0,0,0.04,0.02,0.06,3,4.35,0,2.2,Available,,5289,14007,0.0,,,,-36.0,-2
2026-08-28,2026-08-28 15:24,1,True,370,Chiesa,LIV,MID,5.5,0.1,0.0,0,0,0.0,0,0,0,0,0.0,0.0,0.0,0,0.0,0,0.0,Injured,0.0,582,3322,0.0,,,,-45.1,-3
2026-08-28,2026-08-28 15:24,1,True,371,Gravenberch,LIV,MID,6.0,2.0,5.0,5,5,5.0,77,1,0,1,0.06,0.05,0.11,11,12.86,0,2.2,Available,,14137,14463,0.0,,,,0.9,1
2026-08-28,2026-08-28 15:24,1,True,372,Mac Allister,LIV,MID,5.5,1.6,1.0,1,1,1.0,27,0,0,0,0.0,0.01,0.01,3,10.0,0,2.0,Available,,6264,20458,0.0,5.0,,,-39.7,-2
2026-08-28,2026-08-28 15:24,1,True,373,C.Jones,LIV,MID,5.5,0.0,0.0,0,0,0.0,0,0,0,0,0.0,0.0,0.0,0,0.0,0,1.5,Doubtful,75.0,30,1088,0.0,,,,-81.9,-3
2026-08-28,2026-08-28 15:24,1,True,374,Endo,LIV,MID,5.0,0.1,0.0,0,0,0.0,0,0,0,0,0.0,0.0,0.0,0,0.0,0,1.5,Available,100.0,474,949,0.0,,,,-31.9,-2
2026-08-28,2026-08-28 15:24,1,True,375,Nyoni,LIV,MID,5.0,0.0,0.0,0,0,0.0,0,0,0,0,0.0,0.0,0.0,0,0.0,0,1.5,Available,,138,649,0.0,,,,-66.2,-3
2026-08-28,2026-08-28 15:24,1,True,376,Bajcetic,LIV,MID,5.0,0.0,0.0,0,0,0.0,0,0,0,0,0.0,0.0,0.0,0,0.0,0,0.0,Injured,0.0,8,28,0.0,,,,-18.6,-1
2026-08-28,2026-08-28 15:24,1,True,377,Munoz,LIV,MID,6.5,0.6,4.0,4,4,4.0,27,0,0,1,0.1,0.04,0.14,0,0.0,0,2.3,Available,,6131,5561,0.0,,,,0.6,1
2026-08-28,2026-08-28 15:24,1,True,378,McConnell,LIV,MID,4.5,0.3,0.0,0,0,0.0,0,0,0,0,0.0,0.0,0.0,0,0.0,0,1.0,Available,,872,2775,0.0,,,,-30.1,-2
2026-08-28,2026-08-28 15:24,1,True,379,Isak,LIV,FWD,9.0,16.4,2.0,2,2,2.0,90,1,0,0,1.09,0.01,1.1,1,1.0,0,2.7,Available,,67795,94957,0.0,2.0,,,-6.9,-1
2026-08-28,2026-08-28 15:24,1,True,380,Ekitiké,LIV,FWD,7.5,0.1,0.0,0,0,0.0,0,0,0,0,0.0,0.0,0.0,0,0.0,0,0.0,Injured,0.0,692,3710,0.0,,,,-42.1,-3
2026-08-28,2026-08-28 15:24,1,True,381,Koumas,LIV,MID,5.0,0.0,1.0,1,1,1.0,12,0,0,0,0.03,0.0,0.03,1,7.5,0,1.5,Available,,150,198,0.0,,,,-5.9,-1
2026-08-28,2026-08-28 15:24,1,True,382,Danns,LIV,FWD,4.5,0.0,0.0,0,0,0.0,0,0,0,0,0.0,0.0,0.0,0,0.0,0,0.0,Injured,0.0,298,536,0.0,,,,-10.9,-1
2026-08-28,2026-08-28 15:24,1,True,383,Elliott,LIV,MID,5.5,0.1,0.0,0,0,0.0,0,0,0,0,0.0,0.0,0.0,0,0.0,0,2.0,Available,,362,1171,0.0,,,,-57.7,-3
2026-08-28,2026-08-28 15:24,1,True,384,Donnarumma,MCI,GKP,5.5,8.3,3.0,3,3,3.0,90,1,0,0,0.0,0.0,0.0,0,0.0,0,3.3,Available,,32080,42890,0.0,,,,-4.1,-1
2026-08-28,2026-08-28 15:24,1,True,385,Trafford,LEE,GKP,5.0,4.3,9.0,9,9,9.0,90,1,0,0,0.0,0.0,0.0,0,0.0,2,2.6,Available,,60661,14103,0.0,,,,16.9,1
2026-08-28,2026-08-28 15:24,1,True,386,Bettinelli,MCI,GKP,4.5,0.0,0.0,0,0,0.0,0,0,0,0,0.0,0.0,0.0,0,0.0,0,1.9,Available,,128,223,0.0,,,,-13.1,-1
2026-08-28,2026-08-28 15:24,1,True,387,O'Reilly,MCI,DEF,6.5,20.9,2.0,2,2,2.0,62,1,0,0,0.07,0.41,0.48,2,2.9,0,3.1,Available,,65102,101398,0.0,,,,-6.6,-1
2026-08-28,2026-08-28 15:24,1,True,388,Guéhi,MCI,DEF,6.0,19.6,10.0,10,10,10.0,90,1,1,0,0.89,0.32,1.21,4,4.0,2,2.8,Available,,173548,39233,0.0,,,,53.3,3
2026-08-28,2026-08-28 15:24,1,True,389,Matheus N.,MCI,DEF,6.0,1.5,1.0,1,1,1.0,33,0,0,0,0.0,0.04,0.04,1,2.73,0,2.1,Doubtful,75.0,3018,15524,0.0,4.0,,,-10.1,-1
2026-08-28,2026-08-28 15:24,1,True,390,Rúben,MCI,DEF,5.5,1.8,2.0,2,2,2.0,90,1,0,0,0.0,0.14,0.14,6,6.0,0,2.5,Available,,9438,11935,0.0,,,,-1.9,-1
2026-08-28,2026-08-28 15:24,1,True,391,Gvardiol,MCI,DEF,5.5,13.8,9.0,9,9,9.0,90,1,1,0,0.19,0.05,0.24,7,7.0,1,2.5,Available,,212941,33216,0.0,,,,73.3,3
2026-08-28,2026-08-28 15:24,1,True,392,Aït-Nouri,MCI,DEF,5.5,0.8,0.0,0,0,0.0,0,0,0,0,0.0,0.0,0.0,0,0.0,0,2.5,Available,,2556,15835,0.0,,,,-82.5,-3
2026-08-28,2026-08-28 15:24,1,True,393,Khusanov,MCI,DEF,5.5,1.7,2.0,2,2,2.0,90,1,0,0,0.0,0.02,0.02,4,4.0,0,2.5,Available,,5882,13790,0.0,,,,-18.7,-1
2026-08-28,2026-08-28 15:24,1,True,394,Alleyne,MCI,DEF,5.0,0.0,0.0,0,0,0.0,0,0,0,0,0.0,0.0,0.0,0,0.0,0,0.0,Unavailable,0.0,0,349,0.0,,,,0.0,0
2026-08-28,2026-08-28 15:24,1,True,395,Lewis,MCI,DEF,4.5,0.3,1.0,1,1,1.0,56,1,0,0,0.17,0.02,0.19,2,3.21,0,1.7,Available,,3422,2392,0.0,,,,0.6,1
2026-08-28,2026-08-28 15:24,1,True,396,Vitor Reis,MCI,DEF,4.5,0.0,0.0,0,0,0.0,0,0,0,0,0.0,0.0,0.0,0,0.0,0,1.7,Available,,100,231,0.0,,,,-24.7,-2
2026-08-28,2026-08-28 15:24,1,True,397,Semenyo,MCI,MID,8.5,24.1,2.0,2,2,2.0,90,1,0,0,0.06,0.02,0.08,5,5.0,0,2.9,Available,,45546,161226,0.0,2.0,,,-20.2,-2
2026-08-28,2026-08-28 15:24,1,True,398,Foden,MCI,MID,7.0,4.1,1.0,1,1,1.0,81,1,0,0,0.12,0.4,0.52,6,6.67,0,2.5,Available,,18337,43042,0.0,,3.0,2.0,-28.0,-2
2026-08-28,2026-08-28 15:24,1,True,399,Cherki,MCI,MID,7.5,10.7,8.0,8,8,8.0,27,0,0,2,0.0,0.5,0.5,0,0.0,1,2.6,Available,,189334,39078,0.0,,1.0,1.0,69.5,3
2026-08-28,2026-08-28 15:24,1,True,400,Doku,MCI,MID,7.5,1.3,0.0,0,0,0.0,0,0,0,0,0.0,0.0,0.0,0,0.0,0,0.0,Injured,0.0,484,67379,0.0,3.0,,,-106.9,-5
2026-08-28,2026-08-28 15:24,1,True,401,Marmoush,TOT,FWD,7.0,1.3,0.0,0,0,0.0,0,0,0,0,0.0,0.0,0.0,0,0.0,0,2.2,Available,,33881,18577,0.0,2.0,,,6.0,1
2026-08-28,2026-08-28 15:24,1,True,402,Rodrigo,MCI,MID,6.5,0.0,0.0,0,0,0.0,0,0,0,0,0.0,0.0,0.0,0,0.0,0,0.0,Unavailable,0.0,0,786,0.0,,,,0.0,0
2026-08-28,2026-08-28 15:24,1,True,403,Sávio,TOT,MID,6.5,0.9,0.0,0,0,0.0,0,0,0,0,0.0,0.0,0.0,0,0.0,0,2.3,Available,,49087,6300,0.0,,,,20.0,2
2026-08-28,2026-08-28 15:24,1,True,404,Reijnders,MCI,MID,6.0,0.1,0.0,0,0,0.0,0,0,0,0,0.0,0.0,0.0,0,0.0,0,0.0,Unavailable,0.0,0,5503,0.0,,,,0.0,0
2026-08-28,2026-08-28 15:24,1,True,405,N.Gonzalez,NEW,MID,5.5,0.2,0.0,0,0,0.0,0,0,0,0,0.0,0.0,0.0,0,0.0,0,2.0,Available,,2106,1658,0.0,,,,0.2,1
2026-08-28,2026-08-28 15:24,1,True,406,Kovačić,MCI,MID,5.5,0.1,1.0,1,1,1.0,27,0,0,0,0.0,0.01,0.01,2,6.67,0,2.0,Available,,797,1229,0.0,,,,-20.7,-2
2026-08-28,2026-08-28 15:24,1,True,407,Echeverri,MCI,MID,5.0,0.0,0.0,0,0,0.0,0,0,0,0,0.0,0.0,0.0,0,0.0,0,1.5,Available,,91,280,0.0,,,,-50.4,-3
2026-08-28,2026-08-28 15:24,1,True,408,Phillips,MCI,MID,5.0,0.0,0.0,0,0,0.0,0,0,0,0,0.0,0.0,0.0,0,0.0,0,0.0,Unavailable,0.0,0,296,0.0,,,,0.0,0
2026-08-28,2026-08-28 15:24,1,True,409,Mukasa,MCI,MID,4.5,0.2,0.0,0,0,0.0,0,0,0,0,0.0,0.0,0.0,0,0.0,0,1.0,Available,,896,2374,0.0,,,,-35.7,-2
2026-08-28,2026-08-28 15:24,1,True,410,Monga,MCI,MID,5.0,0.0,0.0,0,0,0.0,0,0,0,0,0.0,0.0,0.0,0,0.0,0,1.5,Available,,76,269,0.0,,,,-54.8,-3
2026-08-28,2026-08-28 15:24,1,True,411,Haaland,MCI,FWD,15.5,67.8,2.0,2,2,2.0,90,1,0,0,0.74,0.02,0.76,3,3.0,0,4.0,Available,,64943,98065,0.0,1.0,,,-2.5,-1
2026-08-28,2026-08-28 15:24,1,True,412,Lammens,MUN,GKP,5.0,15.6,1.0,1,1,1.0,90,1,0,0,0.0,0.0,0.0,0,0.0,0,2.6,Available,,32412,84663,0.0,,,,-11.7,-1
2026-08-28,2026-08-28 15:24,1,True,413,Bayindir,MUN,GKP,4.5,0.0,0.0,0,0,0.0,0,0,0,0,0.0,0.0,0.0,0,0.0,0,0.0,Unavailable,0.0,0,578,0.0,,,,0.0,0
2026-08-28,2026-08-28 15:24,1,True,414,Heaton,MUN,GKP,4.0,0.1,0.0,0,0,0.0,0,0,0,0,0.0,0.0,0.0,0,0.0,0,0.0,Injured,0.0,201,982,0.0,,,,-15.2,-1
2026-08-28,2026-08-28 15:24,1,True,415,Dorgu,MUN,MID,6.0,1.1,0.0,0,0,0.0,45,1,0,0,0.47,0.03,0.5,1,2.0,0,2.2,Available,,4579,26944,0.0,,,,-103.1,-5
2026-08-28,2026-08-28 15:24,1,True,416,De Ligt,MUN,DEF,5.0,0.0,0.0,0,0,0.0,0,0,0,0,0.0,0.0,0.0,0,0.0,0,0.0,Injured,0.0,113,485,0.0,,,,-28.8,-2
2026-08-28,2026-08-28 15:24,1,True,417,Dalot,MUN,DEF,5.0,2.5,1.0,1,1,1.0,10,0,0,0,0.0,0.0,0.0,3,27.0,0,2.2,Available,,7830,31608,0.0,,,,-43.8,-3
2026-08-28,2026-08-28 15:24,1,True,418,Maguire,MUN,DEF,5.0,17.0,1.0,1,1,1.0,90,1,0,0,0.04,0.4,0.44,4,4.0,0,2.2,Available,,49498,100322,0.0,,,,-11.6,-1
2026-08-28,2026-08-28 15:24,1,True,419,Martinez,MUN,DEF,5.0,1.3,0.0,0,0,0.0,0,0,0,0,0.0,0.0,0.0,0,0.0,0,2.2,Available,100.0,6605,18576,0.0,,,,-44.4,-3
2026-08-28,2026-08-28 15:24,1,True,420,Yoro,MUN,DEF,5.0,0.6,0.0,0,0,0.0,0,0,0,0,0.0,0.0,0.0,0,0.0,0,2.2,Available,,1510,10211,0.0,,,,-67.2,-3
2026-08-28,2026-08-28 15:24,1,True,421,Heaven,MUN,DEF,4.5,0.4,1.0,1,1,1.0,90,1,0,0,0.12,0.04,0.16,2,2.0,0,1.7,Available,,2977,3985,0.0,,,,-10.2,-1
2026-08-28,2026-08-28 15:24,1,True,422,Mazraoui,MUN,DEF,4.5,0.7,1.0,1,1,1.0,79,1,0,0,0.22,0.05,0.27,5,5.7,0,1.7,Available,,5581,5849,0.0,,,,0.1,1
2026-08-28,2026-08-28 15:24,1,True,423,Shaw,MUN,DEF,4.5,19.6,1.0,1,1,1.0,90,1,0,0,0.0,0.26,0.26,4,4.0,0,1.7,Available,,40117,111258,0.0,,3.0,,-14.2,-1
2026-08-28,2026-08-28 15:24,1,True,424,Amass,MUN,DEF,4.0,0.2,0.0,0,0,0.0,0,0,0,0,0.0,0.0,0.0,0,0.0,0,1.0,Available,,853,1902,0.0,,,,-20.0,-2
2026-08-28,2026-08-28 15:24,1,True,425,Fredricson,MUN,DEF,4.0,0.0,0.0,0,0,0.0,0,0,0,0,0.0,0.0,0.0,0,0.0,0,0.0,Unavailable,0.0,0,670,0.0,,,,0.0,0
2026-08-28,2026-08-28 15:24,1,True,426,B.Fernandes,MUN,MID,12.0,48.2,2.0,2,2,2.0,90,1,0,0,0.08,0.26,0.34,6,6.0,0,4.0,Available,,45277,215128,0.0,1.0,1.0,1.0,-14.9,-1
2026-08-28,2026-08-28 15:24,1,True,427,Mbeumo,MUN,MID,8.0,35.8,2.0,2,2,2.0,90,1,0,0,0.5,0.23,0.73,4,4.0,0,2.8,Available,,76564,204900,0.0,2.0,2.0,2.0,-16.4,-1
2026-08-28,2026-08-28 15:24,1,True,428,Cunha,MUN,MID,8.0,9.4,2.0,2,2,2.0,79,1,0,0,0.24,0.21,0.45,3,3.42,0,2.8,Available,,25338,88004,0.0,,,,-30.7,-2
2026-08-28,2026-08-28 15:24,1,True,429,Rashford,MUN,MID,7.0,1.7,1.0,1,1,1.0,45,0,0,0,0.0,0.1,0.1,1,2.0,0,2.5,Available,,14302,20996,0.0,,,,-17.4,-1
2026-08-28,2026-08-28 15:24,1,True,430,Mount,MUN,MID,5.5,0.0,0.0,0,0,0.0,0,0,0,0,0.0,0.0,0.0,0,0.0,0,1.5,Doubtful,75.0,34,674,0.0,,,3.0,-41.7,-3
2026-08-28,2026-08-28 15:24,1,True,431,Amad,MUN,MID,5.9,1.0,0.0,0,0,0.0,0,0,0,0,0.0,0.0,0.0,0,0.0,0,0.0,Injured,0.0,1569,54451,-0.1,,4.0,,-16.4,-1
2026-08-28,2026-08-28 15:24,1,True,432,Mainoo,MUN,MID,5.5,0.9,1.0,1,1,1.0,23,0,0,0,0.07,0.01,0.08,1,3.91,0,2.0,Available,,3314,13167,0.0,,,,-51.8,-3
2026-08-28,2026-08-28 15:24,1,True,433,Ugarte,MUN,MID,5.0,0.0,0.0,0,0,0.0,0,0,0,0,0.0,0.0,0.0,0,0.0,0,0.0,Injured,0.0,22,84,0.0,,,,-31.7,-2
2026-08-28,2026-08-28 15:24,1,True,434,J.Fletcher,MUN,MID,5.0,0.0,0.0,0,0,0.0,0,0,0,0,0.0,0.0,0.0,0,0.0,0,1.5,Available,,41,162,0.0,,,,-47.3,-3
2026-08-28,2026-08-28 15:24,1,True,435,Lacey,MUN,MID,5.0,0.0,1.0,1,1,1.0,10,0,0,0,0.0,0.0,0.0,1,9.0,0,1.5,Available,,310,561,0.0,,,,-22.3,-2
2026-08-28,2026-08-28 15:24,1,True,436,Collyer,MUN,MID,5.0,0.0,0.0,0,0,0.0,0,0,0,0,0.0,0.0,0.0,0,0.0,0,1.5,Available,,59,228,0.0,,,,-46.2,-3
2026-08-28,2026-08-28 15:24,1,True,437,Bendito Mantato,MUN,MID,4.5,0.2,0.0,0,0,0.0,0,0,0,0,0.0,0.0,0.0,0,0.0,0,1.0,Available,,941,2294,0.0,,,,-29.5,-2
2026-08-28,2026-08-28 15:24,1,True,438,Fletcher,MUN,MID,4.5,0.3,0.0,0,0,0.0,0,0,0,0,0.0,0.0,0.0,0,0.0,0,1.0,Available,,1288,3857,0.0,,,,-32.6,-2
2026-08-28,2026-08-28 15:24,1,True,439,Šeško,MUN,FWD,7.0,1.8,1.0,1,1,1.0,23,0,0,0,0.04,0.0,0.04,0,0.0,0,2.2,Available,100.0,28834,14439,0.0,,,,7.3,1
2026-08-28,2026-08-28 15:24,1,True,440,Zirkzee,MUN,FWD,5.5,0.5,0.0,0,0,0.0,0,0,0,0,0.0,0.0,0.0,0,0.0,0,1.8,Available,,1995,12510,0.0,,,,-102.9,-5
2026-08-28,2026-08-28 15:24,1,True,441,Obi,MUN,FWD,4.5,1.1,0.0,0,0,0.0,0,0,0,0,0.0,0.0,0.0,0,0.0,0,1.0,Available,,6089,11097,0.0,,,,-17.8,-1
2026-08-28,2026-08-28 15:24,1,True,442,Pope,NEW,GKP,5.0,1.3,0.0,0,0,0.0,0,0,0,0,0.0,0.0,0.0,0,0.0,0,2.6,Available,,2595,11619,0.0,,,,-33.2,-2
2026-08-28,2026-08-28 15:24,1,True,443,Gillespie,NEW,GKP,4.5,0.0,0.0,0,0,0.0,0,0,0,0,0.0,0.0,0.0,0,0.0,0,1.9,Available,,156,219,0.0,,,,-5.8,-1
2026-08-28,2026-08-28 15:24,1,True,444,Jaouen,NEW,GKP,4.5,0.0,0.0,0,0,0.0,0,0,0,0,0.0,0.0,0.0,0,0.0,0,1.9,Available,,117,338,0.0,,,,-35.2,-2
2026-08-28,2026-08-28 15:24,1,True,445,Thiaw,NEW,DEF,5.0,1.8,3.0,3,3,3.0,90,1,0,0,0.0,0.0,0.0,15,15.0,0,2.2,Available,,18536,10252,0.0,,,,4.1,1
2026-08-28,2026-08-28 15:24,1,True,446,Schär,NEW,DEF,5.0,0.3,1.0,1,1,1.0,1,0,0,0,0.0,0.0,0.0,0,0.0,0,2.2,Available,100.0,1832,1800,0.0,,,2.0,0.2,1
2026-08-28,2026-08-28 15:24,1,True,447,Botman,NEW,DEF,5.0,0.5,3.0,3,3,3.0,90,1,0,0,0.0,0.01,0.01,10,10.0,0,2.2,Available,,8465,3140,0.0,,,,3.0,1
2026-08-28,2026-08-28 15:24,1,True,448,Burn,NEW,DEF,5.0,1.6,0.0,0,0,0.0,0,0,0,0,0.0,0.0,0.0,0,0.0,0,0.0,Injured,0.0,6237,72306,0.0,,,,-79.1,-3
2026-08-28,2026-08-28 15:24,1,True,449,Hall,NEW,DEF,5.0,4.1,3.0,3,3,3.0,90,1,0,0,0.0,0.35,0.35,11,11.0,0,2.2,Available,,50635,18434,0.0,,1.0,1.0,16.3,1
2026-08-28,2026-08-28 15:24,1,True,450,Livramento,NEW,DEF,5.0,0.0,0.0,0,0,0.0,0,0,0,0,0.0,0.0,0.0,0,0.0,0,0.0,Injured,0.0,88,1201,0.0,,,,-62.8,-3
2026-08-28,2026-08-28 15:24,1,True,451,A.Murphy,NEW,DEF,4.0,0.1,0.0,0,0,0.0,0,0,0,0,0.0,0.0,0.0,0,0.0,0,0.0,Unavailable,0.0,0,3209,0.0,,,,0.0,0
2026-08-28,2026-08-28 15:24,1,True,452,Bruno G.,ARS,MID,6.9,2.7,0.0,0,0,0.0,0,0,0,0,0.0,0.0,0.0,0,0.0,0,1.8,Doubtful,75.0,818,121143,-0.1,4.0,5.0,,-8.8,-1
2026-08-28,2026-08-28 15:24,1,True,453,Barnes,NEW,MID,6.0,1.1,2.0,2,2,2.0,90,1,0,0,0.07,0.02,0.09,8,8.0,0,2.2,Available,,13346,9642,0.0,,,,2.4,1
2026-08-28,2026-08-28 15:24,1,True,454,Elanga,NEW,MID,6.0,2.1,9.0,9,9,9.0,75,1,1,0,0.22,0.01,0.23,2,2.4,2,2.2,Available,,88670,11155,0.0,,4.0,,37.2,2
2026-08-28,2026-08-28 15:24,1,True,455,Tonali,TOT,MID,5.5,3.7,2.0,2,2,2.0,90,1,0,0,0.04,0.06,0.1,4,4.0,0,2.0,Available,,13245,49344,0.0,,2.0,5.0,-44.6,-3
2026-08-28,2026-08-28 15:24,1,True,456,J.Ramsey,NEW,MID,5.0,0.3,0.0,0,0,0.0,34,0,0,0,0.06,0.01,0.07,6,15.88,0,1.5,Available,,1387,4428,0.0,,,,-37.3,-2
2026-08-28,2026-08-28 15:24,1,True,457,J.Murphy,NEW,MID,6.0,0.2,0.0,0,0,0.0,14,0,0,0,0.0,0.0,0.0,2,12.86,0,2.2,Available,,686,2494,0.0,,2.0,,-55.0,-3
2026-08-28,2026-08-28 15:24,1,True,458,Joelinton,NEW,MID,5.5,0.0,0.0,0,0,0.0,0,0,0,0,0.0,0.0,0.0,0,0.0,0,0.0,Injured,0.0,47,1037,0.0,,,,-71.5,-3
2026-08-28,2026-08-28 15:24,1,True,459,L.Miley,NEW,MID,5.5,0.1,3.0,3,3,3.0,75,1,0,0,0.05,0.01,0.06,13,15.6,0,2.0,Available,100.0,1312,499,0.0,,3.0,,0.4,1
2026-08-28,2026-08-28 15:24,1,True,460,Willock,NEW,MID,5.0,0.2,6.0,6,6,6.0,34,0,1,0,0.09,0.17,0.26,3,7.94,0,1.5,Available,,8108,1823,0.0,,,,3.0,1
2026-08-28,2026-08-28 15:24,1,True,461,Touré,NEW,MID,6.0,0.2,0.0,0,0,0.0,0,0,0,0,0.0,0.0,0.0,0,0.0,0,2.2,Available,,486,4199,0.0,,,,-87.1,-3
2026-08-28,2026-08-28 15:24,1,True,462,Steur,NEW,MID,5.0,0.1,1.0,1,1,1.0,55,1,0,0,0.0,0.0,0.0,2,3.27,0,1.5,Available,,734,950,0.0,,,,-3.3,-1
2026-08-28,2026-08-28 15:24,1,True,463,Woltemade,NEW,FWD,6.0,1.5,0.0,0,0,0.0,0,0,0,0,0.0,0.0,0.0,0,0.0,0,2.0,Available,,6973,29284,0.0,1.0,,,-73.6,-3
2026-08-28,2026-08-28 15:24,1,True,464,Wissa,NEW,FWD,6.0,3.5,4.0,4,4,4.0,90,1,0,1,1.0,0.02,1.02,8,8.0,0,2.0,Available,,143378,22448,0.0,3.0,,,56.1,3
2026-08-28,2026-08-28 15:24,1,True,465,Osula,NEW,FWD,6.0,0.9,4.0,4,4,4.0,55,1,0,1,0.06,0.14,0.2,5,8.18,0,0.0,Injured,0.0,20314,23795,0.0,2.0,,,-6.8,-1
2026-08-28,2026-08-28 15:24,1,True,466,Neave,NEW,FWD,4.5,0.8,0.0,0,0,0.0,0,0,0,0,0.0,0.0,0.0,0,0.0,0,1.0,Available,,6181,7787,0.0,,,,-4.3,-1
2026-08-28,2026-08-28 15:24,1,True,467,Sels,NFO,GKP,5.0,1.5,2.0,2,2,2.0,90,1,0,0,0.0,0.0,0.0,0,0.0,0,2.6,Available,,3089,10807,0.0,,,,-20.8,-2
2026-08-28,2026-08-28 15:24,1,True,468,John,NFO,GKP,4.5,0.1,0.0,0,0,0.0,0,0,0,0,0.0,0.0,0.0,0,0.0,0,1.9,Available,,171,448,0.0,,,,-18.7,-1
2026-08-28,2026-08-28 15:24,1,True,469,N.Williams,NFO,DEF,5.0,8.9,2.0,2,2,2.0,90,1,0,0,0.0,0.02,0.02,6,6.0,0,2.2,Available,,13746,75896,0.0,,1.0,2.0,-29.9,-2
2026-08-28,2026-08-28 15:24,1,True,470,Morato,NFO,DEF,5.0,0.0,0.0,0,0,0.0,0,0,0,0,0.0,0.0,0.0,0,0.0,0,2.2,Available,,226,633,0.0,,,,-41.7,-3
2026-08-28,2026-08-28 15:24,1,True,471,Milenković,NFO,DEF,5.5,1.8,2.0,2,2,2.0,90,1,0,0,0.11,0.02,0.13,7,7.0,0,2.5,Available,,2515,15740,0.0,,,,-32.8,-2
2026-08-28,2026-08-28 15:24,1,True,472,Murillo,NFO,DEF,5.5,1.6,4.0,4,4,4.0,90,1,0,0,0.0,0.28,0.28,14,14.0,0,2.5,Available,100.0,8271,10954,0.0,,,3.0,-5.6,-1
2026-08-28,2026-08-28 15:24,1,True,473,Aina,NFO,DEF,4.5,3.5,5.0,5,5,5.0,73,1,0,0,0.04,0.17,0.21,2,2.47,0,1.7,Available,,16994,21330,0.0,,,,-4.0,-1
2026-08-28,2026-08-28 15:24,1,True,474,Jair Cunha,NFO,DEF,4.5,0.2,1.0,1,1,1.0,90,1,0,0,0.0,0.0,0.0,8,8.0,0,1.7,Available,,252,1473,0.0,,,,-24.0,-2
2026-08-28,2026-08-28 15:24,1,True,475,Savona,NFO,DEF,4.5,0.0,0.0,0,0,0.0,0,0,0,0,0.0,0.0,0.0,0,0.0,0,0.0,Injured,0.0,97,48,0.0,,,,0.0,0
2026-08-28,2026-08-28 15:24,1,True,476,O.Richards,NFO,DEF,4.0,0.2,0.0,0,0,0.0,0,0,0,0,0.0,0.0,0.0,0,0.0,0,1.0,Available,,482,1912,0.0,,,,-22.8,-2
2026-08-28,2026-08-28 15:24,1,True,477,Abbott,NFO,DEF,4.0,0.3,0.0,0,0,0.0,0,0,0,0,0.0,0.0,0.0,0,0.0,0,1.0,Available,,966,2115,0.0,,,,-14.7,-1
2026-08-28,2026-08-28 15:24,1,True,478,Netz,NFO,DEF,4.5,0.0,1.0,1,1,1.0,16,0,0,0,0.0,0.0,0.0,0,0.0,0,1.7,Available,,108,276,0.0,,,,-24.5,-2
2026-08-28,2026-08-28 15:24,1,True,479,Bindon,NFO,DEF,4.0,0.2,0.0,0,0,0.0,0,0,0,0,0.0,0.0,0.0,0,0.0,0,1.0,Available,,353,1346,0.0,,,,-19.3,-1
2026-08-28,2026-08-28 15:24,1,True,480,Gibbs-White,NFO,MID,8.0,8.4,2.0,2,2,2.0,90,1,0,0,0.13,0.06,0.19,3,3.0,0,2.8,Available,100.0,8229,267821,0.0,3.0,,1.0,-165.4,-5
2026-08-28,2026-08-28 15:24,1,True,481,Anderson,MCI,MID,6.4,6.1,2.0,2,2,2.0,62,1,0,0,0.0,0.25,0.25,6,8.71,0,2.3,Available,100.0,9164,148430,-0.1,,2.0,,-4.1,-1
2026-08-28,2026-08-28 15:24,1,True,482,Hudson-Odoi,NFO,MID,6.0,0.2,0.0,0,0,0.0,0,0,0,0,0.0,0.0,0.0,0,0.0,0,2.2,Available,100.0,698,5085,0.0,,,4.0,-103.1,-5
2026-08-28,2026-08-28 15:24,1,True,483,Ndoye,NFO,MID,5.5,0.4,3.0,3,3,3.0,61,1,0,0,0.0,0.0,0.0,3,4.43,0,2.0,Available,,1379,4851,0.0,,,,-39.1,-2
2026-08-28,2026-08-28 15:24,1,True,484,Hutchinson,NFO,MID,5.5,0.2,0.0,0,0,0.0,0,0,0,0,0.0,0.0,0.0,0,0.0,0,2.0,Available,,197,2082,0.0,,4.0,,-58.0,-3
2026-08-28,2026-08-28 15:24,1,True,485,Bakwa,NFO,MID,5.5,0.0,0.0,0,0,0.0,0,0,0,0,0.0,0.0,0.0,0,0.0,0,0.0,Unavailable,0.0,107,379,0.0,,,,0.0,0
2026-08-28,2026-08-28 15:24,1,True,486,McAtee,NFO,MID,5.5,0.1,3.0,3,3,3.0,73,1,0,0,0.0,0.16,0.16,8,9.86,0,2.0,Available,,634,439,0.0,,2.0,,0.1,1
2026-08-28,2026-08-28 15:24,1,True,487,Dominguez,NFO,MID,5.0,0.1,0.0,0,0,0.0,0,0,0,0,0.0,0.0,0.0,0,0.0,0,1.5,Available,,208,1006,0.0,,,,-46.2,-3
2026-08-28,2026-08-28 15:24,1,True,488,I.Sangaré,NFO,MID,5.0,0.9,2.0,2,2,2.0,90,1,0,0,0.03,0.01,0.04,6,6.0,0,0.0,Injured,0.0,2833,14694,0.0,,,,-23.4,-2
2026-08-28,2026-08-28 15:24,1,True,489,Yates,NFO,MID,4.5,1.4,0.0,0,0,0.0,0,0,0,0,0.0,0.0,0.0,0,0.0,0,1.0,Available,100.0,1279,36613,0.0,,,,-0.1,-1
2026-08-28,2026-08-28 15:24,1,True,490,Wood,NFO,FWD,6.0,1.6,1.0,1,1,1.0,28,0,0,0,0.12,0.01,0.13,1,3.21,0,2.0,Available,,4396,27316,0.0,1.0,,,-73.7,-3
2026-08-28,2026-08-28 15:24,1,True,491,Igor Jesus,NFO,FWD,6.0,3.7,2.0,2,2,2.0,90,1,0,0,0.22,0.02,0.24,3,3.0,0,2.0,Available,,9788,53602,0.0,4.0,,,-55.8,-3
2026-08-28,2026-08-28 15:24,1,True,492,Awoniyi,COV,FWD,5.5,0.8,1.0,1,1,1.0,20,0,0,0,0.0,0.0,0.0,1,4.5,0,1.8,Available,,7465,8666,0.0,5.0,,,-2.7,-1
2026-08-28,2026-08-28 15:24,1,True,493,Kalimuendo,NFO,FWD,5.5,0.1,1.0,1,1,1.0,1,0,0,0,0.0,0.0,0.0,0,0.0,0,1.8,Available,,331,705,0.0,,,,-36.9,-2
2026-08-28,2026-08-28 15:24,1,True,494,Vicario,TOT,GKP,4.5,0.2,0.0,0,0,0.0,0,0,0,0,0.0,0.0,0.0,0,0.0,0,0.0,Unavailable,0.0,0,11207,0.0,,,,0.0,0
2026-08-28,2026-08-28 15:24,1,True,495,Austin,TOT,GKP,4.0,0.9,0.0,0,0,0.0,0,0,0,0,0.0,0.0,0.0,0,0.0,0,1.0,Available,,3046,3523,0.0,,,,-0.4,-1
2026-08-28,2026-08-28 15:24,1,True,496,Kinsky,TOT,GKP,4.5,22.7,2.0,2,2,2.0,90,1,0,0,0.0,0.0,0.0,0,0.0,0,1.9,Available,,34116,77303,0.0,,,,-6.0,-1
2026-08-28,2026-08-28 15:24,1,True,497,Dubravka,TOT,GKP,4.0,18.5,0.0,0,0,0.0,0,0,0,0,0.0,0.0,0.0,0,0.0,0,1.0,Available,,33069,60343,0.0,,,,-4.8,-1
2026-08-28,2026-08-28 15:24,1,True,498,Senesi,TOT,DEF,6.0,7.6,3.0,3,3,3.0,90,1,0,0,0.0,0.02,0.02,16,16.0,0,2.8,Available,,15294,60107,0.0,,,,-25.4,-2
2026-08-28,2026-08-28 15:24,1,True,499,Pedro Porro,TOT,DEF,5.5,13.5,0.0,0,0,0.0,0,0,0,0,0.0,0.0,0.0,0,0.0,0,2.5,Available,100.0,18466,310292,0.0,,1.0,1.0,-0.4,-1
2026-08-28,2026-08-28 15:24,1,True,500,Romero,TOT,DEF,5.0,0.2,0.0,0,0,0.0,0,0,0,0,0.0,0.0,0.0,0,0.0,0,0.0,Unavailable,0.0,0,10620,0.0,,,,0.0,0
2026-08-28,2026-08-28 15:24,1,True,501,Danso,TOT,DEF,5.0,0.2,0.0,0,0,0.0,0,0,0,0,0.0,0.0,0.0,0,0.0,0,2.2,Available,,995,2316,0.0,,,,-32.1,-2
2026-08-28,2026-08-28 15:24,1,True,502,Robertson,TOT,DEF,4.5,3.8,3.0,3,3,3.0,90,1,0,0,0.0,0.06,0.06,11,11.0,0,1.7,Available,,20887,21954,0.0,,3.0,,1.0,1
2026-08-28,2026-08-28 15:24,1,True,503,Van de Ven,TOT,DEF,5.0,4.3,0.0,0,0,0.0,0,0,0,0,0.0,0.0,0.0,0,0.0,0,2.2,Available,100.0,7696,122705,0.0,,,,0.0,0
2026-08-28,2026-08-28 15:24,1,True,504,Vuskovic,BHA,DEF,5.0,2.5,6.0,6,6,6.0,90,1,0,0,0.13,0.03,0.16,4,4.0,0,2.2,Available,,20569,11667,0.0,,,,4.5,1
2026-08-28,2026-08-28 15:24,1,True,505,Spence,TOT,DEF,4.5,0.5,0.0,0,0,0.0,0,0,0,0,0.0,0.0,0.0,0,0.0,0,0.0,Unavailable,0.0,0,44980,0.0,,,,0.0,0
2026-08-28,2026-08-28 15:24,1,True,506,Udogie,TOT,DEF,4.5,0.5,1.0,1,1,1.0,4,0,0,0,0.0,0.02,0.02,0,0.0,0,1.7,Available,,1630,4434,0.0,,,,-26.0,-2
2026-08-28,2026-08-28 15:24,1,True,507,Phillips,TOT,DEF,4.5,0.0,0.0,0,0,0.0,0,0,0,0,0.0,0.0,0.0,0,0.0,0,0.0,Unavailable,0.0,0,646,0.0,,,,0.0,0
2026-08-28,2026-08-28 15:24,1,True,508,Davies,TOT,DEF,4.0,1.0,0.0,0,0,0.0,0,0,0,0,0.0,0.0,0.0,0,0.0,0,1.0,Available,,2766,8571,0.0,,,,-20.8,-2
2026-08-28,2026-08-28 15:24,1,True,509,Byfield,TOT,DEF,4.0,0.1,0.0,0,0,0.0,0,0,0,0,0.0,0.0,0.0,0,0.0,0,1.0,Available,,309,543,0.0,,,,-12.9,-1
2026-08-28,2026-08-28 15:24,1,True,510,Rowswell,TOT,DEF,4.0,0.1,0.0,0,0,0.0,0,0,0,0,0.0,0.0,0.0,0,0.0,0,1.0,Available,,318,667,0.0,,,,-15.1,-1
2026-08-28,2026-08-28 15:24,1,True,511,Souza,TOT,DEF,4.0,0.3,0.0,0,0,0.0,0,0,0,0,0.0,0.0,0.0,0,0.0,0,1.0,Available,,1135,2591,0.0,,,,-19.0,-1
2026-08-28,2026-08-28 15:24,1,True,512,Kudus,TOT,MID,6.5,0.1,0.0,0,0,0.0,0,0,0,0,0.0,0.0,0.0,0,0.0,0,1.7,Doubtful,75.0,261,2311,0.0,3.0,5.0,3.0,-1.4,-1
2026-08-28,2026-08-28 15:24,1,True,513,Xavi,TOT,MID,6.0,0.0,0.0,0,0,0.0,0,0,0,0,0.0,0.0,0.0,0,0.0,0,0.0,Injured,0.0,75,344,0.0,4.0,6.0,2.0,-37.8,-2
2026-08-28,2026-08-28 15:24,1,True,514,Tel,TOT,MID,6.0,0.5,2.0,2,2,2.0,90,1,0,0,0.06,0.06,0.12,8,8.0,0,2.2,Available,,3787,9598,0.0,,4.0,4.0,-56.1,-3
2026-08-28,2026-08-28 15:24,1,True,515,Maddison,TOT,MID,6.5,1.0,1.0,1,1,1.0,22,0,0,0,0.0,0.01,0.01,2,8.18,0,1.7,Doubtful,75.0,2683,33984,0.0,,,,-90.7,-3
2026-08-28,2026-08-28 15:24,1,True,516,Bentancur,TOT,MID,5.5,0.2,1.0,1,1,1.0,45,0,0,0,0.0,0.01,0.01,5,10.0,0,2.0,Available,,550,1899,0.0,,,,-32.6,-2
2026-08-28,2026-08-28 15:24,1,True,517,Odobert,TOT,MID,5.5,0.0,0.0,0,0,0.0,0,0,0,0,0.0,0.0,0.0,0,0.0,0,0.0,Injured,0.0,14,19,0.0,,,,-10.9,-1
2026-08-28,2026-08-28 15:24,1,True,518,P.M.Sarr,TOT,MID,4.9,0.2,0.0,0,0,0.0,0,0,0,0,0.0,0.0,0.0,0,0.0,0,0.0,Injured,0.0,97,10091,-0.1,,,,-6.7,-1
2026-08-28,2026-08-28 15:24,1,True,519,Gallagher,TOT,MID,5.5,0.3,0.0,0,0,0.0,45,1,0,0,0.02,0.06,0.08,3,6.0,0,2.0,Available,,1146,4357,0.0,,,,-57.9,-3
2026-08-28,2026-08-28 15:24,1,True,520,Bergvall,TOT,MID,5.5,0.2,1.0,1,1,1.0,45,1,0,0,0.0,0.01,0.01,8,16.0,0,2.0,Available,,607,2103,0.0,,,,-33.5,-2
2026-08-28,2026-08-28 15:24,1,True,521,Kulusevski,TOT,MID,6.5,0.0,0.0,0,0,0.0,0,0,0,0,0.0,0.0,0.0,0,0.0,0,0.0,Injured,0.0,75,233,0.0,,,,-31.9,-2
2026-08-28,2026-08-28 15:24,1,True,522,Gray,TOT,MID,5.0,0.2,2.0,2,2,2.0,85,1,0,0,0.0,0.01,0.01,5,5.29,0,1.5,Available,,1627,2414,0.0,,,,-11.4,-1
2026-08-28,2026-08-28 15:24,1,True,523,Moore,TOT,MID,5.0,0.2,2.0,2,2,2.0,67,1,0,0,0.38,0.02,0.4,2,2.69,0,1.5,Available,,2161,2358,0.0,,,,0.0,0
2026-08-28,2026-08-28 15:24,1,True,524,Olusesi,TOT,MID,4.5,0.8,0.0,0,0,0.0,0,0,0,0,0.0,0.0,0.0,0,0.0,0,1.0,Available,,1969,8991,0.0,,,,-34.6,-2
2026-08-28,2026-08-28 15:24,1,True,525,Fernandes,TOT,MID,6.0,1.6,1.0,1,1,1.0,45,0,0,0,0.0,0.06,0.06,2,4.0,0,2.2,Available,,4219,29643,0.0,,,,-77.7,-3
2026-08-28,2026-08-28 15:24,1,True,526,Solanke,TOT,FWD,6.0,1.3,1.0,1,1,1.0,22,0,0,0,0.07,0.0,0.07,0,0.0,0,2.0,Available,,7500,19631,0.0,1.0,,,-45.0,-3
2026-08-28,2026-08-28 15:24,1,True,527,Richarlison,TOT,FWD,6.0,2.8,2.0,2,2,2.0,67,1,0,0,0.0,0.0,0.0,1,1.34,0,2.0,Available,,13819,40491,0.0,5.0,,,-43.7,-3
2026-08-28,2026-08-28 15:24,1,True,528,Scarlett,TOT,FWD,4.5,1.7,0.0,0,0,0.0,0,0,0,0,0.0,0.0,0.0,0,0.0,0,1.0,Available,,12567,16534,0.0,,,,-5.2,-1
2026-08-28,2026-08-28 15:24,1,True,529,Roefs,SUN,GKP,5.0,3.9,1.0,1,1,1.0,90,1,0,0,0.0,0.0,0.0,0,0.0,0,2.6,Available,,4442,28314,0.0,,,,-21.2,-2
2026-08-28,2026-08-28 15:24,1,True,530,Patterson,SUN,GKP,4.0,0.2,0.0,0,0,0.0,0,0,0,0,0.0,0.0,0.0,0,0.0,0,0.0,Unavailable,0.0,0,2259,0.0,,,,0.0,0
2026-08-28,2026-08-28 15:24,1,True,531,Ellborg,SUN,GKP,4.5,0.1,0.0,0,0,0.0,0,0,0,0,0.0,0.0,0.0,0,0.0,0,1.9,Available,,199,818,0.0,,,,-30.9,-2
2026-08-28,2026-08-28 15:24,1,True,532,Ballard,SUN,DEF,5.0,5.0,0.0,0,0,0.0,90,1,0,0,0.0,0.01,0.01,9,9.0,0,2.2,Available,,11958,46368,0.0,,,,-28.6,-2
2026-08-28,2026-08-28 15:24,1,True,533,Mukiele,SUN,DEF,5.5,2.5,0.0,0,0,0.0,0,0,0,0,0.0,0.0,0.0,0,0.0,0,2.5,Available,100.0,5331,35264,0.0,,,,-55.3,-3
2026-08-28,2026-08-28 15:24,1,True,534,Hume,SUN,DEF,4.5,6.4,2.0,2,2,2.0,79,1,0,0,0.04,0.27,0.31,4,4.56,0,1.7,Available,,12610,35311,0.0,,3.0,,-12.3,-1
2026-08-28,2026-08-28 15:24,1,True,535,Alderete,SUN,DEF,5.0,0.4,1.0,1,1,1.0,23,0,0,0,0.0,0.01,0.01,0,0.0,0,2.2,Available,100.0,2499,4819,0.0,,,,-17.7,-1
2026-08-28,2026-08-28 15:24,1,True,536,Reinildo,SUN,DEF,4.5,0.4,1.0,1,1,1.0,90,1,0,0,0.0,0.29,0.29,8,8.0,0,1.7,Available,,928,3325,0.0,,,,-21.0,-2
2026-08-28,2026-08-28 15:24,1,True,537,Seelt,SUN,DEF,4.5,0.0,0.0,0,0,0.0,0,0,0,0,0.0,0.0,0.0,0,0.0,0,1.7,Available,,57,122,0.0,,,,-29.0,-2
2026-08-28,2026-08-28 15:24,1,True,538,Hjelde,SUN,DEF,4.0,0.1,0.0,0,0,0.0,0,0,0,0,0.0,0.0,0.0,0,0.0,0,0.0,Unavailable,0.0,0,970,0.0,,,,0.0,0
2026-08-28,2026-08-28 15:24,1,True,539,O'Nien,SUN,DEF,4.0,3.4,1.0,1,1,1.0,66,1,0,0,0.01,0.01,0.02,5,6.82,0,1.0,Available,,4427,16521,0.0,,,,-10.6,-1
2026-08-28,2026-08-28 15:24,1,True,540,Masuaku,SUN,DEF,4.0,0.2,0.0,0,0,0.0,0,0,0,0,0.0,0.0,0.0,0,0.0,0,0.0,Unavailable,0.0,0,4737,0.0,,,,0.0,0
2026-08-28,2026-08-28 15:24,1,True,541,Meunier,SUN,DEF,4.5,0.3,1.0,1,1,1.0,90,1,0,0,0.08,0.08,0.16,4,4.0,0,1.7,Available,100.0,953,1591,0.0,,,,-5.9,-1
2026-08-28,2026-08-28 15:24,1,True,542,E.Le Fée,SUN,MID,6.0,8.7,2.0,2,2,2.0,79,1,0,0,0.0,0.03,0.03,2,2.28,0,2.2,Available,,10569,107250,0.0,2.0,1.0,2.0,-52.5,-3
2026-08-28,2026-08-28 15:24,1,True,543,Diarra,SUN,MID,5.5,0.1,1.0,1,1,1.0,10,0,0,0,0.03,0.0,0.03,0,0.0,0,2.0,Available,,312,1114,0.0,1.0,,,-55.0,-3
2026-08-28,2026-08-28 15:24,1,True,544,Xhaka,SUN,MID,5.5,4.7,9.0,9,9,9.0,90,1,0,1,0.0,0.09,0.09,13,13.0,2,2.0,Available,,39783,17210,0.0,,2.0,1.0,11.5,1
2026-08-28,2026-08-28 15:24,1,True,545,Sadiki,SUN,MID,5.0,0.3,2.0,2,2,2.0,90,1,0,0,0.06,0.03,0.09,2,2.0,0,1.5,Available,,1098,3318,0.0,,,,-26.3,-2
2026-08-28,2026-08-28 15:24,1,True,546,Adingra,SUN,MID,5.0,0.1,0.0,0,0,0.0,0,0,0,0,0.0,0.0,0.0,0,0.0,0,0.0,Injured,0.0,50,3399,0.0,,,,-104.2,-5
2026-08-28,2026-08-28 15:24,1,True,547,Mundle,SUN,MID,5.0,0.0,0.0,0,0,0.0,0,0,0,0,0.0,0.0,0.0,0,0.0,0,1.5,Available,,37,146,0.0,,,,-58.6,-3
2026-08-28,2026-08-28 15:24,1,True,548,Rigg,SUN,MID,5.0,0.1,1.0,1,1,1.0,10,0,0,0,0.0,0.0,0.0,1,9.0,0,1.5,Available,,97,582,0.0,,,,-32.1,-2
2026-08-28,2026-08-28 15:24,1,True,549,Talbi,SUN,MID,5.5,0.2,1.0,1,1,1.0,31,0,0,0,0.0,0.0,0.0,2,5.81,0,2.0,Available,,275,2670,0.0,,,,-54.2,-3
2026-08-28,2026-08-28 15:24,1,True,550,Jocelin.T,SUN,MID,5.0,0.0,0.0,0,0,0.0,0,0,0,0,0.0,0.0,0.0,0,0.0,0,1.5,Available,,51,99,0.0,,,,-38.2,-2
2026-08-28,2026-08-28 15:24,1,True,551,Angulo,SUN,MID,5.0,0.1,5.0,5,5,5.0,58,1,1,0,0.15,0.01,0.16,7,10.86,0,1.5,Available,,5016,1299,0.0,,,3.0,1.8,1
2026-08-28,2026-08-28 15:24,1,True,552,Brobbey,SUN,FWD,6.0,12.8,2.0,2,2,2.0,66,1,0,0,0.3,0.0,0.3,0,0.0,0,2.0,Available,,35857,110761,0.0,,,,-23.3,-2
2026-08-28,2026-08-28 15:24,1,True,553,Isidor,SUN,FWD,5.5,0.9,1.0,1,1,1.0,23,0,0,0,0.0,0.0,0.0,0,0.0,0,1.8,Available,,2343,12088,0.0,,,,-51.2,-3
2026-08-28,2026-08-28 15:24,1,True,554,Van Oevelen,IPS,GKP,4.5,0.0,0.0,0,0,0.0,0,0,0,0,0.0,0.0,0.0,0,0.0,0,0.0,Unavailable,0.0,54,604,0.0,,,,0.0,0
2026-08-28,2026-08-28 15:24,1,True,555,Matthews,CRY,GKP,4.0,1.8,0.0,0,0,0.0,0,0,0,0,0.0,0.0,0.0,0,0.0,0,1.0,Available,,5697,6004,0.0,,,,0.3,1
2026-08-28,2026-08-28 15:24,1,True,556,Targett,HUL,DEF,4.0,2.3,1.0,1,1,1.0,5,0,0,0,0.0,0.0,0.0,0,0.0,0,1.0,Available,,5201,14699,0.0,,,,-14.0,-1
2026-08-28,2026-08-28 15:24,1,True,557,Tzolis,ARS,MID,6.5,26.1,6.0,6,6,6.0,75,1,0,1,0.19,0.14,0.33,6,7.2,0,2.3,Available,,224268,51570,0.0,,3.0,,87.5,3
2026-08-28,2026-08-28 15:24,1,True,558,Schlager,NFO,MID,5.0,0.1,1.0,1,1,1.0,16,0,0,0,0.0,0.0,0.0,1,5.62,0,1.5,Available,,150,1049,0.0,,3.0,,-39.4,-2
2026-08-28,2026-08-28 15:24,1,True,559,Bamba,NEW,MID,5.0,0.1,1.0,1,1,1.0,14,0,0,0,0.0,0.0,0.0,2,12.86,0,1.5,Available,,671,1577,0.0,,,,-25.9,-2
2026-08-28,2026-08-28 15:24,1,True,560,Penders,CHE,GKP,4.5,0.1,0.0,0,0,0.0,0,0,0,0,0.0,0.0,0.0,0,0.0,0,1.9,Available,,373,736,0.0,,,,-24.1,-2
2026-08-28,2026-08-28 15:24,1,True,561,Anselmino,CHE,DEF,4.5,0.0,0.0,0,0,0.0,0,0,0,0,0.0,0.0,0.0,0,0.0,0,1.7,Available,100.0,116,442,0.0,,,,-2.4,-1
2026-08-28,2026-08-28 15:24,1,True,562,Maeda,IPS,MID,5.5,0.4,2.0,2,2,2.0,79,1,0,0,0.61,0.0,0.61,9,10.25,0,2.0,Available,,719,3753,0.0,,,,-37.8,-2
2026-08-28,2026-08-28 15:24,1,True,563,Morita,HUL,MID,5.0,0.0,0.0,0,0,0.0,0,0,0,0,0.0,0.0,0.0,0,0.0,0,1.5,Available,100.0,107,322,0.0,,,,0.0,0
2026-08-28,2026-08-28 15:24,1,True,564,Scherpen,IPS,GKP,4.5,0.6,2.0,2,2,2.0,90,1,0,0,0.0,0.0,0.0,0,0.0,0,1.9,Available,,1264,3274,0.0,,,,-13.2,-1
2026-08-28,2026-08-28 15:24,1,True,565,M.Sangaré,BRE,MID,5.6,8.7,14.0,14,14,14.0,75,1,0,2,0.05,0.33,0.38,13,15.6,3,2.0,Available,,416332,21600,0.1,,,,24.0,2
2026-08-28,2026-08-28 15:24,1,True,566,Silva,BOU,DEF,5.0,0.4,2.0,2,2,2.0,90,1,0,0,0.0,0.0,0.0,13,13.0,0,2.2,Available,,6648,2063,0.0,,,,2.4,1
2026-08-28,2026-08-28 15:24,1,True,567,Horníček,NEW,GKP,5.0,0.7,1.0,1,1,1.0,90,1,0,0,0.0,0.0,0.0,0,0.0,0,2.6,Available,,5276,4003,0.0,,,,0.8,1
2026-08-28,2026-08-28 15:24,1,True,568,Barco,CHE,MID,5.5,0.1,0.0,0,0,0.0,0,0,0,0,0.0,0.0,0.0,0,0.0,0,2.0,Available,,458,1561,0.0,,,,-37.5,-2
2026-08-28,2026-08-28 15:24,1,True,569,Gonzalo,FUL,FWD,6.0,3.9,6.0,6,6,6.0,90,1,1,0,0.73,0.01,0.74,2,2.0,0,2.0,Available,,137651,15976,0.0,1.0,,,57.0,3
2026-08-28,2026-08-28 15:24,1,True,570,Palacios,FUL,MID,5.5,0.2,2.0,2,2,2.0,72,1,0,0,0.16,0.01,0.17,4,5.0,0,2.0,Available,,873,1679,0.0,,,,-15.4,-1
2026-08-28,2026-08-28 15:24,1,True,571,Florentino,IPS,MID,5.0,0.1,0.0,0,0,0.0,0,0,0,0,0.0,0.0,0.0,0,0.0,0,1.1,Doubtful,75.0,208,2020,0.0,,,,-41.6,-3
2026-08-28,2026-08-28 15:24,1,True,572,Tzolakis,HUL,GKP,4.5,2.9,10.0,10,10,10.0,90,1,0,0,0.0,0.0,0.0,0,0.0,3,1.9,Available,,96145,11543,0.0,,,,31.1,2
2026-08-28,2026-08-28 15:24,1,True,573,Sanchez,BOU,DEF,4.5,0.2,0.0,0,0,0.0,0,0,0,0,0.0,0.0,0.0,0,0.0,0,1.7,Available,,440,1375,0.0,,,,-18.2,-1
2026-08-28,2026-08-28 15:24,1,True,574,Hjertø-Dahl,HUL,MID,5.0,0.1,0.0,0,0,0.0,0,0,0,0,0.0,0.0,0.0,0,0.0,0,1.5,Available,,293,899,0.0,,,,-29.6,-2
2026-08-28,2026-08-28 15:24,1,True,575,Yirenkyi,COV,MID,5.0,0.2,1.0,1,1,1.0,61,1,0,0,0.0,0.0,0.0,3,4.43,0,1.5,Available,,927,2458,0.0,,,,-20.9,-2
2026-08-28,2026-08-28 15:24,1,True,576,Stroud,HUL,MID,5.0,0.1,3.0,3,3,3.0,70,1,0,0,0.0,0.03,0.03,6,7.71,0,1.5,Available,,1356,560,0.0,,,,0.3,1
2026-08-28,2026-08-28 15:24,1,True,577,Tomiyasu,CRY,DEF,4.5,0.4,1.0,1,1,1.0,18,0,0,0,0.0,0.01,0.01,1,5.0,0,1.7,Available,,797,2498,0.0,,,,-19.7,-1
2026-08-28,2026-08-28 15:24,1,True,578,Mudryk,CHE,MID,5.5,0.0,0.0,0,0,0.0,0,0,0,0,0.0,0.0,0.0,0,0.0,0,2.0,Available,,223,933,0.0,,,,-39.6,-2
2026-08-28,2026-08-28 15:24,1,True,579,Araujo,LIV,DEF,5.5,2.7,1.0,1,1,1.0,20,0,0,0,0.0,0.03,0.03,4,18.0,0,2.5,Available,,23387,32325,0.0,,,,-12.0,-1
2026-08-28,2026-08-28 15:24,1,True,580,Charles,FUL,MID,5.0,0.1,1.0,1,1,1.0,23,0,0,0,0.0,0.0,0.0,3,11.74,0,1.5,Available,,342,758,0.0,,,,-12.4,-1
2026-08-28,2026-08-28 15:24,1,True,581,Diomande,NFO,DEF,5.5,0.7,0.0,0,0,0.0,0,0,0,0,0.0,0.0,0.0,0,0.0,0,2.5,Available,,3407,11454,0.0,,,,-26.1,-2
2026-08-28,2026-08-28 15:24,1,True,582,Madjo,AVL,FWD,5.5,0.4,0.0,0,0,0.0,0,0,0,0,0.0,0.0,0.0,0,0.0,0,0.0,Injured,0.0,1143,8484,0.0,,,,-11.0,-1
2026-08-28,2026-08-28 15:24,1,True,583,Chavarria,CHE,DEF,5.0,0.2,1.0,1,1,1.0,25,0,0,0,0.0,0.0,0.0,1,3.6,0,2.2,Available,,1021,2392,0.0,,,,-12.7,-1
2026-08-28,2026-08-28 15:24,1,True,584,Hamer,COV,MID,5.5,0.1,1.0,1,1,1.0,8,0,0,0,0.0,0.0,0.0,1,11.25,0,2.0,Available,,359,1328,0.0,,,,-7.6,-1
2026-08-28,2026-08-28 15:24,1,True,585,Herrington,HUL,DEF,4.0,0.6,1.0,1,1,1.0,26,0,0,0,0.0,0.0,0.0,4,13.85,0,1.0,Available,,2729,3391,0.0,,,,-2.0,-1
2026-08-28,2026-08-28 15:24,1,True,586,Mendy,HUL,DEF,4.0,4.0,15.0,15,15,15.0,63,1,1,0,0.28,0.0,0.28,13,18.57,1,1.0,Available,100.0,164481,18466,0.0,,,,19.8,1
2026-08-28,2026-08-28 15:24,1,True,587,Rulli,MCI,GKP,5.0,0.0,0.0,0,0,0.0,0,0,0,0,0.0,0.0,0.0,0,0.0,0,2.6,Available,,91,216,0.0,,,,-6.6,-1
2026-08-28,2026-08-28 15:24,1,True,588,Khalaili,CRY,DEF,5.0,0.1,1.0,1,1,1.0,35,0,0,0,0.0,0.16,0.16,9,23.14,0,2.2,Available,,424,768,0.0,,,,0.0,0
2026-08-28,2026-08-28 15:24,1,True,589,Gourna-Douath,HUL,MID,5.0,0.0,0.0,0,0,0.0,0,0,0,0,0.0,0.0,0.0,0,0.0,0,1.5,Available,,134,293,0.0,,,,0.0,0
2026-08-28,2026-08-28 15:24,1,True,590,Benda,NFO,GKP,4.5,0.1,0.0,0,0,0.0,0,0,0,0,0.0,0.0,0.0,0,0.0,0,1.9,Available,,597,526,0.0,,,,0.0,0
2026-08-28,2026-08-28 15:24,1,True,591,Enciso,IPS,MID,5.5,0.5,5.0,5,5,5.0,70,1,0,1,0.23,0.31,0.54,8,10.29,0,2.0,Available,100.0,16484,4190,0.0,,,,0.0,0
2026-08-28,2026-08-28 15:24,1,True,592,Ouattara,IPS,DEF,4.0,1.0,1.0,1,1,1.0,10,0,0,0,0.0,0.0,0.0,2,18.0,0,1.0,Available,,2683,5503,0.0,,,,0.0,0
2026-08-28,2026-08-28 15:24,1,True,593,Dedić,NEW,DEF,4.5,0.4,1.0,1,1,1.0,90,1,0,0,0.03,0.0,0.03,9,9.0,0,1.7,Available,,9580,1992,0.0,,,,0.0,0
2026-08-28,2026-08-28 15:24,1,True,594,David,BHA,FWD,6.0,0.3,0.0,0,0,0.0,0,0,0,0,0.0,0.0,0.0,0,0.0,0,2.0,Available,,2451,3859,0.0,2.0,,,0.0,0
2026-08-28,2026-08-28 15:24,1,True,595,Gozo,CRY,MID,5.0,0.0,0.0,0,0,0.0,0,0,0,0,0.0,0.0,0.0,0,0.0,0,1.5,Available,,95,166,0.0,,,,0.0,0
2026-08-28,2026-08-28 15:24,1,True,596,Ruggeri,AVL,DEF,4.5,0.1,1.0,1,1,1.0,8,0,0,0,0.0,0.0,0.0,2,22.5,0,1.7,Available,,838,1032,0.0,,,,0.0,0
2026-08-28,2026-08-28 15:24,1,True,597,Suzuki,AVL,GKP,5.0,0.8,0.0,0,0,0.0,0,0,0,0,0.0,0.0,0.0,0,0.0,0,2.6,Available,,4057,6366,0.0,,,,0.0,0
2026-08-28,2026-08-28 15:24,1,True,598,Elvedi,LEE,DEF,4.5,0.0,0.0,0,0,0.0,0,0,0,0,0.0,0.0,0.0,0,0.0,0,1.7,Available,,342,265,0.0,,,,0.0,0
2026-08-28,2026-08-28 15:24,1,True,599,Cherif,COV,FWD,5.0,0.1,0.0,0,0,0.0,0,0,0,0,0.0,0.0,0.0,0,0.0,0,1.4,Available,,1634,1319,0.0,,,,0.0,0
2026-08-28,2026-08-28 15:24,1,True,600,Osman,BHA,MID,5.0,0.0,1.0,1,1,1.0,12,0,0,0,0.0,0.05,0.05,2,15.0,0,1.5,Available,,216,136,0.0,,,,0.0,0
2026-08-28,2026-08-28 15:24,1,True,601,Williams-Barnett,TOT,MID,4.5,0.1,0.0,0,0,0.0,0,0,0,0,0.0,0.0,0.0,0,0.0,0,1.0,Available,,2549,570,0.0,,,,0.0,0
2026-08-28,2026-08-28 15:24,1,True,602,Humphreys,IPS,MID,4.5,0.0,0.0,0,0,0.0,0,0,0,0,0.0,0.0,0.0,0,0.0,0,1.0,Available,,1233,323,0.0,,,,0.0,0
2026-08-28,2026-08-28 15:24,1,True,603,Lienou,LEE,DEF,4.0,0.1,0.0,0,0,0.0,0,0,0,0,0.0,0.0,0.0,0,0.0,0,1.0,Available,,1440,306,0.0,,,,0.0,0
2026-08-28,2026-08-28 15:24,1,True,604,Cresswell,LEE,MID,4.5,0.1,0.0,0,0,0.0,0,0,0,0,0.0,0.0,0.0,0,0.0,0,1.0,Available,,2913,687,0.0,,,,0.0,0
2026-08-28,2026-08-28 15:24,1,True,605,Yalcouyé,BHA,MID,4.5,0.1,1.0,1,1,1.0,4,0,0,0,0.0,0.01,0.01,0,0.0,0,1.0,Available,,4123,907,0.0,,,,0.0,0
2026-08-28,2026-08-28 15:24,1,True,606,Rowe,AVL,DEF,4.0,0.1,0.0,0,0,0.0,0,0,0,0,0.0,0.0,0.0,0,0.0,0,1.0,Available,,1465,238,0.0,,,,0.0,0
2026-08-28,2026-08-28 15:24,1,True,607,Lynch,AVL,MID,4.5,0.1,0.0,0,0,0.0,0,0,0,0,0.0,0.0,0.0,0,0.0,0,1.0,Available,,3512,803,0.0,,,,0.0,0
2026-08-28,2026-08-28 15:24,1,True,608,Jebbison,BOU,FWD,5.0,0.0,1.0,1,1,1.0,15,0,0,0,0.1,0.0,0.1,1,6.0,0,1.4,Available,,2322,400,0.0,,,,0.0,0
2026-08-28,2026-08-28 15:24,1,True,609,Shahar,NEW,DEF,4.0,0.1,0.0,0,0,0.0,0,0,0,0,0.0,0.0,0.0,0,0.0,0,1.0,Available,,3730,621,0.0,,,,0.0,0
2026-08-28,2026-08-28 15:24,1,True,610,De Fougerolles,FUL,DEF,4.0,0.1,0.0,0,0,0.0,0,0,0,0,0.0,0.0,0.0,0,0.0,0,0.8,Doubtful,75.0,2978,425,0.0,,,,0.0,0
2026-08-28,2026-08-28 15:24,1,True,611,Wan-Bissaka,AVL,DEF,4.5,0.0,0.0,0,0,0.0,0,0,0,0,0.0,0.0,0.0,0,0.0,0,1.7,Available,,1419,145,0.0,,,,0.0,0
2026-08-28,2026-08-28 15:24,1,True,612,Methalie,SUN,DEF,4.5,0.0,0.0,0,0,0.0,0,0,0,0,0.0,0.0,0.0,0,0.0,0,0.0,Suspended,0.0,87,22,0.0,,,,0.0,0
2026-08-28,2026-08-28 15:24,1,True,613,Ahoka,SUN,MID,4.5,0.1,0.0,0,0,0.0,0,0,0,0,0.0,0.0,0.0,0,0.0,0,1.0,Available,,2083,334,0.0,,,,0.0,0
2026-08-28,2026-08-28 15:24,1,True,614,Hadjam,BHA,DEF,4.5,0.0,0.0,0,0,0.0,0,0,0,0,0.0,0.0,0.0,0,0.0,0,1.7,Available,,930,44,0.0,,,,0.0,0
2026-08-28,2026-08-28 15:24,1,True,615,Di Gregorio,BOU,GKP,4.5,0.0,0.0,0,0,0.0,0,0,0,0,0.0,0.0,0.0,0,0.0,0,1.9,Available,,190,23,0.0,,,,0.0,0
2026-08-28,2026-08-28 15:24,1,True,616,Bouaddi,MCI,MID,5.5,0.0,0.0,0,0,0.0,0,0,0,0,0.0,0.0,0.0,0,0.0,0,2.0,Available,,2568,269,0.0,,,,0.0,0
2026-08-28,2026-08-28 15:24,1,True,617,Cho,HUL,MID,5.0,0.0,0.0,0,0,0.0,0,0,0,0,0.0,0.0,0.0,0,0.0,0,1.5,Available,,5,0,0.0,,,,0.0,0
2026-08-28,2026-08-28 15:24,1,True,618,Goretzka,AVL,MID,6.0,0.0,0.0,0,0,0.0,0,0,0,0,0.0,0.0,0.0,0,0.0,0,2.2,Available,,77,3,0.0,,,,0.0,0
2026-08-28,2026-08-28 15:24,1,True,619,Palacios,IPS,MID,5.0,0.0,0.0,0,0,0.0,0,0,0,0,0.0,0.0,0.0,0,0.0,0,1.5,Available,,34,2,0.0,,,,0.0,0
2026-08-28,2026-08-28 15:24,1,True,620,Diouf,BRE,DEF,4.5,0.0,0.0,0,0,0.0,0,0,0,0,0.0,0.0,0.0,0,0.0,0,1.7,Available,,53,0,0.0,,,,0.0,0
